:020000040800F2
:1000000040E000205D02000881AB00087F8E000800
:100010000FAA00084D1E000809F8000800000000A3
:100020000000000000000000000000009D0100082A
:10003000453A000800000000F901000815C1000859
:1000400077020008770200087702000877020008AC
:10005000770200087702000877020008770200089C
:1000600077020008993B0008A33B000877020008CC
:10007000C1380008770200087702000877020008FC
:10008000770200087702000877020008611F000865
:100090006D1E00087702000877020008AD3B0008DB
:1000A000770200087702000877020008770200084C
:1000B000770200087702000877020008770200083C
:1000C000770200087702000877020008770200082C
:1000D00077020008E5CE000877020008F9CE000894
:1000E000770200087702000877020008770200080C
:1000F00077020008770200087702000877020008FC
:1001000077020008770200087702000877020008EB
:10011000770200087702000819C200087702000879
:1001200077020008D138000877020008770200083B
:10013000770200087702000877020008C52000084F
:10014000A91F0008770200087702000885AB0008A5
:10015000E1380008F1380008013900080DCF000827
:10016000770200087702000877020008770200088B
:1001700077020008770200087702000800000000FC
:100180007702000877020008DFF80CD000F044FC8A
:10019000004800473734010840E000202C4B196824
:1001A0000868B0E8F04F80F30988BFF36F8F4FF015
:1001B000000080F3118870470000000008480068C4
:1001C000006880F308884FF0000080F3148862B65E
:1001D00061B6BFF34F8FBFF36F8F00DF00BF00BF6B
:1001E00008ED00E0DFF80C00016841F470010160E7
:1001F000704700BF88ED00E0EFF30980BFF36F8F19
:10020000134B1A681EF0100F08BF20ED108A20E96A
:10021000F04F106009B44FF0500080F31188BFF325
:100220004F8FBFF36F8F15F0F7FA4FF0000080F398
:10023000118809BC19680868B0E8F04F1EF0100F6B
:1002400008BFB0EC108A80F30988BFF36F8F704746
:1002500018000020EFF30580704700000648804733
:1002600006480047FEE7FEE7FEE7FEE7FEE7FEE79B
:10027000FEE7FEE7FEE7FEE7FDC100088901000892
:100280009FED1A1AF5EE000A40EE010ABDEEE00AF3
:10029000F5EEC00A10EE100AF1EE10FA38BF401E5B
:1002A00000EE100A1349F7EE001AB8EEC00A30EE5D
:1002B000C00ADFED0F0A20EE200AFCEEC00A10EEA5
:1002C000900AC0F3080000EE900A01EB8000F8EEFF
:1002D000600A90ED011A70EE600A90ED000A71EE6E
:1002E000E01A21EE800A00EE810A704783F9223E6F
:1002F00000000044586E0108DFED190AB5EEC00A8F
:1003000060EE200ABDEEE01A11EE100AF1EE10FACE
:1003100038BF401E00EE100A1349F7EE001AB8EE7F
:10032000C00A30EEC00ADFED0F0A60EE200ABCEE14
:10033000E00A10EE100AC0F3080000EE100A01EB0C
:100340008000B8EE400A90ED011A70EEC00A90ED00
:10035000000A71EEE01A21EE800A00EE810A704771
:1003600083F9223E00000044586E01082DE9F05F39
:100370000546002092469B46884606468146402414
:100380001BE0284641464746224600F076FA53468F
:100390005A46C01A914110D311461846224600F021
:1003A0005DFA2D1A67EB01084F4622460120002115
:1003B00000F054FA17EB00094E41201EA4F101048D
:1003C000DFDC484631462A464346BDE8F09F002818
:1003D00000DA4042704740EA01039B0703D009E07E
:1003E00008C9121F08C0042AFAD203E011F8013B21
:1003F00000F8013B521EF9D27047D2B201E000F87A
:10040000012B491EFBD270470022F6E710B51346B8
:100410000A4604461946FFF7F0FF204610BD421C6D
:1004200010F8011B0029FBD1801A7047034611F810
:10043000012B00F8012B002AF9D1184670472DE94D
:10044000FE4F804681EA0300C00F0C46009021F069
:10045000004123F00045B8EB0200A94105D2404617
:10046000214690461C460B46024623F000401043AE
:1004700047D0270DC7F30A00C3F30A510290401A70
:10048000019040286BDAC3F3130040F4801B0098FE
:10049000924620B10023D2EB030A63EB0B0B0198C9
:1004A0005946C0F14002504600F0D8F906460D46C4
:1004B00050465946019A00F0F0F910EB08006141EE
:1004C000002487EA115284EAE7731A4340D0009A65
:1004D00062B3019A012A4FEA075215DC001B61EB57
:1004E00002014FF0004202EA0752CDE90042001C2F
:1004F00041F5801132462B4600F027FA03B0BDE8E3
:10050000F08F40462146F9E7001B61EB0201001C19
:1005100041F5801300185B412018A2F5001747EB46
:10052000030140EAD570B6196D4111E06D084FEA3C
:10053000360645EAC0754FEA0752001B61EB02011F
:10054000001C41F5801149084FEA30000019514163
:1005500032462B4603B0BDE8F04F00F0E7B90098F3
:10056000012240000023D0EB020263EBE07300980D
:1005700021464FEAE074B8EB000061EB0401E9E7C3
:1005800083F000435BE781F0004158E72DE9FE4F1F
:1005900081EA030404F0004421F0004100944FF08C
:1005A000000B23F0004350EA01045ED052EA03043A
:1005B0005BD0C3F30A54C1F30A552C44A4F2F334BC
:1005C0000194A0FB0254C1F3130141F48011C3F361
:1005D000130343F4801301FB024400FB034E840A1F
:1005E000970A44EA815447EA8357A4FB07680295B7
:1005F0008D0A05FB07854FEA932C04FB0C54270555
:10060000029D4FEA065847EA1637B5EB08056EEB30
:10061000070C870E920E47EA811742EA8312A7FB66
:100620000201B6EB0B0164EB00042B0D43EA0C3323
:100630005E1844EB1C50DA465146E7FB0201C5F355
:1006400013044FEA0B3343EA14534FEA0432019C7C
:1006500043EA0603A4F10C040294009CCDE900B423
:1006600000F073F903B0BDE8F08F00200146F9E710
:100670002DE9F04D81EA030404F0004B21F0004520
:1006800014464FF0000A23F0004150EA050220D042
:1006900054EA01021DD0C5F30A570246C5F31303FD
:1006A000C1F31300C1F30A5640F4801543F48013DC
:1006B000A7EB0608101BD64608F2FD3873EB0500C1
:1006C00002D308F1010801E092185B41B8F1000F74
:1006D00003DA00200146BDE8F08D00204FF48011C0
:1006E000064684460EE0171B73EB050705D3121B65
:1006F00063EB050306434CEA010C49084FEA30005E
:1007000092185B4150EA0107EDD152EA030012D082
:1007100082EA040083EA0501084305D0101BAB41BF
:1007200006D20122002306E000224FF0004302E03F
:100730006FF0010253101AEB06004CEB085110EB5E
:100740000A0041EB0B01BDE8F04D00F0EFB80EB52B
:10075000C10F80EAE0700844CA07002140F2334329
:100760008DE80E000A460B4600F0EFF803B000BD1E
:1007700000F0004230F000400AD0C10D01F5607178
:10078000C0F3160042EA0151C20840071143704706
:10079000002001467047000030B5041E71F10004CE
:1007A00004DB4FF00044404264EB0101141E73F17E
:1007B000000405DB1C464FF00043524263EB040388
:1007C0008B4208BF824230BD30B5041E71F1000477
:1007D00004DB4FF00044404264EB0101141E73F14E
:1007E000000405DB1C464FF00043524263EB040358
:1007F000994208BF904230BD01F0004330B421F06F
:10080000004150EA010206D00A0DA2F56072C1F360
:100810001301002A02DC30BC00207047440F44EA78
:10082000C104C100E01830BC00EBC25000F047B872
:1008300030B50B46014600202022012409E021FAB0
:1008400002F59D4205D303FA02F5491B04FA02F5AD
:100850002844151EA2F10102F1DC30BD202A04DB80
:10086000203A00FA02F1002070479140C2F12003C3
:1008700020FA03F3194390407047202A04DB203A02
:1008800021FA02F00021704721FA02F3D040C2F1B0
:1008900020029140084319467047202A06DBCB17F7
:1008A000203A41FA02F043EAE07306E041FA02F32B
:1008B000D040C2F1200291400843194670470029F8
:1008C000A8BF7047401C490008BF20F001007047D6
:1008D00010B4B0FA80FC00FA0CF050EA010404BF36
:1008E00010BC704749B1CCF1200421FA04F411FA8C
:1008F0000CF118BF012121430843A3EB0C01CB1DD0
:100900004FEA00614FEA102042BF002010BC704740
:1009100000EBC35010440029A4BF10BC7047401C1A
:10092000490008BF20F0010010BC704710B5141E2C
:1009300073F1000408DA401C41F1000192185B4198
:100940001A4301D120F0010010BD2DE9F04D92466F
:100950009B4611B1B1FA81F202E0B0FA80F2203286
:100960009046FFF77BFF04460F4640EA0A0041EA43
:100970000B0153465A46084313D0114653EA01006F
:1009800019D0C8F140025046FFF777FF05460E46E2
:10099000504659464246FFF761FF084305D0012003
:1009A00004E020463946BDE8F08D0020054346EAC4
:1009B000E0762C4337430A986305E40AA0EB08006D
:1009C0000022FD0A44EA47540A3002D500200146BD
:1009D000E9E7010510196941DDE908450019694198
:1009E000BDE8F04DA2E7C1F30A52C1F3130140F292
:1009F000FF3341F480119A4202DA00200146704729
:100A000040F233439A42A2F2334202DC5242FFF7F1
:100A100034BFFFF723BF0000064C074D06E0E06837
:100A200040F0010394E8070098471034AC42F6D335
:100A3000FFF7AEFB24790108447901080EB540F2B6
:100A4000334102910021CDE900110A460B46FFF720
:100A50007CFF03B000BD70B5C1F30A5201F0004540
:100A60000024C1F3130140F2FF3341F480119A4294
:100A700001DA002070BD40F233439A42A2F23342C1
:100A800003DC5242FFF7F9FE00E090402C43F1D026
:100A9000404270BD70B58C1810F8015B15F007036B
:100AA00001D110F8013B2A1106D110F8012B03E007
:100AB00010F8016B01F8016B5B1EF9D12B0705D40F
:100AC0000023521E0DD401F8013BFAE710F8013B58
:100AD000CB1A921C03E013F8015B01F8015B521E74
:100AE000F9D5A142D8D3002070BD10B52DED028BF1
:100AF000B0EE408AB0EE480A0EF01AFFBDEC028B51
:100B000010BD10B52DED028BB0EE408AF0EE608A7C
:100B1000F0EE680AB0EE480A0FF006FABDEC028B60
:100B200010BD10B52DED028BB0EE408AB0EE480A34
:100B3000FFF7A6FBBDEC028B10BDF0EE400AF5EE10
:100B4000C00AF1EE10FA02DDB0EE600A7047B1EEB5
:100B5000600AFBE718B19FED020A80ED000A7047BA
:100B60000000000018B19FED020A80ED000A7047F6
:100B700000001E4270B52DED0C8B84B006460C466D
:100B800015469FED990AF0EE408A9FED970AB0EE68
:100B9000409A9FED950AF0EE40BA9FED930AF0EE71
:100BA000409A9FED910AB0EE40AA0EB104B11DB972
:100BB00004B0BDEC0C8B70BD8C48FFF7CBFF8C48AC
:100BC000FFF7D0FF8A48D0ED000A9FED8A1A60EE49
:100BD000810AB0EE600A00F02DF9F0EE408A28EEAE
:100BE000A80AF0EE408A8248D0ED000AB0EE001A62
:100BF00060EE810A9FED7F1A60EE810AB0EE600A16
:100C000000F018F9B0EE409A29EE090AB0EE409AC9
:100C1000DFED790AB7EE000A00EEA80ADFED770AE9
:100C200000EEC90ADFED760A20EE200A754880ED55
:100C3000000A6E4890ED000ADFED730A80EE201A7C
:100C4000B7EE000A31EE000A20EE000A6D48D0ED42
:100C5000000A80EE801A6D4880ED001A94ED000ABB
:100C6000B5EEC00AF1EE10FA0DD194ED010AB5EE21
:100C7000C00AF1EE10FA06D194ED020AB5EEC00AF0
:100C8000F1EE10FA46D09FED580AB0EE408A0020EF
:100C9000019002900390D4ED000A60EEA00A94ED5A
:100CA000011AD4ED011A41EE210A94ED021AD4ED95
:100CB000021A41EE210AB0EE600A00F0A9F8B0EE87
:100CC000408A94ED000A20EE080A8DED010A94EDA9
:100CD000010A20EE080A8DED020A94ED020A20EEC8
:100CE000080A8DED030ADDED010AF1EE600AB0EEAF
:100CF000600AFFF7FAFEF0EE409A9DED031AF0EE5F
:100D0000410A9DED021AB0EE410AFFF7FAFEB0EE7D
:100D100040AA07E09FED340AF0EE409A9FED320AB8
:100D2000B0EE40AA95ED000AB5EEC00AF1EE10FA59
:100D30000DD195ED010AB5EEC00AF1EE10FA06D11B
:100D400095ED020AB5EEC00AF1EE10FA3CD0B0EE15
:100D5000690A00F06FF8B0EE408AB0EE690AFFF75A
:100D6000E0FEB0EE40DAB0EE4A0A00F063F8F0EED2
:100D700040AAB0EE4A0AFFF7D4FEB0EE40BA28EE21
:100D80002A0AD5ED010A20EE200AD5ED000A0DEE63
:100D9000200A68EE0B0A95ED021A00EE810AB0EE09
:100DA00040CA95ED010A20EE0B0AD5ED020A0AEEC3
:100DB000E00AF0EE40CAF0EE6C0AB0EE4C0AFFF723
:100DC000A0FEF0EE40BA03E09FED070AF0EE40BA55
:100DD000B0EE4A1AF0EE690AB0EE6B0A304610F037
:100DE0007FFF00BFE4E60000000000006404002074
:100DF0006804002035FA8E3CC1BFAD3B9DF8C53676
:100E00002F7C1C416C040020506CC24A70040020EE
:100E100010B52DED028BB0EE408AB0EE480A0FF00F
:100E2000EFFBB7EE001AC1EE000AB0EE600ABDECAF
:100E3000028B10BD10B52DED028BB0EE408AB0EEE6
:100E4000480AFFF759FABDEC028B10BD2DE9F041BD
:100E50002DED028B9AB00546B0EE408A0E4617463D
:100E6000984600201790189019901490159016909D
:100E70004DB146B13FB1B8F1000F04D0B5EEC08A14
:100E8000F1EE10FA05D100201AB0BDEC028BBDE8DE
:100E9000F08196ED000A8DED170A96ED010A8DEDB1
:100EA000180A96ED020A8DED190A97ED000A8DEDEC
:100EB000140A97ED010A8DED150A97ED020A8DEDE2
:100EC000160A17AA14A9284610F05CFD402104A8B0
:100ED000FFF79AFA002000900190029003900024FE
:100EE00017A904A814F074F900BF30E004A800EBBF
:100EF000041090ED000AD5ED000A20EE200A04A8A7
:100F000000EB0410D0ED010A95ED011A00EE810A04
:100F100004A800EB0410D0ED020A95ED021A00EED1
:100F2000810A04A800EB0410D0ED030A95ED031A22
:100F300000EE810A20EE080AF0EE000A80EE201A88
:100F4000684600EB840080ED001A601CC4B2042CDB
:100F5000CCDB002410E005EB840090ED000A68462D
:100F600000EB8400D0ED000A30EE200A05EB84008F
:100F700080ED000A601CC4B2042CECDB284613F0A0
:100F8000B7FC012080E70000F0EE401A9FED310A27
:100F9000B0EE401A9FED2F0AB0EE402A9FED2D0AC9
:100FA000F0EE402A00BFBDEEE10AB8EEC00A31EE15
:100FB000C00AF0EE402ABDEEE10A10EE100A4FF42E
:100FC000B47190FBF1F201FB120000EE100AB8EED2
:100FD000C00A30EE220AF0EE402A00BF00BFBDEE8C
:100FE000E00AB8EEC00A30EEC00AB0EE402ABDEE0C
:100FF000E00A10EE100A90FBF1F201FB120000EE85
:10100000100AB8EEC00A30EE020AB0EE402A00BF65
:1010100032EEC20AB0EE401A9FED0F0AB4EEC01ACB
:10102000F1EE10FA06DD9FED0D0A31EE400AB0EE4A
:10103000401A0CE09FED0A0AB4EEC01AF1EE10FA65
:1010400005D29FED060A31EE000AB0EE401A30EEEE
:10105000810A704700000000000034430000B443E0
:10106000000034C310B500F087FC1C4800F060FCA1
:1010700018B102201A49087002E0012018490870CE
:1010800017480078022803D14FF47A7004F010FC5E
:101090000AF038FF0AF020FF08F056FB02F0ACFB24
:1010A00002F012FA02F034FD0D48007802280CD14B
:1010B00002F0AEFD03F01AFA0AF01AFC14F054FD27
:1010C00011F03AFB12F074FA07E0054800780128A5
:1010D00003D101F0D3F801F023FC10BDE47E002021
:1010E0003002002005205349487108460068407AC4
:1010F000012802D10320887110E04E480068407A30
:10110000032803D102204B49887107E04948006851
:10111000407A022802D10420464988714548006877
:10112000B0F9020000EE100AB8EEC00ADFED420A84
:1011300080EE201A9FED410A21EE000A3D4880ED25
:10114000020A0068B0F9000000EE100AB8EEC00A0A
:10115000DFED390A80EE201A9FED380A21EE000AF1
:10116000344880ED030A0068B0F9060000EE100A6A
:10117000B8EEC00ADFED320A20EE200A2D4880EDDD
:10118000070A0068B0F90400404200EE100AB8EE09
:10119000C00ADFED2C0A20EE200A264880ED080A5E
:1011A0004079052844D101202249C8710846C079F8
:1011B000022806D1244880780D2839D10120C87131
:1011C00036E01C48C079012832D11F4880780D28AC
:1011D00003D102201749C8712AE01B4880780E28E5
:1011E00004D01A4890F8CD03012804D101201149F8
:1011F00081F830001CE014480078022812D114480D
:101200000068401C1249086008460068322804D96A
:101210000120084981F830000AE00020054981F8E2
:10122000300005E00020034981F8300008490860DB
:1012300070470000349200200000254400007A45E9
:101240006F12833A6F12033BCF0100201C950020E0
:101250000402002005205249487108460068407A7F
:10126000012802D10320887110E04D480068407ABF
:10127000032803D102204A49887107E048480068E2
:10128000407A022802D10420454988714448006808
:10129000B0F9020000EE100AB8EEC00ADFED410A14
:1012A00080EE201A9FED400A21EE000A3C4880EDB6
:1012B000020A0068B0F9000000EE100AB8EEC00A99
:1012C0009FED381AC0EE010A9FED370A20EE800A22
:1012D000334880ED030A0068B0F9060000EE100AFA
:1012E000B8EEC00ADFED310A20EE200A2C4880ED6E
:1012F000070A0068B0F90400404200EE100AB8EE98
:10130000C00ADFED2B0A20EE200A254880ED080AEE
:101310004079052842D12248C079022807D12548C2
:1013200080780D283AD101201D49C87136E01C484B
:10133000C079012832D11F4880780D2803D10220BE
:101340001749C8712AE01B4880780E2804D01A4833
:1013500090F8CD03012804D10120114981F8300013
:101360001CE014480078022812D114480068401C80
:101370001249086008460068322804D9012008494B
:1013800081F830000AE00020054981F8300005E0CE
:101390000020034981F830000849086070470000C8
:1013A000349200200000254400007A456F12833AF1
:1013B0006F12033BCF0100201C9500200802002083
:1013C00010B501221021024804F0B2FB10BD00004C
:1013D0000000024010B500221021024804F0A8FBD2
:1013E00010BD0000000002407047000010B501224F
:1013F0001146024804F09CFB10BD000000040240AE
:1014000010B500220121024804F092FB10BD00003B
:1014100000040240704710B50446204612F0E2F87E
:1014200010BD10B50446204600F024FA10BD10B5DA
:101430000024FFF7D9FFFFF7EDFF10F0D3FD10B147
:1014400044F0800402E010F033FD044310F0C2FFCA
:1014500010B144F0400402E010F042FF0443204683
:1014600010BD00002DE9FC4105460E461746002040
:1014700000900190FFF7AEFF922000F0D1F8062215
:101480006946122000F0ACF8FFF79AFF9DF80100C2
:10149000000200B29DF8001040EA010400EE104A7C
:1014A000B8EEC00A4C48D0ED000A20EE200A86EDC6
:1014B000000A9DF80300000200B29DF8021040EA05
:1014C000010400EE104AB8EEC00A4348D0ED000A0D
:1014D00020EE200A86ED010A9DF80500000200B208
:1014E0009DF8041040EA010400EE104AB8EEC00A6C
:1014F0003948D0ED000A20EE200A86ED020AFFF7F7
:101500007FFF08226946002000F06AF8FFF76EFFAF
:101510009DF800000F2838D19DF80300000200B2AA
:101520009DF8021040EA010400EE104AB8EEC00A2D
:101530002A48D0ED000A20EE200A85ED000A9DF829
:101540000500000200B29DF8041040EA010400EE1C
:10155000104AB8EEC00A2148D0ED000A20EE200A59
:1015600085ED010A9DF80700000200B29DF8061003
:1015700040EA010400EE104AB8EEC00A1748D0ED68
:10158000000A20EE200A85ED020AFFF723FFA220C1
:1015900000F046F802226946222000F021F8FFF709
:1015A0000FFF9DF80000C0009DF8011040EA611493
:1015B000B4F5806F02DBA4F5006004B200EE104ABF
:1015C000F8EEC00AB4EE001AB3EE070A00EE810A84
:1015D00087ED000ABDE8FC81000100200401002025
:1015E00070B506460C46154646F0800000F018F827
:1015F00006E0552000F014F82070641C681EC5B287
:10160000002DF6D170BD70B504460D4644F0800043
:1016100000F006F8552000F003F8287070BD0000B7
:1016200001B582B04FF47A70012301AA02A900909B
:10163000024806F067FA9DF804000EBDC40B0020B6
:1016400070B505460C462846FFF7EAFF2046FFF72F
:10165000E7FF70BD30B58BB005460C460694002000
:1016600007900120089000200190029003900490C0
:101670000590012009900E200A9001A9284603F048
:10168000CDF908B102F097FA0BB030BD70B5044641
:101690000D460F492068884204D100212046FFF7FB
:1016A000D9FF07E00B492068884203D10E2120466C
:1016B000FFF7D0FF204603F032FE08B102F07BFABC
:1016C0002946204603F0EFF808B102F074FA70BD25
:1016D00000640040006800402DE9F04104460E46D9
:1016E0001746984614B90120BDE8F0812660002015
:1016F00084F824002762C4F828804FF480731022F5
:101700003946201D11F01CFA00250EE0094850F85A
:10171000250040B903213046FFF7B8FF054840F8DF
:1017200025400020E0E7681CC5B2022DEEDB012059
:10173000DAE700009400002002460AB90120704751
:1017400009B90120FBE791620020F8E72DE9FF5F6E
:101750000446894692461D464FF0010B5746CDF888
:101760000090002600BF00BFEFF31080804600BF4E
:1017700072B600BF25E0201D11F0F7F918B1002066
:1017800084F824001FE0A81B082803DB08208DF83C
:10179000040003E0A81BC0B28DF804003868CDF83F
:1017A00005007968CDF809109DF8040007449DF8FC
:1017B0000400304486B26946201D11F0DDF94FF077
:1017C000000BAE42D7DB00BF00BF00BF88F310881C
:1017D00000BF00BF00BF94F8240030B9201D11F0F5
:1017E000BDF910B9204600F075FC584604B0BDE8BC
:1017F000F09F0000074800680749B0FBF1F0074977
:101800000870044800684FF47A71B0FBF1F00449A5
:10181000086070471400002040420F009C00002028
:10182000A000002070B50346002400210020002203
:1018300000254FF0E02675690D4E366803FB06F46F
:101840004FF0E026B16910E04FF0E026B069884221
:101850000BD0884202D20E1A324402E02E1A0E44F5
:1018600032440146A24200D300E0EDE700BF70BD64
:10187000A000002070B503460024002100200022B3
:1018800000254FF0E02675690D4E367803FB06F40F
:101890004FF0E026B16910E04FF0E026B0698842D1
:1018A0000BD0884202D20E1A324402E02E1A0E44A5
:1018B00032440146A24200D300E0EDE700BF70BD14
:1018C0009C00002010B504460CB9012010BD226018
:1018D000636021720020F9E730B504460D460CB96B
:1018E000012030BD2560626005202072E360002188
:1018F0000AE0074850F8210020B9054840F8214087
:101900000020EEE7481CC1B20A29F2DB0120E8E71B
:101910009C4E002070B504460D4616462560666054
:1019200004202072D4E9000106F008FE002070BDFA
:1019300010B50446A28891B2206804F0F1F810BDF9
:1019400042681AB902681268516310E04268042ABA
:1019500003D102681268916309E04268082A03D142
:1019600002681268D16302E002681268116470476D
:1019700010B504F0E3F810BD08B5FFF73BFF4FF4D6
:101980008053344A03213448FFF79CFF334B012234
:1019900033493448FFF7A0FF082233493348FFF7A3
:1019A000B9FF042230493248FFF7B4FF00222E4924
:1019B0003048FFF7AFFF00222F493048FFF7AAFF5A
:1019C00008222F492F48FFF7A5FF08222E492F484C
:1019D000FFF7A0FF2E492F4800F0DEF84FF480609B
:1019E0002D4B42102D4900902A4800F026F9002383
:1019F0004FF400722A49274800F0ECF829492A4898
:101A000000F0CAF84FF48060284B4210284900903B
:101A1000254800F012F900234FF4007225492248AE
:101A200000F0D8F82449254800F0B6F800231E221B
:101A30002349224800F0CEF80023224A22492348B5
:101A4000FFF74AFE0023224A22492348FFF744FEBB
:101A500008BD000000040240E47E0020ED330108D0
:101A600000000240547F0020F40C0020F47E00208F
:101A7000047F0020147F00203C0D0020247F0020E4
:101A8000AC0C0020347F0020640C0020447F002038
:101A9000140E0020647F0020C4500020C44E00209B
:101AA000C4540020840D0020A07F0020C4580020D2
:101AB000C4560020C45C0020CC0D0020DC7F002038
:101AC000C45E0020E25E0020200B00201880002071
:101AD000E26E0020480B002044800020F8B5044648
:101AE00000262068006800F01000102846D1206809
:101AF000C06800F01000002840D0E06B006800686B
:101B000020F00100E16B0968086000252CE0214805
:101B100050F82500006800682168884222D11D48DD
:101B200050F82500C088E16B09684968401A86B200
:101B3000184850F82500C06848B1164951F82510DA
:101B40008868144951F82510CA68314690471148F1
:101B500050F82500C2880F4850F8250081682046BB
:101B600007F0EAF8681CC5B2032DD0DBE06B006813
:101B7000006840F00100E16B0968086000BF0020C8
:101B8000009020680068009020684068009000BFC6
:101B900000BFF8BD7080002070B504460D460CB93A
:101BA000012070BD3C212046FEF72EFC256000215F
:101BB0000AE0074850F8210020B9054840F82140C4
:101BC0000020EEE7481CC1B20329F2DB0120E8E760
:101BD00070800020F8B504460D4616461F460CB925
:101BE0000120F8BD01202071A560E680E76000BFFC
:101BF000002000902068006800680090206800685D
:101C00004068009000BF00BF20680068C06840F0D6
:101C1000100021680968C860E288A168206807F0A0
:101C20008BF80020DDE702460AB90120704709B9A8
:101C30000120FBE7D1600020F8E72DE9F0410446E0
:101C40000E4617461D46DDF8188014B90120BDE880
:101C5000F08101202074666127836563A4F83880D1
:101C6000002084F83A004246294604F11C0011F095
:101C70001BF80020EBE72DE9F0470446884617469D
:101C800014B90120BDE8F087207C08B90120F9E7EC
:101C900094F83A0090B9208BB84202DD3D46002608
:101CA00014E0208B218F0844B84204DD258B208B63
:101CB000381A86B20AE0258B268F07E0208FB842BB
:101CC00002DD00253E4601E00025268F002D0CDDBB
:101CD0002A4641466069FEF77EFB012084F83A00FF
:101CE0002A466169206807F05DF8002E0DDD08EBDB
:101CF0000501324604F11C0010F0E1FF00F0FF097D
:101D0000B14501D00120BDE700BF0020BAE70000C7
:101D100010B5FFF72DFE04464FF47A70B4FBF0F0D7
:101D2000032800D210BD1C480068201A40F6C411D8
:101D3000884208D919480078194908701648046083
:101D40001848046025E01648007810B3154800686C
:101D5000201A15490988884205D296214FF4FA7055
:101D600000F076F815E00F480068201A0E4909883F
:101D70000E4A12881144884204D20021084600F01D
:101D800067F806E006480078401E054908700548D7
:101D9000046000BFC6E70000F4000020EC00002053
:101DA000FC000020F8000020EE000020F0000020E1
:101DB0000149087070470000EC00002070B52DED5F
:101DC000068B0446B0EE408A01F00CFF05466068C1
:101DD00028B9656025600020BDEC068B70BD606889
:101DE000281A2169884202D9A5600120F4E718EE7B
:101DF000100AFEF7BDFC41EC1A0BB0EE4A0AF0EEF9
:101E00006A0A0EF0C5FAB0EE409AF0EE609A9FEDC5
:101E10000A0B53EC102B51EC190BFEF7BDFC07D24B
:101E20002068281AE168884203D9A5600120D3E719
:101E300025600020D0E700000000000000004940BD
:101E4000002343608360C1600261704700BFFEE70A
:101E500070B504460D46044800680068C46229460F
:101E60000148FFF76DFD70BD347F002010B50248BA
:101E700002F04FFF10BD0000200B002070B505469A
:101E80000E461446281E09D0A0F2052000B3A0F289
:101E9000FB2038B3B0F5007F36D12CE031461C482A
:101EA00010F046FD062008F093FE194890ED080A50
:101EB000184880ED760A164890ED090A154880ED1D
:101EC000770A134890ED0A0A124880ED780A1CE060
:101ED0001049D1F8E801314608F09BFD052008F0D3
:101EE00077FE12E0A2B231460B4801F090FA0F20C3
:101EF00008F06EFE09E0A2B23146084801F087FA08
:101F00000E2008F065FE00E000BF00BF70BD0000BD
:101F1000848500201C950020A89D002054A200204C
:101F200070B504460E461546B4F5C06F05D1AAB289
:101F30003146034801F06BFA00E000BF00BF70BDFE
:101F4000F0B2002070B504460D462B4622464FF4F1
:101F5000E0610248FFF7FAFB70BD00001880002026
:101F600010B5024802F0D5FE10BD0000200B002085
:101F700070B504460D462B4622464FF4C061024818
:101F8000FFF7E4FB70BD00001880002070B5044628
:101F90000D462B4622464FF4A0610248FFF7D6FBC0
:101FA00070BD00001880002010B5024802F0B1FE9C
:101FB00010BD0000480B00202DE9F04104460D46FD
:101FC0001746A4F20120082841D2DFE800F0040EF1
:101FD000182240402C3601F0F1FD0646294608F053
:101FE00018FD082008F0F4FD32E001F0EBFD064694
:101FF000294608F00EFD092008F0EAFD28E001F06E
:10200000E5FD0646294608F004FD0A2008F0E0FD3B
:102010001EE001F0DFFD0646294608F0FAFC0B2021
:1020200008F0D6FD14E00AF0D5FB0646294608F074
:10203000F0FC0C2008F0CCFD0AE00AF0CFFB0646CD
:10204000294608F0E6FC0C2008F0C2FD00E000BFC5
:1020500000BFBDE8F08100002DE9F04104460D46C7
:10206000164640F20321601A8C420DD005DCA4F222
:10207000012038B101281ED105E0012805D00E2825
:1020800019D113E000BF00BF00BF601EC7B207EB4D
:10209000870101EBC7020A4951F83200294608F0CE
:1020A000B8FC791CC8B208F093FD05E0F1B22846EF
:1020B00009F066FF00E000BF00BFBDE8F08100004E
:1020C000FCAB002010B5024802F023FE10BD00005A
:1020D000480B002030B58BB004460CB90BB030BDB6
:1020E00000BF00BFEFF31080054600BF72B600BF0F
:1020F000201D10F033FD00BB15E007A9201D10F0D6
:1021000000FD079801900020039004909DF82000A6
:102110000590012084F824006B460DF1210201A9ED
:10212000206802F0D5FB206802F0D8FD40B1201DE8
:1021300010F014FD0028E0D002E0002084F8240014
:1021400000BF00BF85F3108800BF00BF00BF00BF05
:10215000C4E70346042B15D007DC7BB1012B0ED05E
:10216000022B0DD0032B12D10BE0202B0BD0212BF7
:102170000AD0222B09D0232B09D107E008E007E081
:1021800006E005E004E003E002E001E000E000BF5B
:1021900000BF0020704700207047000010B50022EB
:1021A000044905480BF055F9044903480BF042F97E
:1021B000002010BD3CCD002060C000203CC50020A8
:1021C00070B505460C460F480068216808440D4963
:1021D0000860084600683C280AD2084600680A4A97
:1021E00081180A480BF026F908480BF0EFF806E0D2
:1021F00001200449087100200968034A5054002056
:1022000070BD0000B80300203CC5002060C0002065
:102210002DE9F04104460D460948D0F8BC62D6F8D5
:10222000140210B10120BDE8F0812A46214604487D
:102230000BF00FF902480BF0BFF907463846F2E7FA
:1022400060C0002010B503460C460021084610BDB2
:1022500070B504460D46204613F05AFB70BD0000D1
:1022600070B504460D462A462146034801F0CFF8D2
:102270000E2008F0ADFC70BD48BA002038B501F062
:10228000EBFA5E49086007F0CFF95C4948605C48AA
:102290008860002008739FED5B0A084680ED040A01
:1022A0009FED590A80ED050A9FED570A80ED060A59
:1022B0009FED560A80ED070A9FED540A80ED080A4B
:1022C000002424E0204600F073F904EB840101EBC4
:1022D000C4024A49243141F8320004EB840101EB85
:1022E000C4024649243101EBC201081DDFED472A33
:1022F0009FED462ADFED461AB1EE0A1ADFED450AD8
:102300009FED450A032111F01BFC601CC4B2042C94
:10231000D8DBDFED3E2AB0EE002ADFED3C1AB1EE4D
:10232000001ADFED3E0A9FED3E0A03213D4811F001
:1023300007FC0023642201210E2008F02BFC03235C
:1023400064220121102008F025FC002364220121D1
:10235000112008F01FFC344B4FF48062334934489D
:1023600001F026F933484FF48063334AAA210090E4
:10237000324801F071F8324B4FF400723149324863
:1023800001F016F931484FF40073314AA52100904D
:10239000304801F061F80A2200212F4809F032FD8F
:1023A0000A2200212D4809F02DFD642200212C482D
:1023B00009F028FD2B4B4FF400722B492B4801F0FC
:1023C000F7F81E2200212A4809F01CFD274800F0DA
:1023D000D7FE28492848FFF726FC28492848FFF758
:1023E00022FC28492848FFF71EFC28492848FFF707
:1023F000A3F928490248FFF79FF938BDD8AB002060
:1024000044800020D053FB430080A2430000000022
:10241000CDCCCC3D0000FA4400007A460000484292
:10242000000096439CAD00208D1F0008F0AE0020F8
:1024300044AE00200DF800089CB30020F0B200204C
:10244000451F000848B800209CB7002001B10008D3
:10245000F4BA002048BA002075C7000841250008DA
:1024600065C00008A9330008A0BD0020F4BC00200E
:10247000DD2D000891380008DC7F00206122000873
:10248000647F002049AE0008A07F0020211F0008C3
:10249000188000205920000813480068807918B976
:1024A0000020114908731EE00F4800688079012858
:1024B00002D10D49087316E00B48006880790228A4
:1024C00002D1094908730EE00748006880790328A3
:1024D00002D10549087306E00348006880790428A2
:1024E00001D1014908737047D8AB002010B51248DC
:1024F000006890ED020A1048D0ED880A30EE200AFC
:1025000080ED8B0A006890ED030A0B48D0ED890A34
:1025100030EE200A80ED8C0AD0ED960AF1EE600ACA
:10252000B0EE600ADFED050A00F5E27011F0E2F9A5
:10253000014880ED8D0A10BDD8AB002000000000DE
:1025400038B5054600F01CF804460B48D0F82C02BC
:10255000C4F801000848D0F83002C4F80500064865
:10256000007B2070092023460222AA210090034804
:1025700000F0BEFF002038BDD8AB002044AE0020E4
:1025800000487047C28000202DE9FC4104460D46FA
:1025900016461F460549CDE900672B462246886846
:1025A0004FF4007108F0C1FABDE8FC81D8AB0020FF
:1025B000014601EBC100024A02EB800070470000B7
:1025C0009483002070B501F01BFD04460DF050F916
:1025D000054654F8050F00EE100AB1EE400A174800
:1025E00080ED960A4068D0ED5A0A606800EE100A45
:1025F00030EEC00A114880ED980A406890ED5B0A01
:102600000E4880ED990A4068D0ED5C0AA06800EEA3
:10261000100A30EEC00A094880ED970AD4F8150078
:102620000649C1F82002D4F81900C1F82402D4F8F0
:102630001D00641FC1F8280270BD0000D8AB002047
:102640000848006890ED020A0648D0ED880A30EE8E
:10265000200A80ED8B0A006890ED040A014880EDA5
:102660008D0A7047D8AB002010B52DED048B4E4875
:10267000006890ED020A4C48D0ED880A30EE200A3E
:1026800080ED8B0A006890ED030A4748D0ED890A77
:1026900030EE200A80ED8C0A90ED8B0A10EE101AB5
:1026A0000846FEF765F841EC190BB0EE490AF0EE6A
:1026B000690A0DF06DFEB0EE408AF0EE608A9FED83
:1026C0003B0B53EC102B51EC180BFEF765F822D2A4
:1026D000354890ED8C0A10EE101A0846FEF748F8BF
:1026E00041EC190BB0EE490AF0EE690A0DF050FE0C
:1026F000B0EE408AF0EE608A9FED2C0B53EC102B6D
:1027000051EC180BFEF748F805D29FED2A0A26482F
:1027100080ED8D0A44E0244890ED8B0A10EE101AEB
:102720000846FEF725F841EC190BB0EE490AF0EE29
:10273000690A0DF02DFEB0EE408AF0EE608A9FED42
:102740001E0B53EC102B51EC180BFEF725F822D280
:10275000154890ED8C0A10EE101A0846FEF708F89E
:1027600041EC190BB0EE490AF0EE690A0DF010FECB
:10277000B0EE408AF0EE608A9FED0F0B53EC102B09
:1027800051EC180BFEF708F805D29FED0A0A06482F
:1027900080ED8D0A04E09FED070A034880ED8D0A65
:1027A000BDEC048B10BD0000D8AB00200000000081
:1027B00000407F400000FA430000000000408F40CE
:1027C0009FED060A064880ED8B0A9FED040A80ED16
:1027D0008C0A9FED020A80ED8D0A70470000000010
:1027E000D8AB002000BFFFF7EDFEFFF755FE4948CC
:1027F000007B012806D0022807D0032808D004282F
:102800000CD108E0FFF7DCFF09E0FFF76FFE06E000
:10281000FFF716FF03E0FFF727FF00E000BF00BF50
:102820003C4800F091F8002446E03B4800EB84006F
:1028300090ED000A04EB840000EBC401354824301D
:1028400000EBC10080ED180A04EB840101EBC40227
:102850003049243101EBC20191ED181AF0EE410A22
:1028600004EB840101EBC4022A49243151F83210EF
:10287000B1F9041001EE101AB8EEC11AB0EE410A17
:1028800004EB840101EBC4022249243101EBC201B3
:10289000081D11F02FF8BDEEC00A10EE100A01B2AB
:1028A00004EB840000EBC4021A48243000EBC200A1
:1028B000A0F86410601CC4B2042CB6DB154800F00C
:1028C0005DF81448007B80B900200CE0002200EB8A
:1028D000800101EBC0030F49243101EBC301A1F8D2
:1028E0006420411CC8B20428F0DB0A4CB4F9C031A2
:1028F000B4F95821B4F9F010B4F98800FFF744FE98
:102900000A2010F06FFE002012F0B4FC03490860AA
:1029100069E70000D8AB002010AE002014030020AF
:1029200000B587B01C2206496846FDF754FD00211A
:10293000684610F080FE0349086007B000BD000043
:10294000F06D01081003002010B50446094A0A4939
:10295000204600F017F994ED8D0AB0EE401A0548B4
:10296000D0ED000A044890ED000A204607F0F0FD83
:1029700010BD00000C0300200803002070B52DEDF1
:102980000E8B04469FED770AB0EE40EA9FED750A84
:10299000B0EE408A9FED730AF0EE408A9FED710A17
:1029A000B0EE409A9FED6F0AF0EE409A08F0A2FB5D
:1029B00005461DB10E2000F033F920B19FED6A0AE3
:1029C000B0EE40EA5AE0022D01D00C2D04D19FED6B
:1029D000670AB0EE40EA51E008F01EFC008900EE04
:1029E000100AB8EE400AB0EE409A08F019FC40898F
:1029F00000EE100AB8EE400AF0EE409A9FED5C0A35
:102A0000B4EEC09AF1EE10FA14D2F1EE040AB4EE6C
:102A1000E09AF1EE10FA04DDDFED550A89EE200AA6
:102A200001E09FED540ADFED500A60EE200AB0EE9F
:102A300060EA23E09FED500AF4EEC08AF1EE10FA4E
:102A400018DDF4EEE98AF1EE10FA08D279EEE80A20
:102A50009FED491A39EEC11A80EE810A01E09FED1F
:102A6000410ADFED410A9FED451A41EE000AB0EE42
:102A700060EA03E09FED420AB0EE40EA002625E05E
:102A800006EB860101EBC60204F1240101EBC20151
:102A9000B1F96400FDF75BFE41EC1D0BB0EE4D0A91
:102AA000F0EE6D0A0DF074FCB0EE40BAF0EE60BAD4
:102AB00018EE100AFDF75CFE53EC1B2BFDF7BFFC74
:102AC000FDF79AFE08EE100A701CC6B2042ED7DB82
:102AD000B4EECE8AF1EE10FA40DDCEEE080AB0EE8A
:102AE000600AB4F9880000EE900AF8EEE00A60EEA1
:102AF000800AFDEEE00A10EE900A01B2A4F88810F8
:102B0000B4F9F00000EE900AF8EEE00A60EE800AF8
:102B1000FDEEE00A10EE900A01B2A4F8F010B4F94C
:102B2000580100EE900AF8EEE00A60EE800AFDEE31
:102B3000E00A10EE900A01B2A4F85811B4F9C001ED
:102B400000EE900AF8EEE00A60EE800AFDEEE00A80
:102B500010EE900A01B2A4F8C01100BFBDEC0E8BBC
:102B600070BD00000000000000007A4600007A47B7
:102B700000004842CDCCCC3D0000204200409C46A5
:102B800000A00C4770B52DED028B04460D4616468D
:102B900094ED960ADFED1F0A80EE201AB0EE418A0E
:102BA000B0EE480AFDF7A8FB1B4880ED000A94ED43
:102BB000960ADFED180A80EE201AB0EE418AB0EED8
:102BC000480AFDF75DFB154880ED000A94ED8B0A7D
:102BD0001148D0ED000AF1EE600A20EE200AD4ED93
:102BE0008C0A0E4890ED001A01EE200A86ED000ACC
:102BF00094ED8B0AD0ED000A20EE200AD4ED8C0A69
:102C0000054890ED001A01EE200A85ED000ABDECA2
:102C1000028B70BD33336542EC020020F0020020CD
:102C20000146044800EB0110C078012800D170472C
:102C30000020FCE7DC92002038B505460C464FF436
:102C4000807000F0C5FA8DF800508DF80140022127
:102C5000684600F0F1FA38BD2DE9F05F2DED028BEA
:102C600004460D4616461F46B0EE408ADDE90EAB1F
:102C7000DDE90C891CB9BDEC028BBDE8F09F0F218A
:102C80002046FDF7C1FB2846FDF7C9FB032800D904
:102C9000F1E729462046FDF7C9FB14F8030F20F0A1
:102CA0000700401C2070207820F038002830207069
:102CB000208866F38910208007F57070B4F805103D
:102CC00060F38C01A4F8051008F51670E18860F334
:102CD0004F11E180B4F8010069F38E10A4F80100EF
:102CE0000121608861F3CF106080A0886AF3090039
:102CF000A08060786BF3850060709FED0A0A28EE73
:102D0000000ABDEEC00A10EE100AA060E41E40F2F8
:102D1000011000F05DFA0F21204600F08DFA00BF8F
:102D2000A9E7000000007A442DE9F05F04460D4653
:102D300016461F46DDE90CABDDE90A890CB9BDE892
:102D4000F09F0F212046FDF75FFB2846FDF767FB4C
:102D5000032800D9F3E729462046FDF767FB14F85E
:102D6000030F20F00700401C2070207820F038006E
:102D70002070208866F38910208007F57070B4F801
:102D8000051060F38C01A4F8051008F51670E188B1
:102D900060F34F11E18009F57070B4F8091060F329
:102DA0008C01A4F809100AF51670618960F34F11BF
:102DB0006181A0886BF30900A08061780E9860F3B0
:102DC00085016170E41E40F2011000F001FA0F214C
:102DD000204600F031FA00BFB1E70000F0B52DED5C
:102DE000028B83B0074608F085F90446204600F0C0
:102DF000FBF904F5807000F0F1F912F01FF801F012
:102E0000FFF806466948008801287BD16848407869
:102E100001280CD10221674800F0BAF9B7EE000A88
:102E2000644800F0BFF90220614948700EE0604834
:102E3000407858B904215F4800F0AAF99FED5E0A76
:102E40005C4800F0AFF90220594948705848807832
:102E500001280CD10221594800F09AF9B7EE000A76
:102E6000564800F09FF90220514988700EE0504802
:102E7000807858B90421514800F08AF99FED4E0A34
:102E80004E4800F08FF90220494988704848007880
:102E900001280CD102214A4800F07AF9B7EE000A65
:102EA000474800F07FF90220414908700EE0404891
:102EB000007858B90421424800F06AF99FED3E0AB3
:102EC0003F4800F06FF90220394908703D4890ED05
:102ED000000ADFED3D0A30EE600A9FED3C1AC0EEBD
:102EE000010A9FED3B1A9FED3B0A10EE810A3A481A
:102EF00080ED000A334890ED000ADFED330A30EE32
:102F0000600A00E04CE0DFED310A80EE201A11EE9D
:102F1000105A2846FDF72CFC41EC180B9FED2F0BA7
:102F200053EC102BFDF738FC04D204212D4800F09F
:102F30002FF903E002212B4800F02AF9214890EDF7
:102F4000000ADFED210A30EE600ADFED200A80EE94
:102F5000201AB5EEC01AF1EE10FA04D29FED220A43
:102F60001D4880ED000A6FF4ED7000901A4890ED56
:102F7000000ABDEEC00A10EE100A03B26FF4ED7243
:102F80001A49184800F036F919480146094A0C4B0D
:102F9000CDE900210290094A1649124800F072F961
:102FA000002003B0BDEC028BF0BD00003602002013
:102FB000CC010020759400200000000084940020C3
:102FC00093940020B401002000007A440000C8441B
:102FD0000000434400009143440200203333333364
:102FE0003333D33F0C940020000091C3DEFEFFFF7B
:102FF000FC940020DE9400202DE9F05F04460D468D
:1030000016461F46DDE90CABDDE90A890CB9BDE8BF
:10301000F09F0F212046FDF7F7F92846FDF7FFF94D
:10302000032800D9F3E729462046FDF7FFF914F8F5
:10303000030F20F00700401C2070207820F038009B
:1030400008302070208866F38910208007F57070A2
:10305000B4F8051060F38C01A4F8051008F516709B
:10306000E18860F34F11E18009F57070B4F8091040
:1030700060F38C01A4F809100AF51670618960F3F9
:103080004F116181A0886BF30900A08061780E98D0
:1030900060F385016170E41E40F2011000F098F8C1
:1030A0000F21204600F0C8F800BFB0E72DE9F05F1F
:1030B00004460D4616461F46DDE90B8ADDF82890CA
:1030C0000CB9BDE8F09F2D212046FDF79DF928465B
:1030D000FDF7A5F9032804D84046FDF7A0F91E28FE
:1030E00000D9EEE729462046FDF7A0F914F8030FB2
:1030F00020F00700401C2070207820F03800383085
:103100002070208866F38910208007F57070B4F86D
:10311000051060F38C01A4F8051009F51670E1881C
:1031200060F34F11E180B4F801006AF38E10A4F847
:1031300001004046FDF773F9618860F3CF116180AB
:10314000A1880D9860F30901A18061780E9860F361
:1031500085016170E41E414604F10F00FDF766F938
:103160004FF4887000F034F84046FDF758F90F30FE
:103170001FFA80FB5946204600F05EF800BFA0E72A
:1031800000B970470149086000BFFAE7E800002075
:1031900008B1082900DD7047027961F385020271E8
:1031A00000BFF8E720B1C178C1F3C201052900D002
:1031B0007047DFED060A60EE200AFDEEE00A10EE31
:1031C000901AC0F80B1000BFF2E7000000007A442C
:1031D0000149088070470000E00000200149888014
:1031E00070470000E000002001494880704700005F
:1031F000E000002070B5049C00B970BD01F5707549
:10320000068965F38C06068102F51675B0F809602B
:1032100065F34F16A0F8096003F57075868965F3AC
:103220008C06868104F51675B0F80D6065F34F16AF
:10323000A0F80D6000BFE0E738B505460C460E4823
:10324000006800B938BD0D480D490A6802608988D8
:10325000818022462946801DFDF7BDF8A01D80B261
:10326000064B40F20132A52100900348006800F0AF
:103270003FF900BFE6E70000E800002015810020CC
:10328000E00000202DE9F04F8BB0074688469146BC
:103290009A460024A3460497CDF81480CDF81890E0
:1032A000CDF81CA0149808901598099016980A90CB
:1032B0003A4E002007E004A951F8201009B1611C22
:1032C000CCB2411CC8B20728F5DB012C05D1A346BE
:1032D00040F20110FFF77CFF1CE0022C05D1A34651
:1032E0004FF48170FFF774FF14E0052C06DC4FF0FB
:1032F000050B40F20310FFF76BFF0BE0072C06DC19
:103300004FF0070B4FF48270FFF762FF02E00BB043
:10331000BDE8F08F2248016831608088B080B61D1A
:10332000002518E004A850F8250090B104A850F832
:103330002500C07820F00700801C04A951F8251052
:10334000C87004A850F825100F223046FDF743F846
:103350000F36681CC5B2072DE4DB5C4510DA00208F
:10336000009001900290039007E00F2269463046DA
:10337000FDF731F80F36601CC4B25C45F5DB00BFC9
:10338000C4EB0410801D054B40F20132A5210090D2
:103390000448006800F0ACF800BFB8E715810020D1
:1033A000E0000020E800002070B504460D462A46E3
:1033B00021460248FEF75FFC70BD0000647F0020DC
:1033C0002DE9FF470446884699460C9D05F1090002
:1033D00086B2802E03DD002004B0BDE8F08704F142
:1033E000210787F80080A7F801503846BDF808107B
:1033F000E18405210EF040FD2A464946F81DFCF700
:10340000EAFF314638460EF021FD3046E4E770B55C
:1034100004460E46154604B970BD04F108000FF0CD
:10342000CAFBA84205DD2A46314604F108000FF028
:1034300046FC00BFF0E7000070B50648456804E0B0
:103440002C46204600F0D8F86D6802488542F7D136
:1034500070BD0000B00000202DE9F04704460E4684
:1034600017469846DDF820900CB9BDE8F0870D4866
:10347000456803E0A54200D1F7E76D680948854239
:10348000F8D1014620460FF0CFFF84F82060424675
:10349000394604F108000FF007FCC4F8A89000BFFB
:1034A000E3E70000B000002000BFFFF7C5FF00F019
:1034B00041F8012010F096F8002011F0DBFE0149E0
:1034C0000860F2E72C02002000B587B01C220649F4
:1034D0006846FCF780FF0021684610F0ACF803490D
:1034E000086007B000BD0000946D010828020020AC
:1034F0002DE9F84304460E4617469846089D0CB938
:10350000BDE8F88304F108000FF055FBA8420FDD79
:1035100043463A46314620460095FFF751FF814623
:103520004A4604F1210104F108000FF0C8FB00BF76
:1035300000BFE5E72DE9F041A0B080216846FCF727
:1035400063FF0026B04600271848456827E02C4650
:1035500004F108000FF006FC86B2FEB1D4F8A80012
:1035600050B1D4F8A80080478046B04501DA404603
:1035700000E03046074600E03746802F00DD802718
:103580003A46694604F108000FF03EFBD4F8A40067
:1035900020B139466846D4F8A42090476D680348A6
:1035A0008542D4D120B0BDE8F0810000B8000020F1
:1035B0002DE9F04104460F4690461E460CB9BDE881
:1035C000F0810C48456803E0A54200D1F7E76D683B
:1035D00008488542F8D1014620460FF025FF4246B3
:1035E000394604F108000FF05FFBC4F8A46000BF87
:1035F000E5E70000B800002070B5044600258AE029
:1036000004F108000FF0DAFA054694F821000628C4
:103610007BD2DFE800F003141F353F5794F82000F9
:10362000A84209D1012084F82100618C481C6084E3
:1036300004F12600455401E0002060846AE0A5847E
:10364000618C481C608404F126004554022084F8F3
:1036500021005FE0A08C40EA0520A084618C481C1A
:10366000608404F126004554A08C772803D20320FF
:1036700084F8210003E0002084F82100608449E000
:10368000618C481C608404F126004554042084F8B1
:1036900021003FE0618C481C608404F12600455401
:1036A000608C05280DD1052104F1260012F018F9CF
:1036B00018B1052084F8210003E0002084F82100DF
:1036C000608427E0618CA08C0930814205D2618C36
:1036D000481C608404F126004554618CA08C09309C
:1036E000814210D3002084F821006084A08C00F176
:1036F000090104F1260012F0D5F820B104F12601E9
:1037000020460CF06BF805E0FFE7002084F821006C
:10371000608400BF00BF04F108000FF023FB002805
:103720007FF46EAF70BD000000BF07F07DFD2F4835
:10373000007920B101281BD002283FD130E000F0F1
:103740005FFC007801280CD000F05AFC007840B1F2
:103750000120264908710420487102208871C8712F
:1037600005E001202149487188710220C87126E0D6
:103770001E480068007A032802D107F089FD0EE098
:103780001A480068007A012802D1FDF763FD06E0BF
:1037900016480068007A022801D1FDF7A3FC0EE06C
:1037A0001120FFF73DFA18B900201049087104E014
:1037B00000200E4948718871C87100E000BF00BF49
:1037C0001120FFF72DFA10B10220084908710748AF
:1037D000162201680648FCF7FEFD14200FF002FFD8
:1037E000002011F047FD034908609EE73492002055
:1037F00068920020C801002000B587B007F06CFC7B
:103800001049086000200871012088714871022069
:10381000C871002081F830004B210B4811F0CAF824
:103820004B210A4811F0C6F81C2209496846FCF7EA
:10383000D2FD002168460FF0FEFE0649086007B081
:1038400000BD000034920020D4010020E8010020D7
:10385000406D0108C40100200048704734920020E8
:10386000F8B504460D4607F037FC06462A462146C1
:1038700007F07AFB23460122AA2104480095FFF7AE
:1038800037FE112007F0A4F9F8BD0000FC980020D5
:10389000F8B504460D4607F01FFC06462A462146A9
:1038A00007F062FB23460122AA2104480095FFF796
:1038B0001FFE112007F08CF9F8BD000044AE002077
:1038C00010B5024801F014FE10BD00001C0F0020CE
:1038D00010B5024801F00CFE10BD00007C0F002066
:1038E00010B5024801F004FE10BD00005C0E00207F
:1038F00010B5024801F0FCFD10BD0000DC0F0020F7
:1039000010B5024801F0F4FD10BD0000BC0E00200F
:103910000146087810381823B0FBF3F20848805CA1
:10392000C865032A05D908686FF30900001D88657A
:1039300003E008686FF309008865886D7047000030
:10394000D4690108014600208A6A8B69CBB932B17B
:10395000012A0DD0022A03D0032A10D10EE000BFA5
:10396000CB6A03F08073B3F1807F00D1012007E0C0
:10397000CB6AB3F1C07F00D1012001E000E000BFBD
:1039800034E08B69B3F5005F1AD132B1012A07D058
:10399000022A03D0032A11D10AE000BF01200EE061
:1039A000CB6A03F08073B3F1807F00D1012006E081
:1039B000CB6AB3F1C07F00D1012000E000BF15E069
:1039C00032B1012A05D0022A04D0032A0CD103E027
:1039D00000BF00BF012008E0CB6A03F08073B3F1A1
:1039E000807F00D1012000E000BF00BF704730B5EC
:1039F0000468246824F4802405682C6004686360EB
:103A00008468402C04D10468A2600468E16003E08B
:103A10000468A1600468E26030BD0000F0EE400A76
:103A20009FED061AB0EE410A9FED051A20EE811AAD
:103A3000F0EE410AB0EE600A70470000000000009E
:103A4000E02E65427047000000BFFDF791FF05467C
:103A5000FF260024012026E02A4901EB00114968D5
:103A6000691A284A02EB00129268914215D9254939
:103A700001EB0011097881B10121224A02EB001209
:103A8000D170204901EB00118978B1420ADA1D4951
:103A900001EB00118E78C4B204E00021194A02EB58
:103AA0000012D170401C1328D6DBCCB1154901EBB4
:103AB0000411087BFEF77CF9124800EB04108078B3
:103AC00018B911480DF00CFF11E00E4800EB04107E
:103AD000807801280BD16FF0FF000DF001FF06E0A8
:103AE0004FF0FF200DF0FCFE0020FEF761F9FEF71D
:103AF0000FF90A200FF076FD002011F0BBFB0349FF
:103B00000860A2E7DC9200200000FFFF24020020F2
:103B100000B587B01C2206496846FCF75CFC002112
:103B200068460FF088FD0349086007B000BD00003B
:103B3000786D01082002002010B52DED048B04469D
:103B4000B0EE408AF0EE608AB0EE419A84ED458A8C
:103B5000C4ED468A94ED451AF0EE410A94ED461AFA
:103B6000B0EE410A20460FF0C5FE94ED0E0A84ED3A
:103B7000470A84ED489A94ED471AF0EE410A94ED15
:103B8000481AB0EE410A04F15C000FF0B3FE94ED68
:103B9000250ABDEC048B10BD10B5082001F0B8FE5D
:103BA00010BD10B5102001F0B3FE10BD10B52020DF
:103BB00001F0AEFE10BD72B600BFFEE700487047D0
:103BC00070840020004870479484002000487047AB
:103BD000B884002000487047DC840020004870470B
:103BE0007C80002010B501F0A9FF10BD10B52C4459
:103BF00054B108220549204606F0CEF804220349B4
:103C00001031304606F0C8F810BD00009E030020B9
:103C100008B5FFF721FE5949086005F005FD574931
:103C20004860574888600120487300F0D9FA53492A
:103C3000486100F0BFFA5149C1F8E80140F6F801C7
:103C40004E48018341F25421A0F8F0119FED4D0A36
:103C500080ED070A9FED4B0A80ED7D0A9FED4A0A31
:103C600080ED080A9FED490A80ED090AB3EE0E0ABD
:103C700080ED7E0ABAEE0A0A80ED7F0ADFED442A63
:103C80009FED432ADFED421A9FED421ADFED400A15
:103C90009FED410A032100F51C700FF051FFDFED8D
:103CA0003C2A9FED3B2ADFED3A1A9FED3C1ADFEDEF
:103CB0003C0A9FED3C0A03213B480FF041FFDFED3A
:103CC0003B2A9FED332ADFED3A1A9FED3A1ADFEDDA
:103CD000300AB3EE0E0A032137480FF031FF0EF021
:103CE00083FE0023642201210E2006F053FF0423EB
:103CF0004FF4FA720121122006F04CFF02236422D5
:103D000001210F2006F046FF00236422012111202B
:103D100006F040FF294B4FF4806229492948FFF7FC
:103D200047FC29484FF48063284AAA21009028487C
:103D3000FFF792FB14220021264808F063F826487A
:103D40004FF40073254AA52100902548FFF784FB16
:103D500024492548FDF767FF24492548FDF763FFFF
:103D600024492548FDF75FFF24490548FDF7E4FC99
:103D700023492448FDF7E0FC08BD00001C95002005
:103D8000188000200000343D0000B4420000B4C29E
:103D900000000000000020420000FA4400007042D1
:103DA0000000FA4500007A46E897002000004842EB
:103DB000CDCCCC3D9A99193E8C960020711F0008FD
:103DC000A8990020FC9800200DF80008549E0020BF
:103DD000A89D0020493F000801B1000800A3002071
:103DE00054A2002061380008DC7F00205122000826
:103DF000647F002049AE0008A07F00207D1E0008DF
:103E0000B91F0008448000201D48407B1C4988736E
:103E100008460068407910B9002048732EE0184821
:103E200000684079012802D11549487326E01448FA
:103E300000684079022802D1114948731EE01048F9
:103E400000684079032802D10D49487316E00C48F8
:103E500000684079042802D1094948730EE00848F7
:103E600000684079052802D10549487306E00448F6
:103E700000684079062801D1014948737047000065
:103E80001C95002010B52DED028B03212C4880F8E5
:103E90002810012180F800129FED2A0AB0EE408A16
:103EA0009FED280AF0EE408A90ED0B0A0068D0EDF5
:103EB000080A30EE200AB0EE408A214890ED810ACF
:103EC0000068D0ED070A30EE200AF0EE408A1C4868
:103ED00090ED0D0AF0EE400AB0EE480AFDF754F8F6
:103EE000174880ED0B0A90ED830AF0EE400AB0EE21
:103EF000680AFDF749F8124880ED810A00BF90ED8D
:103F0000810AD0ED7F0AB4EEE00AF1EE10FA04D88F
:103F100090ED7F0A80ED810A0DE0094890ED810A5D
:103F2000D0ED7E0AB4EEE00AF1EE10FA03DB90ED7C
:103F30007E0A80ED810A00BFBDEC028B10BD00003F
:103F40001C95002000000000F8B5074600F058F866
:103F500004460BF08DFC0546FEF712FB064623488F
:103F6000407B20702148D0F80802C4F80100307866
:103F700004280BD11D4890ED0C0ADFED1D0A30EE30
:103F8000200A10EE100AC4F8050003E01748006B81
:103F9000C4F805001548D0F80C0244F8090F13487E
:103FA000406B60601148D0F81002A0600F4890ED9F
:103FB000770ADFED100A60EE200A9FED0F1A80EEFF
:103FC000810A10EE100AE060084890F8CE032074D1
:103FD000A868C4F81D00093C2A2023460322AA2110
:103FE00000900648FFF784FA0020F8BD1C950020D9
:103FF000E17A8C4100003443DB0F4940FC980020FB
:1040000000487047CB80002010B52948807B0128EC
:1040100007D0FA21274810F0CDFCFA21264810F0ED
:10402000C9FC0221224880F80012042180F82810DF
:104030000146886821490EF050FC1D4890ED0C0A9D
:1040400080ED0B0A1C4810F095FCF7EE000A30EEEC
:10405000C00A1748D0ED820A20EE200A80ED810ABE
:1040600090ED820AB0EEC00AF0EE000AB4EEE00A6B
:10407000F1EE10FA1BD80F4810F07CFCF7EE000AA6
:1040800030EEC00A0A48D0ED0C0A20EE200A80ED7E
:104090000B0A90ED0C0AB0EEC00AF0EE080AB4EE7E
:1040A000E00AF1EE10FA02D804200149487310BD6D
:1040B0001C950020600200207402002084850020EE
:1040C000417E027E91421FD0017E41B9B0F9D411E8
:1040D00000EE101AB8EEC00A80ED070A14E0017E67
:1040E000012902D0017E032904D190ED090A80ED57
:1040F000070A09E0017E022902D0017E042903D1CA
:1041000090ED080A80ED070A017E4176704710B5F0
:1041100004462046FFF7D4FF207E68B994ED070AD5
:10412000BDEEC00A10EE100A00B2A4F8D40104F1EA
:104130002C0000F06BFB3CE0207E01281BD194EDAD
:10414000702AF0EE421A94ED0A2AB0EE421A94ED6B
:10415000092AF0EE420A94ED072AB0EE420A04F171
:104160002C0000F05EFBBDEEC00A10EE100A00B29B
:10417000A4F8D4011DE0207E02281AD194ED702A03
:10418000F0EE421A94ED0A2AB0EE421A94ED082A93
:10419000F0EE420A94ED072AB0EE420A04F12C0038
:1041A00000F03FFBBDEEC00A10EE100A00B2A4F80A
:1041B000D40110BD004870474C8400207CB50546F2
:1041C0000C46002000900549019000232246886893
:1041D00040F2FF1106F0A9FC7CBD00001C950020F8
:1041E000004870472484002010B52DED028B9FED10
:1041F000320AB0EE408A9FED300AF0EE408A032189
:104200002E4880F82810012180F80012FEF7B8F936
:1042100004462A48006890ED080A2848D0ED0B0AA9
:1042200030EE200AB0EE408A207804280CD12348D2
:1042300090ED0D0AF0EE400AB0EE480AFCF7A4FE3D
:104240001E4880ED0B0A0BE01C4890ED0D0AF0EEC5
:10425000400AB0EE480AFCF797FE184880ED0B0ABA
:10426000164890ED810A0068D0ED070A30EE200A6A
:10427000124880ED810A00BF90ED810AD0ED7F0ADF
:10428000B4EEE00AF1EE10FA04D890ED7F0A80ED6A
:10429000810A0DE0094890ED810AD0ED7E0AB4EE66
:1042A000E00AF1EE10FA03DB90ED7E0A80ED810A60
:1042B00000BFBDEC028B10BD000000001C9500206B
:1042C00003212C4880F82810012180F8001290ED7D
:1042D0000B0A0068D0ED080A30EE200A254880ED70
:1042E0000B0A90ED810A0068D0ED070A30EE200A33
:1042F000204880ED810A00BF90ED0B0AD0ED090A3D
:10430000B4EEE00AF1EE10FA04D890ED090A80ED5F
:104310000B0A0DE0174890ED0B0AD0ED080AB4EE39
:10432000E00AF1EE10FA03DB90ED080A80ED0B0ACB
:1043300000BF00BF0F4890ED810AD0ED7F0AB4EEB8
:10434000E00AF1EE10FA04D890ED7F0A80ED810AC0
:104350000DE0084890ED810AD0ED7E0AB4EEE00A47
:10436000F1EE10FA03DB90ED7E0A80ED810A00BFCA
:10437000704700001C95002010B52048D0ED760A4B
:10438000B0EE600AFFF74AFB1C4880ED0C0A0246BB
:10439000B2F8F02111B20246D2F8E821128810B228
:1043A00006F0A6FB00EE100AB8EEC00A1348D0EDE6
:1043B0007D0A20EE200A80ED820A406890ED5C0ABA
:1043C0000E4880ED0D0A406890ED5A0A0B4880EDCA
:1043D000830A406890ED020ADFED090A20EE200A08
:1043E000064880ED0E0A406890ED010ADFED040AF0
:1043F00020EE200A014880ED840A10BD1C950020A3
:10440000E12E654200BFFFF7B7FFFFF7FDFC314823
:10441000407B072817D2DFE800F01604070A0D10CA
:104420001300FFF7F1FD0FE0FFF72CFD0CE0FFF7A5
:1044300047FF09E0FFF7D8FE06E000F077F803E059
:1044400005F0B0FB00BF00BF00BF0120224908708B
:1044500020481030FFF75BFE2048FFF758FE1D484C
:10446000407B30BB1B4898300FF04CFB1948F430B0
:104470000FF048FB194888300FF044FB1748E43030
:104480000FF040FB154878380FF03CFB0021114835
:10449000A0F8E411A0F8BC130146886810490EF09A
:1044A000EEF901210F4801F03BFB10B9012001F0AA
:1044B00013FA084AB2F9BC13B2F9E401FFF77EFE21
:1044C0000A200FF08FF8002010F0D4FE0649086093
:1044D00099E700001C950020B002002004970020FE
:1044E00084850020000002405002002000B587B003
:1044F000FA210A4810F05EFAFA21094810F05AFA37
:104500001C2208496846FBF766FF002168460FF049
:1045100092F80549086007B000BD00006002002065
:1045200074020020B06D01084802002010B52DED86
:10453000068B0321A84880F82810012180F800127A
:104540009FEDA60AB0EE408A9FEDA40AF0EE408AE5
:104550000BF08EF90446207F012872D1207F18B11C
:1045600000219F4A11605160A07F012836D19FED44
:104570009B0A9C4880ED000A9748006890ED070A66
:1045800030EE280AF0EE408A934890EDF10A80ED73
:10459000E90A606800EE100AF0EE080A08EEA00AC8
:1045A0008D4880ED810A206800EE100A8A48006874
:1045B000D0ED080A30EE200A874880ED0B0AE07F34
:1045C000012803D1844981F8CD0303E0002082490A
:1045D00081F8CD03012084490870DBE000207E498A
:1045E00081F8CD03084690ED0B0A0068D0ED080A6B
:1045F00030EE200AB0EE408A084690ED0D0AF0EE4B
:10460000400AB0EE480AFCF7BFFC734880ED0B0A85
:1046100090ED810A0068D0ED070A30EE200A6E485E
:1046200080ED810A00BF90ED810AD0ED7F0AB4EEE3
:10463000E00AF1EE10FA05D890ED7F0A80ED810ACC
:104640000EE00EE0644890ED810AD0ED7E0AB4EEF3
:10465000E00AF1EE10FA03DB90ED7E0A80ED810AAC
:1046600098E000205C4981F8CD035D48D0E9003036
:104670005A1C40F100005A49C1E900200846D0E91F
:10468000003032229A1A70F1000054D300205649AB
:1046900008703221524AC2E9001054480068FCF701
:1046A00067F89FED530B53EC102BFBF7C8FEFCF79C
:1046B000A3F84E4908604B480068FCF759F89FED95
:1046C0004E0B53EC102BFBF7BAFEFCF795F845495F
:1046D0000860084690ED000AFBF70EFEF1EE080AAE
:1046E000B2EE041A51EE000A4548C0ED000A3A48FD
:1046F00090ED0B0A0068D0ED080A30EE200AB0EE0B
:10470000408A18EE100AFCF733F89FED3E0B53EC8D
:10471000102BFBF794FEFCF76FF808EE100A2E48FA
:1047200090ED0D0AF0EE400AB0EE480AFCF72CFCC2
:10473000294880ED0B0A284890ED810A0068D0EDE9
:10474000070A30EE200A244880ED810A2C4890EDBB
:10475000000A214880ED810A00BF90ED810AD0ED6A
:104760007F0AB4EEE00AF1EE10FA04D890ED7F0A69
:1047700080ED810A0DE0184890ED810AD0ED7E0AA7
:10478000B4EEE00AF1EE10FA03DB90ED7E0A80ED64
:10479000810A00BF00BF104890ED810AD0ED7F0A6A
:1047A000B4EEE00AF1EE10FA04D890ED7F0A80ED45
:1047B000810A0DE0084890ED810AD0ED7E0AB4EE42
:1047C000E00AF1EE10FA03DB90ED7E0A80ED810A3B
:1047D00000BFBDEC068B10BD1C9500200000000042
:1047E00058020020B4020020C0020020B8020020BD
:1047F00000000000000000007B14AE47E17AB43FE7
:10480000BC0200209A9999999999E93F10B50446FC
:1048100004F15C000FF076F904F1B8000FF072F9C2
:1048200010BD10B52DED048B0446B0EE408AF0EEBD
:10483000608AB0EE419AF0EE619A84ED458AC4ED4B
:10484000468A204610F0E8F994ED1A0AD4ED4B0A96
:1048500020EE200A84ED240A94ED451AF0EE410A78
:1048600094ED461AB0EE410A04F15C000FF042F8F4
:1048700094ED250AD4ED240A30EE200A84ED470A8F
:1048800084ED489A94ED471AF0EE410A94ED481AE7
:10489000B0EE410A04F1B8000FF02CF894ED3C0A98
:1048A000BDEC048B10BD10B5024692F82030012BF0
:1048B00001D0022B06D1106840690843146860617A
:1048C000002010BD506A40F4802050620120F8E7BB
:1048D000F0B504460D461E4694F8207020688368A3
:1048E000A86800B900E000BF012F01D0022F7DD1E0
:1048F00003F0806030B903F0006018B903F0805015
:1049000000287ED0C3F30161012088403060A86890
:1049100060B9B5F800C0E86840EA4C5C206800F572
:10492000C07000EB0110C0F800C00FE0D5E901C075
:1049300040EACC00D5F80CC040EA0C00D4F800C026
:104940000CF5C07C0CEB011CCCF80000D5F810C0B5
:10495000206800F5C07000EB0110C0F804C0287D8D
:1049600001280ED1206800F5C07000EB01104068EE
:1049700040F4807C206800F5C07000EB0110C0F8A6
:1049800004C0D079000692F806C040EA0C4092F8C4
:1049900005C040EA0C2092F804C040EA0C00D4F8AC
:1049A00000C00CF5C07C0CEB011CCCF80C00D078DE
:1049B000000692F802C040EA0C4092F801C040EABA
:1049C0000C2092F800C040EA0C00D4F800C00CF5AE
:1049D000C07C0CEB011CCCF80800206800F5C0700E
:1049E00000EB0110006840F0010C01E00FE008E06E
:1049F000206800F5C07000EB0110C0F800C0002076
:104A0000F0BD606A40F4001060620120F8E7606A5F
:104A100040F4802060620120F2E70000F0B5044617
:104A20000A4694F82050012D01D0022D7ED1424932
:104A300001F50071086840F001000860086820F482
:104A40007C5008600868566A40EA06200860107DBD
:104A500000F01F06012000FA06F3C8699843C861F8
:104A6000A1F50071D069C8B9D1F80C029843C1F81A
:104A70000C02908880B2968940EA064601F51070D3
:104A8000576940F83760108880B2168940EA0646B8
:104A900001F51070576900EBC7004660D069012826
:104AA00019D1D1F80C021843C1F80C02908880B2D9
:104AB000168840EA064601F51070576940F83760DD
:104AC000908980B2168940EA064601F51070576950
:104AD00000EBC7004660906928B9D1F804029843FA
:104AE000C1F8040204E0D1F804021843C1F804023A
:104AF000106928B9D1F814029843C1F8140204E0EF
:104B0000D1F814021843C1F81402106A012804D124
:104B1000D1F81C021843C1F81C02D1F8000220F0A1
:104B20000100C1F800020020F0BDFFE7606A40F418
:104B3000802060620120F7E70064004010B5044661
:104B4000204600F087FB10BD70B5044694F8205055
:104B5000012D01D0022D7DD151B92068C06800F02F
:104B6000030080B9606A40F400106062012070BDEB
:104B70002068006900F0030028B9606A40F4001062
:104B800060620120F3E7206800F5D87000EB0110A7
:104B9000006800F004009060906840B9206800F55B
:104BA000D87000EB01100068400D106007E020682D
:104BB00000F5D87000EB01100068C0085060206854
:104BC00000F5D87000EB0110006800F00200D06022
:104BD000206800F5D87000EB0110406800F00F006D
:104BE000082802D30820106108E0206800F5D8707A
:104BF00000EB0110406800F00F001061206800F524
:104C0000D87000EB0110406800F47F40000A90610A
:104C1000206800F5D87000EB01104068000C50616E
:104C2000206800F5D87000EB0110806818702068CB
:104C300000F5D87000EB0110806800F47F40000A96
:104C40005870206800F5D87000EB0110806800F4FF
:104C50007F0000E03CE0000C9870206800F5D87000
:104C600000EB01108068000ED870206800F5D87045
:104C700000EB0110C0681871206800F5D87000EBD7
:104C80000110C06800F47F40000A5871206800F5E8
:104C9000D87000EB0110C06800F47F00000C987120
:104CA000206800F5D87000EB0110C068000ED871C4
:104CB00031B92068C06840F020002668F06005E047
:104CC0002068006940F020002668306100204EE72F
:104CD000606A40F480206062012048E701460020BD
:104CE00091F82020012A01D0022A11D10B689B687B
:104CF00003F0806303B1401C0B689B6803F0006302
:104D000003B1401C0B689B6803F0805303B1401C47
:104D100070472DE9F05F0446002520684669206849
:104D2000D0F80490206887682068D0F80CA020682C
:104D3000D0F810B02068D0F8188006F001000028E4
:104D400055D007F00100C0B101202168886007F04C
:104D5000020018B1204600F013FB0EE007F004003B
:104D600010B145F4006508E007F0080010B145F403
:104D7000805502E0204600F001FB07F48070C8B1C6
:104D80004FF480702168886007F4007018B12046E5
:104D900000F010FB0EE007F4806010B145F4005500
:104DA00008E007F4006010B145F4804502E02046B9
:104DB00000F0FEFA07F48030C8B14FF4803021686B
:104DC000886007F4003018B1204600F00DFB0EE0BB
:104DD00007F4802010B145F4004508E007F40020F6
:104DE00010B145F4803502E0204600F0FBFA06F0F1
:104DF000080038B10AF0100020B145F40075102009
:104E00002168C86006F0040040B10AF0080028B12B
:104E100008202168C860204600F02DFA06F0020044
:104E200038B12068C06800F0030010B1204600F0DF
:104E300023FA06F0400038B10BF0100020B145F421
:104E4000806510202168086106F0200040B10BF059
:104E5000080028B1082021680861204600F034FAD3
:104E600006F0100038B12068006900F0030010B1AE
:104E7000204600F02BFA06F4003040B109F0100093
:104E800028B1102021684860204600F047FA06F457
:104E9000803040B109F0080028B10820216848603E
:104EA000204600F0B9FA06F4004088B309F0040087
:104EB00078B306F4807020B108F0010008B145F025
:104EC000010506F4007020B108F0020008B145F0B9
:104ED000020506F4806020B108F0040008B145F036
:104EE000040506F40060A0B108F0700088B108F075
:104EF0007000402817D006DC10280BD020280CD0DA
:104F0000302819D10CE0502810D0602814D110E0BE
:104F10001DE019E045F008050FE045F010050CE034
:104F200045F0200509E045F0400506E045F0800524
:104F300003E045F4807500E000BF00BF2068806991
:104F400020F07000216888610420216848602DB13C
:104F5000606A284360622046FFF7F0FDBDE8F09FDD
:104F600070B504460CB9012070BD94F8200010B94A
:104F7000204600F0AFF82068006840F0010021688A
:104F8000086000F0DBFD05460DE000F0D7FD401B9A
:104F90000A2808D9606A40F400306062052084F86D
:104FA00020000120E0E72068406800F001000028B0
:104FB000EBD02068006820F002002168086000F053
:104FC000BDFD05460DE000F0B9FD401B0A2808D9DB
:104FD000606A40F400306062052084F820000120FF
:104FE000C2E72068406800F002000028EBD1207E74
:104FF000012806D12068006840F080002168086020
:1050000005E02068006820F0800021680860607E6C
:10501000012806D12068006840F04000216808603F
:1050200005E02068006820F0400021680860A07E4C
:10503000012806D12068006840F02000216808603F
:1050400005E02068006820F0200021680860E07E0C
:10505000012806D12068006820F01000216808604F
:1050600005E02068006840F0100021680860207F9B
:10507000012806D12068006840F008002168086017
:1050800005E02068006820F0080021680860607F63
:10509000012806D12068006840F0040021680860FB
:1050A00005E02068006820F0040021680860D4E969
:1050B0000201084321690843616908436168491E88
:1050C00008432168C86100206062012084F8200044
:1050D000002049E710B586B00446142101A8FBF76B
:1050E00093F956492068884249D155480068401CC8
:1050F000534908600846006801280FD100BF00200E
:1051000000905048006840F000704E490860084622
:10511000006800F00070009000BF00BF00BF0020DA
:10512000009048481038006840F0080045491039A0
:1051300008600846006800F00800009000BF00BF4B
:10514000032001900220029000200390032004908D
:105150000920059001A93C4800F0E8FB0022052148
:10516000132001F035F9132001F01EF9002205216A
:10517000142001F02DF9142001F016F95CE03349F8
:105180002068884258D100BF002000902D48006858
:1051900040F080602B4908600846006800F080609D
:1051A000009000BF00BF26480068401C24490860EA
:1051B0000846006801280FD100BF00200090214858
:1051C000006840F000701F4908600846006800F061
:1051D0000070009000BF00BF00BF00200090194881
:1051E0001038006840F0020016491039086008467F
:1051F000006800F00200009000BF00BF6020019036
:1052000002200290002003900320049009200590C2
:1052100001A90F4800F08AFB002205213F2001F080
:10522000D7F83F2001F0C0F800220521402001F00E
:10523000CFF8402001F0B8F806B010BD006400407F
:105240000400002040380240000C0240006800408A
:10525000000402400146002091F82020012A01D0DC
:10526000022A02D100234B6204E04B6A43F48023FC
:105270004B6201207047704730B589B005466B46D8
:1052800002AA00212846FFF75FFC002416E00D4823
:1052900050F8240000680068296888420CD1094849
:1052A00050F82400806A38B1064951F82410069A53
:1052B00002988B6A69469847601CC4B2022CE6DBF0
:1052C00009B030BD940000207047000030B589B0AF
:1052D00005466B4602AA00212846FFF735FC00244C
:1052E00016E00D4850F824000068006829688842DC
:1052F0000CD1094850F82400806A38B1064951F8A9
:105300002410069A02988B6A69469847601CC4B2BA
:10531000022CE6DB09B030BD94000020704770B568
:10532000044694F82000012822D1022084F82000AD
:105330002068006820F001002168086000F0FEFB92
:1053400005460DE000F0FAFB401B0A2808D9606A08
:1053500040F400306062052084F82000012070BD18
:105360002068406800F001000028EBD16062F6E799
:10537000606A40F4002060620120F0E7704700009E
:1053800070B5054600240EE0084850F82400006877
:1053900000682968884204D1044951F82400FCF7C8
:1053A00099FE601CC4B2022CEEDB70BD940000209C
:1053B0007047000070B5054600240EE0084850F81C
:1053C0002400006800682968884204D1044951F823
:1053D0002400FCF77FFE601CC4B2022CEEDB70BD23
:1053E000940000207047000070B5054600240EE0D0
:1053F000084850F82400006800682968884204D1F1
:10540000044951F82400FCF765FE601CC4B2022C6C
:10541000EEDB70BD94000020704770B50446A56DAA
:1054200000F08CFB064694F83500022808D0802056
:10543000606500BF002084F8340000BF012070BD0B
:105440002068006820F01600216808602068406924
:1054500020F0800021684861206C08B9A06C28B158
:105460002068006820F00800216808602068006853
:1054700020F001002168086010E000F05FFB801B55
:1054800005280BD920206065032084F8350000BF73
:10549000002084F8340000BF0320D0E720680068B3
:1054A00000F001000028E8D194F85C103F2088400B
:1054B000A860012084F8350000BF002084F8340083
:1054C00000BF00BFBBE7014691F83500022803D0BA
:1054D0008020486501207047052081F83500086864
:1054E000006820F001000A6810600020F3E7000067
:1054F000F8B50446002000908C4800684FF416511F
:10550000B0FBF1F7A56D2E6894F85C100820884078
:10551000304098B12068006800F0040070B1206845
:10552000006820F004002168086094F85C100820EE
:105530008840A860606D40F00100606594F85C10E0
:1055400001208840304068B12068406900F0800048
:1055500040B194F85C1001208840A860606D40F074
:105560000200606594F85C1004208840304068B107
:105570002068006800F0020040B194F85C1004203C
:105580008840A860606D40F00400606594F85C108D
:1055900010208840304078B32068006800F0080090
:1055A00050B394F85C1010208840A8602068006810
:1055B00000F4802080B12068006800F4002028B941
:1055C000206CC8B12046216C884715E0A06C98B1CA
:1055D0002046A16C88470FE02068006800F48070C6
:1055E00028B92068006820F0080021680860206C55
:1055F00010B12046216C884794F85C102020884028
:105600003040002865D02068006800F010000028B5
:105610005FD094F85C1020208840A86094F8350092
:10562000052828D12068006820F01600216808604D
:105630002068406920F0800021684861206C08B92A
:10564000A06C28B12068006820F00800216808607C
:1056500094F85C103F208840A860012084F8350051
:1056600000BF002084F8340000BF206D10B1204638
:10567000216D8847F8BD2068006800F4802080B163
:105680002068006800F4002028B9606C10B1204642
:10569000616C88471DE0E06BD8B12046E16B88471C
:1056A00017E02068006800F4807068B9206800681E
:1056B00020F0100021680860012084F8350000BF48
:1056C000002084F8340000BFE06B10B12046E16B8D
:1056D0008847606D38B3606D00F00100F0B10520BF
:1056E00084F835002068006820F001002168086017
:1056F00000BF0098401C0090B84200D905E0206827
:10570000006800F001000028F3D100BF012084F8F8
:10571000350000BF002084F8340000BFE06C10B1F9
:105720002046E16C884700BFA4E700001400002079
:105730002DE9F0410446002500F000FA074614B9AF
:105740000120BDE8F081606A00B100BF022084F84A
:10575000350000BF002084F8340000BF20680068D6
:1057600020F00100216808600AE000F0E7F9C01BA2
:10577000052805D920206065032084F83500E0E77E
:105780002068006800F001000028EED1206805685C
:1057900021480540D4E901010843E1680843216933
:1057A000084361690843A1690843E1690843216A24
:1057B00008430543606A042803D1D4E90B01084378
:1057C0000543206805602068456925F00705606A83
:1057D0000543606A04280DD1A06A0543E06A48B118
:1057E0002046FEF7AFF828B140206065012084F81C
:1057F0003500A6E7206845612046FEF789F8064691
:1058000094F85C103F208840B06000206065012063
:1058100084F83500002094E73F8010F02DE9F04730
:1058200004460D4616461F464FF00008D4F858901F
:1058300000BF94F83400012802D10220BDE8F087AF
:10584000012084F8340000BF94F83500012825D1E8
:10585000022084F83500002060653B463246294628
:105860002046FEF7C4F894F85C103F208840C9F841
:1058700008002068006840F0160021680860206C6D
:1058800028B12068006840F008002168086020689E
:10589000006840F001002168086006E000BF0020B9
:1058A00084F8340000BF4FF002084046C6E700000D
:1058B00070B5044600F042F906462546681C10B152
:1058C00004480078054400BF00F038F9801BA84266
:1058D000FAD370BD1000002070B50546002412E018
:1058E0000A4850F824004068A8420AD1074850F8F6
:1058F0002400007A052804D1044951F82410C8680E
:105900008047601CC4B20A2CEADB70BD9C4E0020AC
:1059100010B5044604480068204020B102480460E5
:105920002046FFF7D9FF10BD143C0140F8B50246F0
:105930000B460025002400200021D6E0012606FAAF
:1059400001F51E6806EA0504AC4274D11E7906F022
:105950000306012E04D01E7906F00306022E13D191
:1059600090684F000326BE40B0434F00DE68BE4043
:1059700030439060506801268E40B0431E79C6F3D4
:1059800000168E40304350601E7906F00306032E49
:1059900009D0D0684F000326BE40B0434F009E6838
:1059A000BE403043D0601E7906F00306022E13D1AC
:1059B000CF0802F1200656F827004E07F70E0F26F3
:1059C000BE40B0434F07FF0E1E69BE403043CF08B4
:1059D00002F1200646F8270010684F000326BE405B
:1059E000B0431E7906F003064F00BE4030431060FE
:1059F0005E6806F44036002E76D000BF0026009682
:105A00003C4E366846F480463A4F3E603E46366825
:105A100006F48046009600BF00BF374E8F0856F848
:105A200027008E07370F0F26BE40B043334EB242D9
:105A300002D1002624E057E0314EB24201D10126C6
:105A40001EE0304EB24201D1022619E02E4EB24283
:105A500001D1032614E02D4EB24201D104260FE0FD
:105A60002B4EB24201D105260AE02A4EB24201D1A4
:105A7000062605E0284EB24201D1072600E008269E
:105A80008F073F0FBE4030431B4E8F0846F827005C
:105A9000224E3068A0435E6806F4801606B12043AB
:105AA0001E4E3060361D3068A0435E6806F4001656
:105AB00006B12043194E361D3060184E361F30682F
:105AC000A0435E6806F4003606B12043134E361F2D
:105AD0003060361F3068A0435E6806F4803606B139
:105AE00020430E4E083E3060491C1029FFF426AFBB
:105AF000F8BD000044380240083801400000024070
:105B00000004024000080240000C02400010024065
:105B10000014024000180240001C0240083C0140F2
:105B2000024613690B400BB1012000E000207047D2
:105B30000AB1816101E00B0483617047014800688C
:105B4000704700000800002070B504460CB9012021
:105B500070BD94F83D0028B9002084F83C00204630
:105B600000F010FB242084F83D002068006820F03D
:105B70000100216808602068006840F40040216846
:105B800008602068006820F400402168086001F087
:105B90002DFC05465C496068884206D85B48854212
:105BA00001D2012007E0002005E05948854201D2DA
:105BB000012000E00020012800D1C9E75548B5FBCD
:105BC000F0F62068406820F03F00304321684860CC
:105BD0004D496068884201D8701C07E04FF4967008
:105BE00070434FF47A71B0FBF1F0401C2168096AF0
:105BF00021F03F01084321680862434960688842F8
:105C000014D8681E61684900B0FBF1F0401CC0F375
:105C10000B00042801D204203DE0681E61684900A1
:105C2000B0FBF1F0401CC0F30B0034E0A06838B9C1
:105C3000681E616801EB4101B0FBF1F0401C0AE015
:105C4000681E616801EBC10202EB0111B0FBF1F0CB
:105C5000401C40F48040C0F30B0008B901201AE05A
:105C6000A06848B9681E616801EB4101B0FBF1F022
:105C7000401CC0F30B000CE0681E616801EBC10220
:105C800002EB0111B0FBF1F0401CC0F30B0040F43B
:105C9000804040F400402168C9694CF6FF7291438E
:105CA00008432168C861D4E90701084321680968ED
:105CB00021F0C001084321680860D4E903100843BB
:105CC0002168896848F2FF3291430843216888605F
:105CD000D4E9050108432168C96821F0FF010843A0
:105CE0002168C8602068006840F0010021680860F1
:105CF00000202064202084F83D000020206384F8E8
:105D00003E0000BF24E70000A086010080841E0042
:105D100000093D0040420F002DE9FC5F04460F469C
:105D200090469946DDE90CAB0E9EFFF707FF05464E
:105D300094F83D00202870D119230122B54920464E
:105D4000009503F010FA10B10220BDE8FC9F00BFDF
:105D500094F83C00012801D10220F6E7012084F8E4
:105D60003C0000BF2068006800F0010028B92068EE
:105D7000006840F00100216808602068006820F495
:105D8000006021680860222084F83D00402084F8EB
:105D90003E0000202064C4F824A0A4F82AB0608D3E
:105DA00020859D48E0624B46424639462046CDE973
:105DB000006503F085F808B10120C6E7208D88B999
:105DC00000BF002001902068406901902068806930
:105DD000019000BF00BF2068006840F40070216897
:105DE000086040E0208D012818D12068006820F468
:105DF00080602168086000BF002001902068406931
:105E0000019020688069019000BF00BF2068006891
:105E100040F400702168086025E0F8E0208D022839
:105E200016D12068006820F480602168086020682E
:105E3000006840F400602168086000BF0020019005
:105E400020684069019020688069019000BF0AE0E5
:105E500000BF00200190206840690190206880699F
:105E6000019000BF00BFC3E0208D03287ED8208DA5
:105E7000012815D12A463146204603F050FA08B1D0
:105E8000012062E720680069616A0870606A401C4E
:105E90006062208D401E2085608D401E6085A7E0D9
:105EA000208D02282AD1334600225C4920460095E5
:105EB00003F059F908B1012047E72068006840F471
:105EC00000702168086020680069616A0870606A73
:105ED000401C6062208D401E2085608D401E6085C4
:105EE00020680069616A0870606A401C6062208DE9
:105EF000401E2085608D401E608579E0334600227B
:105F000046492046009503F02EF908B101201CE710
:105F10002068006820F480602168086020680069BB
:105F2000616A0870606A401C6062208D401E208596
:105F3000608D401E6085334600223849204600951A
:105F400003F011F908B10120FFE62068006840F471
:105F500000702168086020680069616A0870606AE2
:105F6000401C6062208D401E208500E010E0608DA6
:105F7000401E608520680069616A0870606A401C84
:105F80006062208D401E2085608D401E60852FE060
:105F90002A463146204603F0C2F908B10120D4E672
:105FA00020680069616A0870606A401C6062208D28
:105FB000401E2085608D401E608520684069C0F3CA
:105FC0008000A8B1208D032805D12068006820F446
:105FD00080602168086020680069616A0870606AF2
:105FE000401C6062208D401E2085608D401E6085B3
:105FF000208D00287FF438AF202084F83D00002059
:1060000084F83E0000BF84F83C0000BF9DE60220FB
:106010009BE60000020010000000FFFF04000100EA
:106020002DE9FC5F04460F4690469946DDE90CAB2E
:106030000E9EFFF783FD054694F83D0020287DD194
:10604000192301224D492046009503F08CF810B128
:106050000220BDE8FC9F00BF94F83C00012801D15C
:106060000220F6E7012084F83C0000BF20680068A9
:1060700000F0010028B92068006840F001002168A4
:1060800008602068006820F4006021680860212012
:1060900084F83D00402084F83E0000202064C4F8CD
:1060A00024A0A4F82AB0608D20853548E0624B46D4
:1060B000424639462046CDE9006502F0B1FF08B1FD
:1060C0000120C6E731E02A463146204603F06CF94C
:1060D00050B1206C042805D12068006840F400709D
:1060E000216808600120B4E7606A007821680861CF
:1060F000606A401C6062208D401E2085608D401EBD
:10610000608520684069C0F3800070B1208D60B167
:10611000606A007821680861606A401C6062208DB6
:10612000401E2085608D401E6085208D0028CAD1CC
:106130002A463146204602F0E3FF00E01CE050B161
:10614000206C042805D12068006840F400702168A4
:10615000086001207DE72068006840F40070216835
:106160000860202084F83D00002084F83E0000BF35
:1061700084F83C0000BF6CE702206AE702001000D0
:106180000000FFFF10B586B00446142101A8FAF7FD
:106190003BF92A49206888424DD100BF0020009079
:1061A0002748006840F00400254908600846006858
:1061B00000F00400009000BF00BF00BF002000906E
:1061C0000846006840F0010008600846006800F0DA
:1061D0000100009000BF00BF4815019012200290FE
:1061E00001200390032004900420059001A9154884
:1061F000FFF79CFB4FF48070019012200290012069
:106200000390032004900420059001A90E48FFF795
:106210008DFB00BF0020009009481030006840F45A
:1062200000000749103108600846006800F40000CB
:10623000009000BF00BF06B010BD0000005C004031
:106240003038024000080240000002400348006865
:106250000349097808440149086070470800002094
:106260001000002010B50D48006840F400700B4984
:1062700008600846006840F48060086008460068CE
:1062800040F480700860032000F0E0F8002000F087
:1062900007F800F05FF8002010BD0000003C02404D
:1062A0002DE9F04188B004460027B84600BF002021
:1062B00001902348006840F010002149086008461A
:1062C000006800F01000019000BF00BF02A903A801
:1062D00001F064F8069F1FB901F088F8054602E056
:1062E00001F084F845001748B5FBF0F0A0F1010873
:1062F00015481649086040F2E7311448C160C0F8FB
:106300000480002101618160816101F07BFD06460E
:1063100096B90E4801F00AFE06466EB9362000F026
:1063200043F8102C07D200222146362000F050F806
:106330000748046000E00126304608B0BDE8F0815F
:106340004038024040420F00001000403C10002046
:106350000C00002008B500BF002000901148006824
:1063600040F480400F4908600846006800F480400F
:10637000009000BF00BF00BF00200090081F006811
:1063800040F08050091F08600846006800F0805007
:10639000009000BF00BF00220F21901E00F018F8EF
:1063A00008BD0000443802400146084600280DDBC5
:1063B00000BF00BF00F01F0301229A4043099B0069
:1063C00003F1E023C3F8002100BF00BF00BF704706
:1063D0002DE9F05F80460D461646002709F08CFA3D
:1063E000074639462A46334601F00700C0F1070A3E
:1063F000BAF1040F02D94FF0040A01E0C0F1070A14
:10640000D14600F1040ABAF1070F02D24FF0000A98
:1064100001E0A0F1030AD4464FF0010A0AFA09FA92
:10642000AAF1010A0AEA020A0AFA0CFA4FF0010B71
:106430000BFA0CFBABF1010B0BEA030B4AEA0B0462
:106440002146404609F060FABDE8F09F00BF00F029
:106450000702064B19684FF6FF031940044B0B4324
:1064600043EA0221014B196000BF70470CED00E0C8
:106470000000FA057047024610684162002070472C
:10648000F0B5034615461868446A21B944EA054048
:106490001E68B06219E01868806A04EB104400229C
:1064A00008E0186800F5827050F8220004EB1044F0
:1064B000501CC2B2481E9042F3D844EA05471868FF
:1064C00000F582704E1E40F826700020F0BD10B519
:1064D0000446D4F8E00407F0EAFC10BD70B50446A9
:1064E0000D4605EBC50304F1140101EB8301CA68F5
:1064F0002946D4F8E00407F0CDFB70BD70B5044622
:106500000D4605EBC50304F5157101EB8301CA685F
:106510002946D4F8E00407F045FC70BD10B50446E8
:10652000D4F8E00407F0C6FC10BD2DE9F0410446A4
:106530000D4605F08000802808D105F00F0000EB23
:10654000C00104F1140000EB810607E005F00F0024
:1065500000EBC00104F5157000EB810631462068A0
:1065600008F0FEFE07463846BDE8F08170B50446E7
:106570000E4606F0800080280AD106F00F0000EBDE
:10658000C00104F1140000EB81050120687009E0EE
:1065900006F00F0000EBC00104F5157000EB81055B
:1065A0000020687006F00F00287000BF94F8940473
:1065B000012801D1022070BD012084F8940400BF9D
:1065C0002946206808F05AFA00BF002084F8940495
:1065D00000BF00BFEFE770B504460E4606F00F009F
:1065E0002179884201D9012070BD06F08000802801
:1065F0000AD106F00F0000EBC00104F1140000EB1B
:1066000081050120687009E006F00F0000EBC00171
:1066100004F5157000EB8105002068700020A8705B
:1066200006F00F00287000BF94F89404012801D1EF
:106630000220D9E7012084F8940400BF294620688D
:1066400008F01AFC00BF002084F8940400BF00BFCB
:10665000CAE7024601F00F0000EBC00302F5157017
:1066600000EB8300406970472DE9F04705460E4670
:1066700090461F464FF0000906F0800080280AD19E
:1066800006F00F0000EBC00105F1140000EB8104DF
:106690000120607009E006F00F0000EBC00105F575
:1066A000157000EB81040020607006F00F00207070
:1066B000C8F30A00A0602771607808B12078608371
:1066C000022F01D10020607100BF95F894040128C9
:1066D00002D10220BDE8F087012085F8940400BFB4
:1066E0002146286808F0D6F800BF002085F89404F9
:1066F00000BF4846EEE72DE9F04105460E46174635
:10670000984606F00F0000EBC00105F5157000EB90
:106710008104E760C4F8108000206061607006F0BA
:106720000F002070A879012800D1E761AA792146DD
:10673000286808F035FC0020BDE8F08170B50446FB
:106740000D4605F00F002179884201D9012070BD66
:1067500005F0800080280AD105F00F0000EBC00191
:1067600004F1140000EB81060120707007E005EBD6
:10677000C50104F5157000EB810600207070012042
:10678000B07005F00F00307000BF94F89404012839
:1067900001D10220DBE7012084F8940400BF3146D8
:1067A000206808F0B0FB05F00F0028B9A17904F2C9
:1067B0009C42206808F028FB00BF002084F8940465
:1067C00000BF00BFC3E72DE9F04105460E4617465E
:1067D000984606F00F0000EBC00105F1140000EB35
:1067E0008104E760C4F810800020606101206070BF
:1067F00006F00F002070A879012800D1E761AA797E
:106800002146286808F0CCFB0020BDE8F0812DE986
:10681000FE4F0446D4F800B05E46206808F082FEC1
:10682000002874D1206808F0BCFE08B9BDE8FE8FCE
:1068300040F608008059C0F30D20C4F8D404206845
:1068400008F0AFFE00F00200022805D12068406980
:1068500000F0020021684861206808F0A2FE00F004
:106860001000102845D12068806920F010002168B0
:106870008861DBF8209009F00F0000EBC00104F5FF
:10688000157000EB810AC9F3434002281AD147F67C
:10689000F07009EA000030B3C9F30A125846DAF87A
:1068A0000C1008F083FEC9F30A11DAF80C00084452
:1068B000CAF80C00C9F30A11DAF814000844CAF83F
:1068C000140010E0C9F3434006280CD1082204F25A
:1068D0009C41584608F06AFEC9F30A11DAF8140020
:1068E0000844CAF814002068806940F0100021684C
:1068F0008861206808F055FE00F40020B0F5002FF4
:106900007BD10025206808F01CFE029072E0E1E2D5
:10691000029800F00100002868D0E9B2206808F071
:1069200033FE804608F0010048B1012106F53060D1
:1069300000EB451081602946204604F087F908F0F5
:106940000800082809D1082106F5306000EB451041
:1069500081602946204604F047F908F0100010280D
:1069600005D1102106F5306000EB4510816008F07C
:106970000200022824D1DBF8140000F080008028F7
:1069800007D140F60400805940F4806140F60400CD
:10699000815105EBC50104F5157000EB810A9AF8E9
:1069A0000300012806D100208AF80300E9B220463E
:1069B00000F09BFA022106F5306000EB4510816083
:1069C00008F02000202805D1202106F5306000EBDA
:1069D0004510816008F40050B0F5005F06D14FF417
:1069E000005106F5306000EB451081606D1C029887
:1069F00040080290029800288AD1206808F0D1FD52
:106A000000F48020B0F5802F7DD1206808F08FFD44
:106A1000029000259AE0029800F00100002873D04F
:106A2000E9B2206808F097FD804608F00100F0B355
:106A300005F00F0101208840019040F63400815993
:106A4000019821EA000040F634018851012106F541
:106A5000106000EB45108160A079012824D105EB7E
:106A6000C50104F1140000EB810005EBC502C1680B
:106A700004F1140000EB82008068014405EBC502BC
:106A800004F1140000EB8200C1606DB905EBC50193
:106A900004F1140000EB8100006928B904F29C4263
:106AA0000121206808F0B0F9E9B2204600E001E0D9
:106AB000FFF714FD08F00800082805D1082106F5A5
:106AC000106000EB4510816008F01000102805D11F
:106AD000102106F5106000EB4510816008F04000C1
:106AE000402805D1402106F5106000EB451081607B
:106AF00008F0020002281DD12946584608F0D5FCAE
:106B000005EBC50101E025E01CE004F1140000EBF9
:106B1000810A9AF80300012806D100208AF80300B0
:106B2000E9B2204600F0D8F9022106F5106000EB2A
:106B30004510816008F08000802803D12946204656
:106B400004F026F96D1C0298400802900298002873
:106B50007FF461AF206808F024FD00F00040B0F140
:106B6000004F1CD140F60400805920F0010140F68E
:106B70000400815194F8CC04012807D1002084F846
:106B8000CC0400212046FFF775FC02E0204600F00F
:106B9000D1FA2068406900F000402168486120680F
:106BA00008F0FFFC00F40060B0F5006F0ED140F675
:106BB0000800805900F0010010B1204600F012FBDF
:106BC0002068406900F4006021684861206808F08E
:106BD000E8FC00F48050B0F5805F7ED140F6040000
:106BE000805920F0010140F60400815110212068F5
:106BF00008F05BFC002732E04FF67F3106F51060AD
:106C000000EB4710816006F5106000EB471000684C
:106C100020F4001106F5106000EB471001604FF6FC
:106C20007F3106F5306000EB4710816006F530607B
:106C300000EB4710006820F4001106F5306000EB0F
:106C40004710016006F5306000EB4710006840F027
:106C5000006106F5306000EB471001607F1C207971
:106C6000B842C9D840F61C00805940F0011140F6E6
:106C70001C008151E07B70B1D6F8840840F00B0114
:106C8000C6F8841840F64400805940F00B0140F6E5
:106C9000440081510FE040F61400805942F22B016C
:106CA000084340F614018851081F805940F00B0139
:106CB0004FF401608151D6F8000820F4FE60C6F858
:106CC0000008A17904F29C42206808F09DF8206831
:106CD000406900F48050216800E000E048612068CD
:106CE00008F05FFC00F40050B0F5005F17D1206899
:106CF00007F038FE206808F002FCE07100F070FB3D
:106D00000090E2792068009908F0D2FC204600F05B
:106D1000F9F92068406900F4005021684861206852
:106D200008F03FFC00F00800082808D1204600F0D9
:106D300008FA2068406900F008002168486120686E
:106D400008F02FFC00F08000802818D1DBF8180034
:106D500020F08000CBF8180001250DE005EBC501FF
:106D600004F5157000EB8100C078012803D1E9B269
:106D70002046FFF7DAFB6D1C2079A842EED8206888
:106D800008F00FFC00F48010B0F5801F2DD1012514
:106D900022E006F5106000EB4510D0F8009005EBFE
:106DA000C50104F1140000EB81000079012812D123
:106DB00009F00040B0F1004F0DD1012105EBC502F3
:106DC00004F1140000EB8200C170E8B240F08001D1
:106DD0002046FFF7AAFB6D1C2079A842D9D820686D
:106DE000406900F4801021684861206808F0D9FBF0
:106DF00000F40010B0F5001F44D1012538E006F57D
:106E0000306000EB4510D0F8009005EBC50104F5AB
:106E1000157000EB81000079012828D109F00040AD
:106E2000B0F1004F23D194F8D40400F00100C9F36D
:106E3000004188421BD1012105EBC50204F5157004
:106E400000EB8200C170DBF8180040F08000CBF846
:106E50001800DBF8140000F0800040B940F6040090
:106E6000805940F4007140F60400815103E06D1C2C
:106E70002079A842C3D800BF2068406900F4001000
:106E800021684861206808F08CFB00F08040B0F178
:106E9000804F08D12046FFF71AFB2068406900F0B8
:106EA000804021684861206808F07BFB00F0040006
:106EB00004280FD12068D0F8049009F004000428B9
:106EC00002D12046FFF72AFB2068406840EA09000B
:106ED0002168486000BFA9E470B504460D46294604
:106EE000D4F8E00407F052F870BD70B504460D46C2
:106EF0002946D4F8E00407F06DF870BDF8B50446F3
:106F00000CB90120F8BD266894F8950428B9002032
:106F100084F89404204600F0A1F8032084F8950436
:106F2000B6F1A04F01D10021A171206807F064FFE4
:106F3000207C8DF8000094E80F0007F027FD20B1B9
:106F4000022084F895040120DCE70021206808F085
:106F50005DFB20B1022084F895040120D2E70025D2
:106F600031E0012105EBC50204F1140000EB8200C1
:106F7000417005EBC50104F1140000F8215005EB48
:106F8000C50100EB81004583002105EBC50204F13A
:106F9000140000EB8200017105EBC50204F114003E
:106FA00000EB8200816005EBC50204F1140000EBE8
:106FB0008200C16005EBC50204F1140000EB820001
:106FC0000161681CC5B22079A842CADC00252AE00C
:106FD000002105EBC50204F5157000EB820041703D
:106FE00005EBC50104F5157000F82150002105EBF3
:106FF000C50200EB8200017105EBC50204F51570B6
:1070000000EB8200816005EBC50204F5157000EB12
:107010008200C16005EBC50204F5157000EB82002B
:107020000161681CC5B22079A842D1DC207C8DF8B2
:10703000000094E80F0007F0EBFD20B1022084F877
:10704000950401205EE700206074012084F8950417
:10705000206807F0CBFD002054E7000010B586B093
:107060000446142101A8F9F7CFF92068B0F1A04F28
:1070700042D100BF002000902048006840F001008D
:107080001E4908600846006800F00100009000BF3B
:1070900000BF4FF4C05001900220029000200390E6
:1070A000032004900A20059001A91548FEF73EFC34
:1070B00000BF1248001D006840F080000F49091D04
:1070C000086000BF002000900C481430006840F4B5
:1070D00080400A49143108600846006800F4804086
:1070E000009000BF00BF00BF002205214320FFF732
:1070F0006FF94320FFF758F906B010BD3038024051
:107100000000024070B504460125E07908B9002569
:1071100006E0E079022801D1012501E0FCF74BFDF2
:107120002946D4F8E00406F0FFFFD4F8E00406F0A6
:10713000A5FF70BD10B50446D4F8E00406F0D5FFF5
:1071400010BD10B50446D4F8E00406F0D9FF10BD18
:1071500070B504460D4600BF94F89404012801D18F
:10716000022070BD012084F8940400BF6574294694
:10717000206808F07FFA00BF002084F8940400BF64
:1071800000BFEEE710B5044604F29C41D4F8E004D9
:1071900006F0E1FF10BD70B50446256800BF94F805
:1071A0009404012801D1022070BD012084F89404C8
:1071B00000BFE86800F0400030B1607B012803D1D7
:1071C000A86B40F48030A863206808F03FF920687D
:1071D00007F0FAFC00BF002084F8940400BF00BF51
:1071E000E2E7000010B50446D4F8E00407F010F818
:1071F0002068D0F8000E40F001002168C1F8000EB0
:10720000E07A28B10348006840F0060001490860B0
:1072100010BD000010ED00E070B504460D460CB93D
:10722000012070BD5848006800F00700A84209D24C
:1072300055490D700846006800F00700A84201D0CB
:107240000120EEE7207800F0020002281DD120780E
:1072500000F00400042805D14C48006840F4E050D8
:107260004A490860207800F00800082805D14748FE
:10727000006840F46040454908604448006820F0D8
:10728000F000A168084341490860207800F001003F
:10729000A8B36068012807D13C4808380068C0F3EB
:1072A0004040B8B90120BCE76068022802D060689D
:1072B000032807D1354808380068C0F3406048B952
:1072C0000120AEE7314808380068C0F3400008B933
:1072D0000120A6E72D48006820F0030061680843FC
:1072E0002A490860FEF72AFC064609E0FEF726FC5C
:1072F000801B41F28831884202D9032091E707E0E0
:107300002248006800F00C006168B0EB810FEDD1FD
:107310001D48006800F00700A84209D91A490D70FD
:107320000846006800F00700A84201D0012078E775
:10733000207800F00400042807D11448006820F4E5
:10734000E050E168084311490860207800F0080027
:10735000082808D10D48006820F46040216940EAFF
:10736000C1000A49086000F061F808490968C1F3E2
:107370000311074A515CC840064908600648006886
:10738000FEF78EFF00204CE7003C02400838024028
:10739000DC690108140000200C0000200F220260AC
:1073A0000D4A126802F0030242600B4A126802F0B2
:1073B000F0028260084A126802F4E052C260064A93
:1073C000126802F46042D2080261044A126802F0B4
:1073D00007020A607047000008380240003C024083
:1073E00001480068704700001400002000B5FFF756
:1073F000F7FF04490968C1F38221034A515CC84080
:1074000000BD000008380240EC69010800B5FFF734
:10741000E7FF04490968C1F34231034A515CC8409F
:1074200000BD000008380240EC6901082DE9F04772
:10743000002400250026A1462548006800F00C0025
:1074400020B1042805D008283AD105E0DFF884905F
:1074500039E0DFF8849036E01D48001F006800F036
:107460003F041B48001F006800F4800078B11A48F0
:107470001749091F0968C1F38811A0FB0170014673
:10748000224600233846F8F771FF05460EE0114802
:107490000F49091F0968C1F38811A0FB017001465B
:1074A000224600233846F8F761FF05460848001FCA
:1074B0000068C0F30140401C4600B5FBF6F902E04D
:1074C000DFF8109000BF00BF4846BDE8F08700001D
:1074D000083802400024F400001BB700F8B5044649
:1074E0000CB90120F8BD207800F00100002874D00C
:1074F000F948006800F00C0004280DD0F648006838
:1075000000F00C00082813D1F348001F006800F4B5
:107510008000B0F5800F0BD1EF4808380068C0F349
:107520004040002859D06068002856D10120D9E792
:1075300000BF6068B0F5803F08D1E74808380068B0
:1075400040F48030E449083908601EE06068B0F516
:10755000A02F0DD1E0480838006840F48020DE49B3
:10756000083908600846006840F4803008600CE084
:10757000D9480838006820F48030D74908390860B5
:107580000846006820F48020086000BF606890B161
:10759000FEF7D4FA054606E0FEF7D0FA401B642851
:1075A00001D903209EE7CC4808380068C0F340406A
:1075B0000028F1D011E0FEF7C1FA054606E0FEF71B
:1075C000BDFA401B642801D903208BE7C248083864
:1075D0000068C0F340400028F1D1207800F002009C
:1075E00002285FD1BC48006800F00C0058B1BA48CE
:1075F000006800F00C0008281CD1B748001F006884
:1076000000F48000B0B9B44808380068C0F3400006
:1076100020B1E068012801D0012063E7AE480838B6
:10762000006820F0F800216940EAC100AA49083941
:10763000086037E0E06800B30120A8490860FEF761
:107640007DFA054606E0FEF779FA401B022801D9CB
:10765000032047E7A04808380068C0F3400000282E
:10766000F1D09D480838006820F0F800216940EA10
:10767000C10099490839086014E000209749086062
:10768000FEF75CFA054606E0FEF758FA401B0228B2
:1076900001D9032026E7904808380068C0F340006D
:1076A0000028F1D1207800F0080008282CD160696A
:1076B000A8B101208A490860FEF740FA054606E0B5
:1076C000FEF73CFA401B022801D903200AE7824852
:1076D0006C300068C0F340000028F1D014E00020B6
:1076E0007F490860FEF72AFA054606E0FEF726FA0B
:1076F000401B022801D90320F4E677486C3000686B
:10770000C0F340000028F1D1207800F004000428E4
:1077100070D1002770483830006800F0805090B970
:1077200000BF002000906C483830006840F0805066
:107730006949383108600846006800F080500090C0
:1077400000BF00BF01276748006800F48070B0B92F
:107750006448006840F4807062490860FEF7EEF902
:10776000054606E0FEF7EAF9401B022801D903208E
:10777000B8E65C48006800F480700028F2D000BFD2
:10778000A068012808D154486830006840F0010022
:107790005149683108601DE0A06805280DD14E48A8
:1077A0006830006840F004004B49683108600846C2
:1077B000006840F0010008600CE04748683000684D
:1077C00020F001004449683108600846006820F054
:1077D0000400086000BFA068A8B1FEF7AFF9054635
:1077E00009E0FEF7ABF9401B41F28831884202D92B
:1077F000032077E626E0384868300068C0F3400090
:107800000028EED013E0FEF799F9054608E0FEF7F0
:1078100095F9401B41F28831884201D9032061E685
:107820002D4868300068C0F340000028EFD1012FD8
:1078300007D129483830006820F080502649383177
:10784000086000BFA069002845D02348006800F008
:107850000C0008285DD0A069022845D100201F49EE
:107860000866FEF76BF9054606E0FEF767F9401B70
:10787000022801D9032035E6174808380068C0F30C
:1078800040600028F1D1D4E907010843616A40EA69
:1078900081110122A06AC2EB500041EA00412C2074
:1078A000005D41EA00600C49091F086001200B4996
:1078B0000866FEF743F9054606E0FEF73FF9401B70
:1078C000022801D903200DE6034808380068C0F3F8
:1078D00040600028F1D049E00838024000004742EB
:1078E000800E474200700040002021490866FEF7E4
:1078F00025F9054606E0FEF721F9401B022801D9CB
:107900000320EFE51B480068C0F340600028F2D177
:107910002CE0A069012800D1E4E51648001D0668A6
:10792000A069012820D006F48001E06981421BD1C2
:1079300006F03F01206A814216D147F6C070304000
:10794000616AB0EB811F0FD106F440310122A06AB9
:10795000C2EB5000B1EB004F06D106F070612C2055
:10796000005DB1EB006F01D00120BBE50020B9E55F
:10797000000047420038024010B504460CB901200F
:1079800010BD606A38B96068B0F5827F00D105E04B
:107990000021E16102E00021216161610021A16219
:1079A00094F8510028B9002084F85000204600F0D7
:1079B00047F8022084F851002068006820F0400059
:1079C00021680860A08800F48270218901F40441D4
:1079D0000843A18901F400610843217C01F0020100
:1079E0000843217D01F001010843218B01F400715E
:1079F0000843217F01F0380108432021095D01F08F
:107A000080010843218D01F400510843216808607A
:107A10000421A06901EA104094F8241001F010013B
:107A20000843216848602068C06920F4006021682C
:107A3000C86100206065012084F8510000209FE7A4
:107A400010B586B00446142101A8F8F7DDFC2949D9
:107A5000206888424CD100BF002000902648006872
:107A600040F48050244908600846006800F48050C3
:107A7000009000BF00BF00BF002000901E481438D7
:107A8000006840F002001C4914390860084600688C
:107A900000F00200009000BF00BF00BF0020009077
:107AA0000846006840F0010008600846006800F0E1
:107AB0000100009000BF00BF18200190022002903A
:107AC00000200390032004900520059001A90B4895
:107AD000FDF72CFF802001900220029000200390EF
:107AE000032004900520059001A90548FDF71EFF1D
:107AF00006B010BD0030014044380240000402408E
:107B0000000002402DE9FE4F04460F4690461D46F8
:107B10000C9E01200190FEF711F8814694F851B0B7
:107B200060680290AA46BBF1010F0BD00298B0F535
:107B3000827F04D1A06810B9BBF1040F02D00220EB
:107B4000BDE8FE8F1FB1B8F1000F00D00DB90120C4
:107B5000F6E700BF94F85000012801D10220EFE7BA
:107B6000012084F8500000BF94F85100042802D08E
:107B7000052084F8510000206065C4F83880E5874E
:107B8000A5872763E586A586206460642068006871
:107B900000F04000402805D02068006840F0400018
:107BA00021680860E068B0F5006F52D1606810B1DC
:107BB000BAF1010F09D1206B00882168C860206BE1
:107BC000801C2063E08E401EE0863BE020688068D9
:107BD00000F00200022810D1E08E70B10198012857
:107BE0000BD1206B00882168C860206B801C20634B
:107BF000E08E401EE086002001902068806800F042
:107C0000010068B1E08F58B12068C068A16B08809E
:107C1000A06B801CA063E08F401EE08701200190D4
:107C2000FDF78CFFA0EB0900B0420BD3701C48B1EC
:107C3000012084F8510000BF002084F8500000BFEC
:107C400003207DE7E08E0028C0D1E08F0028BDD161
:107C500052E0606810B1BAF1010F09D1206B0078D1
:107C600021680873206B401C2063E08E401EE08674
:107C70003CE02068806800F00200022810D1E08E0D
:107C800070B1019801280BD1206B0078216808732E
:107C9000206B401C2063E08E401EE0860020019097
:107CA0002068806800F0010068B1E08F58B120685A
:107CB000C068A16B0870A06B401CA063E08F401EE1
:107CC000E08701200190FDF739FFA0EB0900B042E9
:107CD00001D3701C00B94EB9012084F8510000BFD7
:107CE000002084F8500000BF032029E7E08E002820
:107CF000BFD1E08F0028BCD14A463146204603F070
:107D00004DFC40B12020606500BF002084F8500089
:107D100000BF012014E7A06850B900BF0020009008
:107D20002068C068009020688068009000BF00BF95
:107D3000012084F8510000BF002084F8500000BFEB
:107D4000606D08B10120FBE60020F9E6704770473E
:107D500030B502460B4600BF92F83C00012801D125
:107D6000022030BD012082F83C0000BF022082F8D2
:107D70003D00106844681068816824F07004186839
:107D8000044310684460184D1068A8421BD0106866
:107D9000B0F1804F17D0154D1068A84213D0144D84
:107DA0001068A8420FD0134D1068A8420BD0124D96
:107DB0001068A84207D0114D1068A84203D0104D9A
:107DC0001068A84205D121F080015868014310686D
:107DD0008160012082F83D0000BF002082F83C0055
:107DE00000BF00BFBDE700000000014000040040EC
:107DF00000080040000C0040000401400040014029
:107E00000018004010B504460CB9012010BD94F8CC
:107E10003D0028B9002084F83C00204600F026F8F8
:107E2000022084F83D00211D206804F0FDF90120A6
:107E300084F8460000BF84F83E0001213F20015530
:107E4000402001554120015500BF00BF012084F8AA
:107E5000420043200155442001554520015500BFF3
:107E6000012084F83D000020D0E7000008B52A4A30
:107E7000016891420FD100BF002100912749096894
:107E800041F00101254A11601146096801F0010124
:107E9000009100BF3FE0224A0168914211D100BF2A
:107EA000002100911D49091F096841F002011B4A88
:107EB000121F11601146096801F00201009100BF14
:107EC00029E0184A0168914211D100BF00210091B8
:107ED0001249091F096841F00801104A121F116078
:107EE0001146096801F00801009100BF13E00E4A35
:107EF000016891420FD100BF002100910749096834
:107F000041F40031054A11601146096801F400315D
:107F1000009100BF00BF08BD00000140443802408E
:107F200000040040000C004000440140014691F86C
:107F30003D00012801D001207047022081F83D005A
:107F40000868C06840F001000B68D8601A4B0868E8
:107F500098421BD00868B0F1804F17D0174B0868C3
:107F6000984213D0164B086898420FD0154B0868FA
:107F700098420BD0144B0868984207D0134B0868FE
:107F8000984203D0124B086898420CD10868806868
:107F900000F00702062A0CD00868006840F00100D3
:107FA0000B68186005E00868006840F001000B6885
:107FB00018600020C0E700000000014000040040FD
:107FC00000080040000C0040000401400040014057
:107FD000001800402DE9F04104460D46002700BF7F
:107FE00094F83C00012802D10220BDE8F081012074
:107FF00084F83C0000BF022084F83D0020688668B9
:1080000026F0770626F47F46206886602868502888
:1080100033D00CDC202850D004DC00284BD01028B2
:1080200051D149E0302849D040284CD139E060286E
:108030002DD0702807D0B0F5805F03D0B0F5005F79
:1080400041D10DE041E0D5E902136A68206804F0EF
:108050006CF92068866846F077062068866034E010
:10806000D5E902136A68206804F05FF92068806827
:1080700040F480402168886027E0EA6869682068E9
:1080800004F044FA5021206804F05AF91DE0EA682F
:108090006968206804F04DFA6021206804F050F906
:1080A00013E0EA686968206804F030FA402120682B
:1080B00004F046F909E000BF00BF00BF296820684E
:1080C00004F03EF901E0012700BF00BF012084F861
:1080D0003D0000BF002084F83C0000BF384684E724
:1080E000704770B504462068C5682068066906F0C8
:1080F0000200022819D105F00200022815D1401F04
:1081000021680861012020772068806900F0030061
:1081100018B12046FFF7E4FF05E0204600F03CF9E7
:10812000204600F009FA0020207706F00400042819
:1081300019D105F00400042815D1C0432168086155
:10814000022020772068806900F4407018B1204632
:10815000FFF7C6FF05E0204600F01EF9204600F0BC
:10816000EBF90020207706F00800082819D105F067
:108170000800082815D1C043216808610420207731
:108180002068C06900F0030018B12046FFF7A8FF7F
:1081900005E0204600F000F9204600F0CDF900206F
:1081A000207706F01000102819D105F010001028D3
:1081B00015D1C04321680861082020772068C06974
:1081C00000F4407018B12046FFF78AFF05E0204612
:1081D00000F0E2F8204600F0AFF90020207706F02A
:1081E000010048B105F0010030B16FF001002168D5
:1081F0000861204600F028FA06F08000802809D1A6
:1082000005F08000802805D1C04321680861204620
:10821000FFF79CFD06F04000402809D105F0400022
:10822000402805D1C04321680861204600F018FAB3
:1082300006F02000202809D105F02000202805D1D3
:10824000C043216808612046FFF781FD70BD000032
:1082500010B586B00446142101A8F8F7D5F84549B1
:10826000206888421DD100BF00200090424800686D
:1082700040F00400404908600846006800F004002F
:10828000009000BF00BF88150190022002900020DE
:10829000039004900220059001A93848FDF746FBA1
:1082A00066E03749206888421ED100BF0020009058
:1082B0003148006840F008002F490860084600680F
:1082C00000F00800009000BF00BF4FF48040019014
:1082D000022002900020039004900220059001A942
:1082E0002848FDF723FB43E02749206888421ED138
:1082F00000BF002000902048006840F080001E4928
:1083000008600846006800F08000009000BF00BFD1
:108310004FF4E0500190022002900020039004905E
:108320000220059001A91948FDF700FB20E018493B
:10833000206888421CD100BF002000900E480068D1
:1083400040F020000C4908600846006800F020005A
:10835000009000BF00BF402001900220029000204A
:10836000039004900320059001A90A48FDF7DEFA66
:1083700006B010BD00040040303802400008024042
:1083800000080040000C0240000C0040001C0240AD
:10839000004401400014024070472DE9F0410446BA
:1083A0000D461646002700BF94F83C00012802D174
:1083B0000220BDE8F081012084F83C0000BF36B106
:1083C000042E1BD0082E31D00C2E5ED145E029465C
:1083D000206803F0BFFF2068806940F00800216832
:1083E00088612068806920F0040021688861206825
:1083F0008069296908432168886148E02946206826
:1084000003F0E0FF2068806940F400602168886123
:108410002068806920F48060216888612068806914
:10842000296940EA01202168886130E029462068F6
:1084300004F006F82068C06940F008002168C861AF
:108440002068C06920F004002168C8612068C06904
:10845000296908432168C86119E02946206804F0A9
:108460002BF82068C06940F400602168C86120686A
:10847000C06920F480602168C8612068C0692969EA
:1084800040EA01202168C86101E0012700BF00BF68
:1084900000BF002084F83C0000BF384689E710B5D3
:1084A00004460CB9012010BD94F83D0028B9002005
:1084B00084F83C00204600F025F8022084F83D00B6
:1084C000211D206803F0B0FE012084F8460000BFA3
:1084D00084F83E0001213F200155402001554120F4
:1084E000015500BF00BF012084F842004320015520
:1084F000442001554520015500BF012084F83D006E
:108500000020D0E708B50A4A016891420FD100BFA8
:10851000002100910749096841F00401054A1160F2
:108520001146096801F00401009100BF00BF08BDB9
:1085300000080040403802407047000070B5044613
:108540000D4615B994F83E000BE0042D02D13F20F2
:10855000005D06E0082D02D14020005D01E04120D1
:10856000005D012801D0012070BD1DB9022084F8F2
:108570003E000EE0042D03D102213F20015508E00A
:10858000082D03D102214020015502E002214120A3
:10859000015501222946206803F0B6FE23492068D0
:1085A000884203D022492068884201D1012000E09E
:1085B000002028B12068406C40F4004021684864E5
:1085C0001A49206888421BD02068B0F1804F17D02C
:1085D00018492068884213D01749206888420FD074
:1085E0001649206888420BD011492068884207D07C
:1085F00013492068884203D01249206888420CD170
:108600002068806800F00706062E0CD020680068FD
:1086100040F001002168086005E02068006840F033
:1086200001002168086000209EE700000000014072
:10863000000401400004004000080040000C00401D
:10864000004001400018004010B50446034920686E
:10865000884201D1FDF7FAFD10BD00000010004076
:1086600070477047704700002DE9F84F04462068B6
:1086700005682068C668206847694FF00009CA4647
:1086800005F00F09B9F1000F0AD105F0200038B14B
:1086900006F0200020B1204604F0CDF9BDE8F88FA7
:1086A000B9F1000F7CD007F0010018B906F4907002
:1086B000002875D005F0010030B106F4807018B1C3
:1086C000606C40F00100606405F0040030B107F018
:1086D000010018B1606C40F00200606405F0020017
:1086E00030B107F0010018B1606C40F00400606424
:1086F00005F0080048B106F0200010B907F00100AD
:1087000018B1606C40F008006064606C002846D0CE
:1087100005F0200028B106F0200010B1204604F03A
:108720008AF920684069C0F3801A606C00F0080084
:1087300010B9BAF1000F2DD0204604F023F92068BB
:10874000406900F04000402820D100BF00BF2168F0
:10875000143151E8001F21F040002168143141E834
:108760000002002AF3D100BFE06B50B17F48E16BFB
:108770000865E06BFCF7A7FE88B1E06B016D8847E8
:108780000DE02046FFF76EFF09E009E02046FFF705
:1087900069FF04E02046FFF765FF002060647DE785
:1087A000206B012878D105F01000002874D006F065
:1087B00010000028FAD000BF002000902068006858
:1087C000009020684068009000BF00BF20684069AA
:1087D00000F04000402870D1E06B006840681FFA4C
:1087E00080F8B8F1000F58D0A08D404555DDA4F8B1
:1087F0002E80E06BC069B0F5807F43D000BF00BF22
:1088000021680C3151E8001F21F4807021680C317F
:1088100041E80002002AF3D100BF00BF00BF216879
:10882000143151E8001F21F001002168143141E8A2
:108830000002002AF3D100BF00BF00BF216814313D
:1088400051E8001F21F040002168143141E8000286
:10885000002AF3D100BF202084F8420000202063CA
:1088600000BF00BF21680C3151E8001F21F010004B
:1088700021680C3141E80002002AF3D100BFE06B0F
:10888000FCF7CBFD02206063A08DE28D801A81B2DF
:108890002046FFF7E6FE0EE052E0A08D40450AD1EB
:1088A000E06BC069B0F5807F05D102206063A18DC7
:1088B0002046FFF7D6FEF1E6FFE7A08DE18D401AD6
:1088C0001FFA80F8E08DD0B3B8F1000F37D000BFA9
:1088D00000BF21680C3151E8001F21F4907021681D
:1088E0000C3141E80002002AF3D100BF00BF00BFF5
:1088F0002168143151E8001F21F001002168143172
:1089000041E80002002AF3D100BF202084F8420091
:108910000020206300BF00BF21680C3151E8001F18
:1089200021F0100021680C3141E80002002AF3D147
:1089300000BF0220606341462046FFF792FEADE68D
:1089400005F0800030B106F0800018B1204604F038
:1089500099FAA3E605F0400030B106F0400018B1E6
:10896000204604F045F899E600BF97E6E5C7000801
:1089700010B504460CB9012010BDA06900B100E09B
:1089800000BF94F8410028B9002084F84000204638
:1089900000F02AF8242084F841002068C06820F400
:1089A00000502168C860204604F0C4F820680069BF
:1089B00020F49040216808612068406920F02A0076
:1089C000216848612068C06840F400502168C86090
:1089D00000206064202084F8410084F842000020D8
:1089E000606300BFC8E7000010B586B004461421DC
:1089F00001A8F7F709FDC149206888427ED100BF70
:108A000000200090BE48006840F01000BC4908609B
:108A10000846006800F01000009000BF00BF00BFD3
:108A200000200090B6481438006840F00200B449B5
:108A3000143908600846006800F00200009000BF8A
:108A400000BF00BF002000900846006840F0010011
:108A500008600846006800F00100009000BF00BFF9
:108A600080200190022002900020039003200490B7
:108A70000720059001A9A348FCF758FF4FF40070A8
:108A80000190022002900020039003200490072010
:108A9000059001A99C48FCF749FF9C489C49086047
:108AA0004FF000604860002199488160C1604FF438
:108AB000806101610021416181614FF48071C16178
:108AC0000902016200214162FCF732FE08B1FBF7A6
:108AD00072F800BF8E48E063846300BF8B4830307B
:108AE0008C4908604FF000604860402189488160EF
:108AF0000021C1604FF48061016100E01BE00021B2
:108B000041618161C1614FF48031016200214162A4
:108B1000FCF70EFE08B1FBF74EF800BF7D48A063DE
:108B2000846300BF002205212520FDF751FC25208C
:108B3000FDF73AFCE0E07849206888425CD100BF4C
:108B4000002000906E48001F006840F480206C49AF
:108B5000091F08600846006800F48020009000BFEC
:108B600000BF00BF0020009065481438006840F046
:108B700004006349143908600846006800F00400E6
:108B8000009000BF00BF4FF44060019002200290AF
:108B900000200390032004900720059001A95F485E
:108BA000FCF7C4FE5E485F4908604FF00060486013
:108BB00000215C488160C1604FF480610161002147
:108BC000416181614FF48071C1610902016200213C
:108BD0004162FCF7ADFD08B1FAF7EDFF00BF514867
:108BE000E063846300BF002205212720FDF7F0FB2E
:108BF0002720FDF7D9FB7FE04B49206888427BD1D5
:108C000000BF002000903E48006840F020003C4932
:108C100008600846006800F02000009000BF00BF18
:108C200000BF0020009036481438006840F0400033
:108C30003349143908600846006800F0400000908D
:108C400000BF00BF4FF4844001900220029000203A
:108C50000390032004900820059001A93348FCF7F5
:108C600065FE2A4860383249086080054860002166
:108C70002F488160C1604FF4806101610021416132
:108C800081614FF48071C16109020162002141627A
:108C9000FCF74EFD08B1FAF78EFF00BF2448E063F1
:108CA000846300BF19481830224908604FF02060E3
:108CB000486040211F4881600021C1604FF48061FD
:108CC0000161002141618161C1614FF48031016224
:108CD00000214162FCF72CFD08B1FAF76CFF00BFE0
:108CE0001448A063846300BF002205214720FDF7DC
:108CF0006FFB4720FDF758FB06B010BD0010014088
:108D000044380240000402400000024088640240EF
:108D10005C0E0020BC0E002000480040000802400D
:108D2000286002401C0F002000140140001802407F
:108D30007C0F0020DC0F002070B504460D4616465F
:108D400094F8420020280BD105B10EB9012070BD66
:108D50000020206332462946204604F001F8F6E759
:108D60000220F4E710B501460022002012E00B4B70
:108D700053F820301B681B680C68A34208D1074BCE
:108D800053F82030DB88CC6B246864681B1B9AB2D4
:108D9000431CD8B20328EADB10BD0000708000201D
:108DA00070470000F7B50446154694F841002028A6
:108DB0003ED1019800B10DB90120FEBD019820629D
:108DC000A584E58400206064212084F841001948CE
:108DD000A16BC8631848A16B08641848A16BC864EC
:108DE0000020A16B086501AE23681A1D31682B466F
:108DF000A06BFCF713FD30B110206064202084F8D4
:108E000041000120D9E76FF040002168086000BFF1
:108E100000BF2168143151E8001F41F08000216833
:108E2000143141E80002002AF3D100BF0020C4E75A
:108E30000220C2E71FC9000877C90008F7C7000869
:108E400070B505460026002412E00B4850F82400B7
:108E5000006800682968884208D1074850F82460F3
:108E6000002086F83A00304603F0E6FF601CC4B2EA
:108E7000032CEADB70BD000070800020704700BF4B
:108E8000FEE7014608684069C0F38020B0B16FF486
:108E900080600A68506100200863202081F83D004E
:108EA000002081F83E00086C40F00400086400BF18
:108EB000002081F83C0000BF012070470020FCE743
:108EC0002DE9F84304460F4615469946DDE9088624
:108ED0002068006840F480602168086020680068AD
:108EE00040F4807021680860434600224FF0011171
:108EF0002046009600F037F960B12068006800F461
:108F00008070B0F5807F02D14FF4007020640320A0
:108F1000BDE8F88307F0FE00216808613346424649
:108F20003E49204600F07EF908B10120F0E700BF7D
:108F300000200090206840690090206880690090BF
:108F400000BF00BF32464146204600F02DFA50B126
:108F5000206C042805D12068006840F40070216866
:108F600008600120D4E7B9F1010F03D1E8B221680C
:108F7000086117E0C5F307202168086132464146C1
:108F8000204600F011FA50B1206C042805D1206869
:108F9000006840F40070216808600120B8E7E8B27A
:108FA0002168086132464146204600F0FDF950B183
:108FB000206C042805D12068006840F40070216806
:108FC00008600120A4E72068006840F480702168F0
:108FD0000860434600224FF001112046009600F041
:108FE000C2F858B12068006800F48070B0F5807F46
:108FF00002D14FF400702064032089E7F8B240F0FA
:10900000010021680861334642460449204600F0C9
:1090100009F908B101207BE7002079E7020001008F
:109020002DE9F8430446884615469946DDE9086768
:109030002068006840F48070216808603346002290
:109040004FF001112046009700F08DF860B12068C4
:10905000006800F48070B0F5807F02D14FF400709A
:1090600020640320BDE8F88308F0FE002168086151
:109070003B4632462149204600F0D4F808B1012091
:10908000F0E700BF00200090206840690090206851
:109090008069009000BF00BF3A463146204600F08C
:1090A00083F950B1206C042805D12068006840F491
:1090B0000070216808600120D4E7B9F1010F03D1E5
:1090C000E8B22168086117E0C5F30720216808614C
:1090D0003A463146204600F067F950B1206C04282A
:1090E00005D12068006840F4007021680860012004
:1090F000B8E7E8B2216808610020B3E70200010088
:1091000070B504460D46164625E02046FFF7B9FE29
:1091100008B1012070BD681CE8B1FCF70FFD801B91
:10912000A84200D8BDB920684069C0F3800090B95A
:1091300000202063202084F83D00002084F83E00B9
:10914000206C40F02000206400BF002084F83C0028
:1091500000BF0120DEE720684069C0F380000028DE
:10916000D3D00020D6E72DE9F04104460D4617463E
:109170001E46DDF8188038E0701CA8B3FCF7DEFC52
:10918000A0EB0800B04200D876BBC5F30740012829
:109190000AD120684069A9B20840A9B2884201D129
:1091A00001200BE0002009E020688069A9B2084096
:1091B000A9B2884201D1012000E00020B84214D1B8
:1091C00000202063202084F83D00002084F83E0029
:1091D000206C40F02000206400BF002084F83C0098
:1091E00000BF0120BDE8F081FFE7C5F3074001287B
:1091F0000AD120684069A9B20840A9B2884201D1C9
:1092000001200BE0002009E020688069A9B2084035
:10921000A9B2884201D1012000E00020B842ABD0C1
:109220000020DFE72DE9F04104460D4616461F46B3
:1092300058E020684069C0F38020E8B120680068E9
:1092400040F40070216808606FF480602168486114
:1092500000202063202084F83D00002084F83E0098
:10926000206C40F00400206400BF002084F83C0023
:1092700000BF0120BDE8F081701C90B3FCF75EFCDC
:10928000C01BB04200D866BBC5F3074001280AD115
:1092900020684069A9B20840A9B2884201D10120E2
:1092A0000BE0002009E020688069A9B20840A9B25B
:1092B000884201D1012000E0002090B90020206305
:1092C000202084F83D00002084F83E00206C40F00F
:1092D0002000206400BF002084F83C0000BF012073
:1092E000C8E7FFE7C5F3074001280AD120684069B5
:1092F000A9B20840A9B2884201D101200BE00020A8
:1093000009E020688069A9B20840A9B2884201D169
:10931000012000E0002000288BD00020AAE770B5D3
:1093200004460D46164637E020684069C0F3001039
:10933000A0B16FF010002168486100202063202058
:1093400084F83D00002084F83E00206C206400BFBB
:10935000002084F83C0000BF012070BDFCF7EEFB4C
:10936000801BA84200D8BDB920684069C0F38010B6
:1093700090B900202063202084F83D00002084F86C
:109380003E00206C40F02000206400BF002084F8E4
:109390003C0000BF0120E0E720684069C0F3801076
:1093A0000028C1D00020D8E770B504460D46164607
:1093B00025E02046FFF765FD08B1012070BD681C5F
:1093C000E8B1FCF7BBFB801BA84200D8BDB9206800
:1093D0004069C0F3C01090B900202063202084F8B9
:1093E0003D00002084F83E00206C40F02000206406
:1093F00000BF002084F83C0000BF0120DEE72068A9
:109400004069C0F3C0100028D3D00020D6E7000088
:10941000364991ED000A364981ED000A354991ED52
:10942000000A324981ED000A91ED000A3249D1ED7E
:10943000000A20EE200A2E49D1ED000A2E4991EDB6
:10944000011A00EE810AD0ED000A91ED021A00EE39
:10945000810A284981ED000A244991ED010A244935
:1094600081ED010A234991ED010A204981ED010AAC
:1094700091ED010A2049D1ED000A20EE200A1C4995
:10948000D1ED010A1C4991ED011A00EE810AD0EDDF
:10949000010A91ED021A00EE810A164981ED010AD6
:1094A000124991ED020A124981ED020A114991ED2A
:1094B000020A0E4981ED020A91ED020A0E49D1ED30
:1094C000000A20EE200A0A49D1ED020A0A4991ED6C
:1094D000011A00EE810AD0ED020A91ED021A00EEA7
:1094E000810A044981ED020A704700007C83002054
:1094F00070830020888300200C6D0108F0B50546BC
:10950000059C00207FE093ED050A00EB4006404FEC
:1095100007EB8606D6ED000A20EE200AD3ED060AF8
:1095200000EB400607EB860696ED011A00EE810A75
:10953000D3ED070A00EB400607EB860696ED021A0C
:1095400000EE810A334E06EB8006D6ED000A30EEBF
:10955000200A05EB800686ED000A93ED010A00EB78
:1095600040062D4F07EB8606D6ED000A20EE200AB6
:10957000D3ED020A00EB400607EB860696ED011AD2
:1095800000EE810AD3ED030A00EB400607EB8606E6
:1095900096ED021A00EE810A204E06EB8006D6ED0B
:1095A000000A30EE200A01EB800686ED000A94EDF9
:1095B000010A00EB40061A4F07EB8606D6ED000ABB
:1095C00020EE200AD4ED020A00EB400607EB8606E7
:1095D00096ED011A00EE810AD4ED030A00EB400675
:1095E00007EB860696ED021A00EE810A0D4E06EB99
:1095F0008006D6ED000A30EE200A02EB800686EDEA
:10960000000A461CF0B20328FFF67DAFF0BD000053
:109610002C010020408300205001002058830020AE
:10962000740100206483002000487047908100206E
:1096300008B502E0642009F0D5FFF7F7F8FE00282E
:10964000F8D102E0642009F0CDFF09F0A7FC002862
:10965000F8D1254AA2F10C01101DF7F703FF2348AA
:1096600009F0F6FC2148001F1F4B103B204AA2F1D5
:109670000C010090A1F10C00FFF740FF1C4AA2F181
:109680000C0101F12000F7F775FA1948183890ED30
:10969000030A184880ED000A174880ED000A1748B1
:1096A00080ED000A1248183890ED040A114880ED48
:1096B000010A114880ED010A104880ED010A0C48AA
:1096C000183890ED050A0B4880ED020A0A4880ED33
:1096D000020A0A4880ED020A094B1A1F191DA1F55A
:1096E0008C7009F05BFB08BD1C83002034830020D4
:1096F000A8810020888300207C83002070830020C4
:10970000D082002008B509F08CFF009000BF9FEDCB
:109710000B0A00F0A7F80A480068D0ED090AB0EE7D
:10972000600A00F049F80221684609F067FF00204E
:109730000BF0A0FD03490860E9E700006F12033B4E
:10974000180200201402002000B587B0FFF770FF58
:10975000FFF76AFF0F490860DFED0F2A9FED0E2A21
:10976000DFED0E1A9FED0E1ADFED0E0A9FED0E0AC9
:1097700003210E480AF0E4F91C220D496846F6F769
:109780002AFE0021684609F056FF0A49086007B022
:1097900000BD00001802002000000000CDCC4C3EAF
:1097A0000000C8440080894500A08C4580920020BC
:1097B0005C6D01081002002010B52DED028BB0EE9B
:1097C000408A21480078F8B1DFED200AB0EE480A5F
:1097D0001F480AF08FF81E4890ED0E0AB5EEC00A39
:1097E000F1EE10FA03D29FED1B0A80ED0E0A184825
:1097F00090ED0E0ABCEEC00A10EE100A84B22146AB
:109800001548F8F79DF81CE09FED100AB4EEC08AE9
:10981000F1EE10FA10DD11480078401C0F49087075
:1098200008460078C82807DD0120074908709FED29
:109830000C0A074880ED0B0A41F287310648F8F719
:109840007FF8BDEC028B10BD1C02002000002042FE
:109850008092002000000000247F00201D020020D4
:1098600000401C4500B52DED020B2DED108B85B091
:10987000C44AA2F10C01101DF7F7F4FDC24809F02B
:10988000E7FBC148001FBF4B103BC04AA2F10C01CF
:109890000090A1F10C00FFF731FEBA48103890EDAE
:1098A000040ABA48183880ED090A0C30FFF7B0FDF9
:1098B000B64BB74AA3F118019DED150A01F12C0032
:1098C000F7F7C4FAB34B1A1F191DA1F58C7009F0F4
:1098D00065FAAE48183890ED4F0A10EE101A084697
:1098E000F6F746FF41EC1D0BB0EE4D0AF0EE6D0AA7
:1098F00006F05AFDB0EE40BAF0EE60BAA348183850
:1099000090ED080A10EE101A0846F6F731FF41EC08
:109910001C0B53EC1B2BF6F739FE41EC180B9B4844
:10992000183890ED4F0A10EE101A0846F6F720FF8F
:1099300041EC1D0BB0EE4D0AF0EE6D0A06F01CFC7A
:10994000B0EE40BAF0EE60BA9048183890ED060AD2
:1099500010EE101A0846F6F70BFF41EC1C0B53EC07
:109960001B2BF6F713FE41EC1A0B53EC182BF6F7F2
:1099700066FD41EC190BF6F73FFF87490860834805
:10998000183890ED4F0A10EE101A0846F6F7F0FE60
:1099900041EC1C0BB0EE4C0AF0EE6C0A06F0ECFB4E
:1099A000B0EE40AAF0EE60AA7848183890ED500A60
:1099B00010EE101A0846F6F7DBFE41EC1E0BB0EE77
:1099C0004E0AF0EE6E0A06F0EFFCB0EE40CAF0EE82
:1099D00060CA6E48183890ED080A10EE101A084652
:1099E000F6F7C6FE41EC1D0B53EC1C2BF6F7CEFD33
:1099F00041EC1B0B53EC1A2BF6F7C8FD41EC190B8D
:109A00006248183890ED500A10EE101A0846F6F722
:109A1000AFFE41EC1D0BB0EE4D0AF0EE6D0A06F004
:109A2000ABFBB0EE40BAF0EE60BA5848183890ED93
:109A3000070A10EE101A0846F6F79AFE41EC1C0BC6
:109A400053EC1B2BF6F7A2FDCDE900014F48183867
:109A500090ED500A10EE101A0846F6F789FE41EC18
:109A60001D0BB0EE4D0AF0EE6D0A06F09DFCB0EE57
:109A700040BAF0EE60BA4548183890ED4F0A10EE43
:109A8000101A0846F6F774FE41EC1F0BB0EE4F0AB1
:109A9000F0EE6F0A06F088FCB0EE40DAF0EE60DA25
:109AA0003A48183890ED060A10EE101A0846F6F7F4
:109AB0005FFE41EC1E0B53EC1D2BF6F767FD41ECEE
:109AC0001C0B53EC1B2BF6F761FD41EC1A0B9DEDC3
:109AD000000B53EC102BF6F7B2FC53EC192BCDE92D
:109AE00002019DED020B51EC100BF6F749FD41EC24
:109AF000180BF6F781FE2949086027480068F6F739
:109B000037FE41EC190B254890ED000AB1EE400AF2
:109B100010EE100AF6F72CFE41EC1A0BB0EE491AC3
:109B2000F0EE691AB0EE4A0AF0EE6A0A06F004F99D
:109B3000B0EE408AF0EE608A51EC180BF6F75CFE4E
:109B400012491839C1F84C01084690ED4F0ADFED73
:109B5000140A20EE200A80ED5A0A90ED510ADFED3A
:109B6000100A20EE200A80ED5C0A90ED500ADFED2D
:109B70000C0A20EE200A80ED5B0A05B0BDEC108BCC
:109B80000CBD00001C83002034830020A88100202D
:109B900088830020D08200209C010020A0010020AA
:109BA000E12E654210B52DED028B0321764880F839
:109BB0002810022180F800129FED740AF0EE408A0E
:109BC0009FED720AB0EE408A05F052FE0446207FF7
:109BD000012879D1207F18B100216D4A11605160B0
:109BE000A07F012831D16848006890ED070A30EE67
:109BF000080AB0EE408A644890EDF10A80EDE90A67
:109C0000606800EE100AF0EE080A08EE200A5E48CE
:109C100080ED810A206800EE100A5B480068D0EDF4
:109C2000080A30EE200A584880ED0B0AE07F012830
:109C300003D1554981F8CD0303E00020524981F852
:109C4000CD030120534908707CE04F4890ED0B0A8A
:109C50000068D0ED080A30EE200AF0EE408A4A484B
:109C600090ED0D0AF0EE400AB0EE680AF7F78CF9B5
:109C7000454880ED0B0A90ED810A0068D0ED070A97
:109C800030EE200A404880ED810A00BF90ED810A45
:109C9000D0ED7F0AB4EEE00AF1EE10FA04D890EDB0
:109CA0007F0A80ED810A0DE0374890ED810AD0ED02
:109CB0007E0AB4EEE00AF1EE10FA03DB90ED7E0AC4
:109CC00080ED810A3EE0FFE72F4890ED0B0A006827
:109CD000D0ED080A30EE200AF0EE408A2A4890EDD6
:109CE0000D0AF0EE400AB0EE680AF7F74DF9264883
:109CF00080ED0B0A90ED810A0068D0ED070A30EE86
:109D0000200A214880ED810A00BF90ED810AD0ED44
:109D10007F0AB4EEE00AF1EE10FA04D890ED7F0A63
:109D200080ED810A0DE0184890ED810AD0ED7E0AA1
:109D3000B4EEE00AF1EE10FA03DB90ED7E0A80ED5E
:109D4000810A00BF00BF104890ED810AD0ED7F0A64
:109D5000B4EEE00AF1EE10FA04D890ED7F0A80ED3F
:109D6000810A0DE0084890ED810AD0ED7E0AB4EE3C
:109D7000E00AF1EE10FA03DB90ED7E0A80ED810A35
:109D800000BFBDEC028B10BD1C9500200000000040
:109D900058020020C002002030B50B46002100BF51
:109DA00016E00A24B4EB107F05D9302404EB1074BC
:109DB00003F8114005E0412404EB10740A3C03F859
:109DC0001140000100254C00641C1D554C1CE1B2E3
:109DD0009142E6DB30BD000010B50F480F49086026
:109DE0000320486000210D488160C1604FF41021BC
:109DF00001614FF40011416100210176012141769A
:109E00008176C1760021017701214177FBF7A8F81F
:109E100008B1F9F7D0FE10BD00640040200B00200F
:109E200010B50F480F4908600320486000210D4815
:109E30008160C1604FF4102101614FF40011416154
:109E400000210176012141768176C17600210177DA
:109E500001214177FBF784F808B1F9F7ACFE10BD9A
:109E600000680040480B002008B500BF00200090AB
:109E70002248006840F480002049086008460068D5
:109E800000F48000009000BF00BF00BF00200090E1
:109E90000846006840F4001008600846006800F4B6
:109EA0000010009000BF00BF002205210C20FCF72D
:109EB0008FFA0C20FCF778FA002205213920FCF7F4
:109EC00087FA3920FCF770FA002205214420FCF7BC
:109ED0007FFA4420FCF768FA002205214520FCF7B0
:109EE00077FA4520FCF760FA002205214620FCF7AE
:109EF0006FFA4620FCF758FA08BD000030380240DF
:109F000000B587B01C2206496846F6F764FA0021BE
:109F1000684609F090FB0349086007B000BD0000E7
:109F2000B86901080000002000B587B0142102A81C
:109F3000F6F76AFA00BF002001907148006840F00F
:109F400002006F4908600846006800F002000190B6
:109F500000BF00BF00BF002001900846006840F02D
:109F6000400008600846006800F04000019000BF13
:109F700000BF00BF002001900846006840F00100CB
:109F800008600846006800F00100019000BF00BFB3
:109F900000BF002001900846006840F008000860FB
:109FA0000846006800F00800019000BF00BF00BF35
:109FB000002001900846006840F004000860084650
:109FC000006800F00400019000BF00BF00BF002047
:109FD00001900846006840F080000860084600686C
:109FE00000F08000019000BF00BF00BF0020019082
:109FF0000846006840F0200008600846006800F04D
:10A000002000019000BF00BF002240213D48FBF727
:10A010008FFD002210213C48FBF78AFD0022012120
:10A020003A48FBF785FD4020029001200390049000
:10A03000059002A93348FBF779FC082002904FF401
:10A04000041003900120049002A92E48FBF76EFC37
:10A050000720029000200390049002A92C48FBF7EF
:10A0600065FC01200290002003900120049002A9C9
:10A070002548FBF75BFC1020029001200390002094
:10A080000490059002A92048FBF750FC3020029074
:10A090004FF4881003900120049002A91C48FBF79C
:10A0A00045FC4FF480500290002003900120049062
:10A0B00002A91648FBF73AFC012002900390002009
:10A0C0000490059002A91148FBF730FC00220521FD
:10A0D0000920FCF77DF90920FCF766F9002205212B
:10A0E0000A20FCF775F90A20FCF75EF90022052129
:10A0F0001720FCF76DF91720FCF756F907B000BDE3
:10A1000030380240001802400000024000040240C3
:10A110000008024010B50B480B4908600B48486026
:10A12000002109488160C1604FF480410161002134
:10A1300041618161C1610162FBF706FD08B1F9F778
:10A140003AFD10BD005C0040700B0020801A060034
:10A1500010B50F480F4908604FF482704860002125
:10A160000C488160C1600221016101214161490205
:10A1700081613821C16100210162416281620A214D
:10A18000C162FDF7F9FB08B1F9F715FD10BD00003C
:10A1900000300140C40B002000B587B01C21684688
:10A1A000F6F732F91548164908600020486000218A
:10A1B0001348816041F28731C160002101618161F2
:10A1C000FDF720FE08B1F9F7F6FC0D48FEF767F938
:10A1D00008B1F9F7F0FC6020009000200190029097
:10A1E0000490002269460648FEF7D7F808B1F9F74F
:10A1F000E2FC0348FEF72CF807B000BD0044014024
:10A200003C0D002000B587B000200390049005901D
:10A21000069001900290154815490860A7204860F3
:10A2200000211348816044F61F61C1600021016173
:10A2300041618161FDF7E6FD08B1F9F7BCFC4FF41F
:10A240008050039003A90A48FDF7C4FE08B1F9F74E
:10A25000B2FC00200190029001A90548FDF778FDAD
:10A2600008B1F9F7A8FC07B000BD000000000140EC
:10A270001C0C002000B58DB0002009900A900B90B6
:10A280000C90079008901C216846F6F7BDF820480E
:10A29000204908600020486000211E48816042F289
:10A2A000CF01C160002101618161FDF7ABFD08B103
:10A2B000F9F781FC4FF48050099009A91548FDF782
:10A2C00089FE08B1F9F777FC1248FEF7E8F808B103
:10A2D000F9F771FC00200790089007A90D48FDF7D9
:10A2E00037FD08B1F9F767FC60200090002001906D
:10A2F00002900490082269460648FEF74EF808B11D
:10A30000F9F759FC0348FDF7A3FF0DB000BD0000AD
:10A3100000040040640C002000B589B000200790C4
:10A3200008901C216846F6F76FF81848184908602D
:10A330005320486000211648816044F61F61C160C7
:10A34000002101618161FEF7AAF808B1F9F733FC39
:10A3500000200790089007A90D48FDF7F9FC08B107
:10A36000F9F729FC602000900020019002900490F1
:10A37000082269460648FEF710F808B1F9F71BFCF9
:10A380000348FDF765FF09B000BD0000000800406C
:10A39000AC0C002000B58DB0002009900A900B9005
:10A3A0000C90079008901C216846F6F72DF8284875
:10A3B00028490860002048600021264881604FF647
:10A3C000FF71C160002101618161FDF71BFD08B1D2
:10A3D000F9F7F1FB4FF48050099009A91D48FDF7EA
:10A3E000F9FD08B1F9F7E7FB1A48FEF758F808B18C
:10A3F000F9F7E1FB00200790089007A91548FDF741
:10A40000A7FC08B1F9F7D7FB60200090002001906D
:10A4100002900490002269460E48FDF7BEFF08B185
:10A42000F9F7C9FB042269460A48FDF7B6FF08B1EF
:10A43000F9F7C1FB082269460648FDF7AEFF08B1EF
:10A44000F9F7B9FB0348FDF703FF0DB000BD0000AD
:10A45000000C0040F40C002010B50B480B490860BC
:10A460004FF4E1304860002108488160C16001611B
:10A470000C21416100218161C161FEF779FA08B1C7
:10A48000F9F799FB10BD000000100140840D002079
:10A4900010B50B480B4908600B484860002109487B
:10A4A0008160C1604FF4806101610C214161002134
:10A4B0008161C161FEF75CFA08B1F9F77CFB10BD60
:10A4C00000480040CC0D0020A086010010B50B48CC
:10A4D0000B4908604FF4E130486000210848816072
:10A4E000C16001610C21416100218161C161FEF700
:10A4F0003FFA08B1F9F75FFB10BD000000140140FE
:10A50000140E002010B500220D490E4803F07FFB09
:10A5100008B1F9F750FB0C490A4803F0BAFE08B13C
:10A52000F9F749FB0949074802F078FF08B1F9F744
:10A5300042FB044803F0B0FF08B1F9F73CFB10BD43
:10A540006803002060C00020E4030020C003002056
:10A5500030B52DED0A8B85B00446B0EE408AF0EEA2
:10A56000608AB0EE419A94ED060AD4ED050A30EE09
:10A57000200AF0EE000A80EE201A94ED070A31EE70
:10A58000400AD4ED080A30EE600ADFEDFD0A80EEE5
:10A59000201AFC4880ED001A94ED060AD4ED050A55
:10A5A00030EE200AF0EE000A80EE201A94ED070A41
:10A5B00031EE400AD4ED080A30EE200ADFEDF00A51
:10A5C00080EE201AF04880ED001A94ED060AD4EDD2
:10A5D000050A30EE200AB0EE001AC0EE010A94ED32
:10A5E000070A30EE800AD4ED080A30EE600ADFED8B
:10A5F000E40A80EE201AE54880ED001A94ED060A80
:10A60000D4ED050A70EE200AB0EE001A80EE810A41
:10A61000D4ED070A30EE200AD4ED080A30EE200A05
:10A62000DFEDD70A80EE201AD94880ED001A94EDAC
:10A63000040ADFEDD80A20EE200ADFEDD70A80EE0B
:10A64000801AD64880ED001A00BF9FEDD50AB4EEFF
:10A65000C08AF1EE10FA04D89FEDD10AB0EE408A1C
:10A660000AE09FEDD00AB4EEC08AF1EE10FA03DBE7
:10A670009FEDCC0AB0EE408A00BF00BF9FEDC80A34
:10A68000F4EEC08AF1EE10FA04D89FEDC50AF0EEA0
:10A69000408A0AE09FEDC30AF4EEC08AF1EE10FA98
:10A6A00003DB9FEDC00AF0EE408A00BF00BF9FEDC4
:10A6B000BE0AB4EEC09AF1EE10FA04D89FEDBA0AC1
:10A6C000B0EE409A0AE09FEDB90AB4EEC09AF1EEFE
:10A6D00010FA03DB9FEDB50AB0EE409A00BFDFED44
:10A6E000B49A38EE280AA748D0ED000A09EE600AAD
:10A6F000AA48D0ED000A20EE200A8DED010AB1EE45
:10A70000480A30EE280AA048D0ED000A09EE600A97
:10A71000A248D0ED000A20EE200A8DED020A38EEA4
:10A72000680A9A48D0ED000A09EE600A9B48D0ED0D
:10A73000000A20EE200A8DED030AB1EE480A30EE41
:10A74000680A9348D0ED000A09EE600A9348D0EDFC
:10A75000000A20EE200A8DED040A606AB0F90400B8
:10A7600000EE100AB8EEC00A9FED8B1AC0EE010A87
:10A77000B3EE030A80EE801A11EE105A2846F5F760
:10A78000F7FF41EC1B0B9FED8B0B53EC102BF5F7F8
:10A79000FDFE41EC1A0BF6F72FF8C4F848028C20A6
:10A7A0000059B0F9040000EE100AF8EEC00A9FED5F
:10A7B0007A1A80EE810AF3EE030A80EE201A11EE77
:10A7C000105A2846F5F7D4FF41EC1B0B9FED790B8F
:10A7D00053EC102BF5F7DAFE41EC1A0BF6F70CF8F8
:10A7E0004FF413710851D4F8F400B0F9040000EEEE
:10A7F000100AB8EEC00A9FED681AC0EE010AB3EE67
:10A80000030A80EE801A11EE105A2846F5F7B0FFC1
:10A8100041EC1B0B9FED670B53EC102BF5F7B6FECD
:10A8200041EC1A0BF5F7E8FF4FF414710851D4F816
:10A830005C01B0F9040000EE100AF8EEC00A9FEDCA
:10A84000561A80EE810AF3EE030A80EE201A11EE0A
:10A85000105A2846F5F78CFF41EC1B0B9FED550B6A
:10A8600053EC102BF5F792FE41EC1A0BF5F7C4FFF1
:10A870004FF41571085194ED920AD4ED930A30EE1D
:10A88000200AD4ED940A30EE600AD4ED950A70EEF9
:10A89000600AB0EE001A80EE810A9FED481AC0EE01
:10A8A000010A9FED470A80EE801A84ED8C1A94ED20
:10A8B000920AD4ED930A30EE600AD4ED940A30EE99
:10A8C000200AD4ED950A30EE600AB0EE001AC0EE10
:10A8D000010A9FED3A1A80EE810ADFED390A80EE17
:10A8E000201A84ED8B1A002540E019EE900AF5F746
:10A8F0003FFF41EC1A0B01A800EB850090ED000A28
:10A9000010EE101A0846F5F733FF41EC1C0BB0EEC1
:10A910004C0AF0EE6C0A05F03BFDB0EE40BAF0EEEA
:10A9200060BA53EC1A2B51EC1B0BF5F74DFF1BD201
:10A9300001A800EB850090ED000A10EE101A084601
:10A94000F5F716FF41EC1B0BB0EE4B0AF0EE6B0A6D
:10A9500005F01EFDB0EE40AAF0EE60AA51EC1A0B15
:10A96000F5F74AFF09EE900A681CC5B2042DBCDB5E
:10A970009FED140AF4EEC09AF1EE10FA3DDD23E0EB
:10A9800033336542F8020020F4020020FC0200206C
:10A99000000300203694573D00007042040300205D
:10A9A00000007AC500007A45000096C30000964377
:10A9B00000000000BC96900F7A6A7F40F304B53F18
:10A9C00000007A4400D004465FED020A80EEA91A26
:10A9D000B0EE410A00200DE001A901EB8001D1EDAC
:10A9E000000A60EE800A01A901EB8001C1ED000AB6
:10A9F000411CC8B20428EFDB00BF04F5007001A9B8
:10AA00002EC938302EC005B0BDEC0A8B30BD00BF5A
:10AA1000FEE770B504460D4604B970BDE069401C00
:10AA2000E061E069322804D22946204600F058F857
:10AA3000F3E72946204600F003F800BFEDE70000E9
:10AA4000028842804A780B7842EA03220280028818
:10AA50004388D21AB2F5805F09DDC268521EC26017
:10AA600002884388D21AA2F50052826113E002885C
:10AA70004388D21A12F5805F09DAC268521CC2609C
:10AA800002884388D21A02F50052826103E00288EC
:10AA90004388D21A82610388C26803EB4232038C76
:10AAA000D21A026190ED040AB8EEC00ADFED0B0A7B
:10AAB00080EE201ABDEEC10A80ED050ACA788B78B7
:10AAC00042EA032212B282804A790B7942EA0322D7
:10AAD00012B2C2808A79027270470000610BB641DF
:10AAE0004A780B7842EA0322028002880284704787
:10AAF00002460020B1F5805F0BDBA1F58053934245
:10AB000002DA531A18B20FE002F500535B1A18B2BA
:10AB10000AE001F580539A4204DDA2F500535B1A66
:10AB200018B201E0531A18B270472DE9FC4780466D
:10AB3000894614461D46DDE90A6700200090019011
:10AB4000200A8DF80000E0B28DF80100280A8DF887
:10AB50000200E8B28DF80300300A8DF80400F0B26C
:10AB60008DF80500380A8DF80600F8B28DF8070058
:10AB700008236A4649464046F6F7E8FDBDE8FC87EB
:10AB800000BFFEE710B50248FBF741FE10BD000014
:10AB90003CD5002030B50D4C04EB0014607001244E
:10ABA0000A4D05EB00152C70084C04EB0014A17045
:10ABB0000124064D05EB0015EC70044C04EB001469
:10ABC000A260024D05EB00152B7330BDDC92002016
:10ABD00010B50446F6F7CCFE024901EB04114860BB
:10ABE00010BD0000DC9200202DE9F04704460D4620
:10ABF00026683746D6F8408007F5306000EB4510F0
:10AC0000D0F80890104880450BD909F40040B0F501
:10AC1000004F06D14FF4004107F5306000EB4510BE
:10AC200081602046FCF7AEFA0748804508D9A07934
:10AC3000012805D104F29C420121206804F0E4F8C7
:10AC40000020BDE8F08700000A30544F2DE9F0479E
:10AC500005460C46D5F800904E46D9F840A006F5BA
:10AC6000306000EB4410D0F80880A879012855D155
:10AC700008F0080008280FD1434882450BD908F492
:10AC80000040B0F5004F7BD14FF4004106F5306035
:10AC900000EB4410816073E008F02000202806D10A
:10ACA000202106F5306000EB4410816068E008F078
:10ACB0002800002864D1344882450CD908F40040AB
:10ACC000B0F5004F07D14FF4004106F5306000EBBE
:10ACD0004410816054E004EBC40105F5157000EBED
:10ACE000810706F5306000EB4410396A0069C0F353
:10ACF0001200081A786164B9386930B905F29C42CB
:10AD00000121286804F080F803E07969F8680844B4
:10AD1000F860E1B22846FBF7F1FB31E01B488245C1
:10AD20001BD108F40040B0F5004F07D14FF40041AB
:10AD300006F5306000EB4410816021E008F020004F
:10AD4000202805D1202106F5306000EB44108160F9
:10AD5000E1B22846FBF7D2FB12E06CB904EBC40168
:10AD600005F5157000EB8100006928B905F29C42D9
:10AD70000021286804F048F8E1B22846FBF7BEFB42
:10AD80000020BDE8F08700000A30544F0A31544FCC
:10AD90002DE9F84F07460E46D7F80090C84606EB57
:10ADA000C60107F1140000EB8104D4E904108842C5
:10ADB00002D90120BDE8F88FD4E90401451AA06842
:10ADC000A84200D2A568E81C4FEA900A17E0D4E92F
:10ADD0000401451AA068A84200D2A568E81C4FEA01
:10ADE000900AB879ABB2F2B200904846E16804F03C
:10ADF000D3FCE0682844E06060692844606108F59D
:10AE0000106000EB4610806980B2504506D3D4E94B
:10AE10000410884202D220690028D8D1D4E9040164
:10AE200088420ED806F00F01012000FA01FB40F61F
:10AE3000340050F8080020EA0B0040F6340141F8D5
:10AE400008000020B6E7000070B52DED048B8CB033
:10AE500005460E4601A9284608F076FC1220FFF7A9
:10AE6000B7FE3A48007802286BD1012038490870B3
:10AE70009DF82D00012845D13649029808600398B5
:10AE80004860049888600598C8600698086107982B
:10AE90004861089888619DF82C0008770120887720
:10AEA0009DF82E00C8770846806900EE100AB1EEC2
:10AEB000400A10EE101A0846F5F75AFC41EC190B3F
:10AEC0009FED250B53EC102BF5F760FB41EC180BB5
:10AED000F5F792FC2249C1F8A8031E48016908460B
:10AEE000F5F746FC41EC190B9FED1B0B53EC102BB7
:10AEF000F5F74CFB41EC180BF5F77EFC1849C1F84F
:10AF0000D0011EE09DF82D00D8B9F9F779F8044674
:10AF10009DED020ADFED130A20EE200A10EE100A62
:10AF200044F81A0F9DED030AB1EE400ADFED0D0A59
:10AF300020EE200A10EE100A60600498A0601A3C0F
:10AF400000BF0CB0BDEC048B70BD000030020020CF
:10AF500054030020F58000206666666666A64C40B5
:10AF60001C95002000007A442DE9F04104460D466E
:10AF700016460DB9BDE8F0812878697840EA0120CD
:10AF8000C0F30A00A0F5806020806878C010A9781E
:10AF900040EA4110C0F30A00A0F580606080A87804
:10AFA0008011E97840EA8100297940EA8120C0F3E4
:10AFB0000A00A0F58060A08028794010697940EAF5
:10AFC000C110C0F30A00A0F58060E080B4F9000071
:10AFD000052806DCB4F9000010F1050F01DB0020A4
:10AFE0002080B4F90200052806DCB4F9020010F153
:10AFF000050F01DB00206080B4F90400052806DCA1
:10B00000B4F9040010F1050F01DB0020A080B4F9B1
:10B010000600052806DCB4F9060010F1050F01DB77
:10B020000020E08068790011800820726879C0F300
:10B0300001106072B4F90030002B01DB1F4600E004
:10B040005F42B7F5257F1DDCB4F90220002A01DB41
:10B05000174600E05742B7F5257F13DCB4F904101A
:10B06000002901DB0F4600E04F42B7F5257F09DCE0
:10B07000B4F90600002801DB074600E04742B7F5B7
:10B08000257F04DD16212046F5F7BEF972E7A87981
:10B09000E97940EA012000B26081287A697A40EAC1
:10B0A000012001B2A181A87AE97A40EA012001B227
:10B0B000E181297B2174697B6174A87BE97B40EA8B
:10B0C00001206082287C697C40EA0120A0F5806034
:10B0D00000B2A08200BF4DE7004870476C85002099
:10B0E00001700278437842EA8302827002784270EB
:10B0F00070470000014800787047000097800020EA
:10B1000070B505460C46164640F20221681A8D427B
:10B110003ED013DC40F20111A5EB01008D4229D095
:10B1200006DC012D12D0022D1AD0032D58D11BE0C0
:10B13000032823D0B0F5807F52D123E007284FD2D7
:10B14000DFE800F04E2C32383C40480025482168AA
:10B1500001606168416021890181A17A81723FE0CB
:10B160002148217801703BE0102221461F48F5F765
:10B1700032F935E01E482168016031E01D48218820
:10B1800001802DE00D2221461B48F5F724F927E028
:10B190000E2221461948F5F71EF921E0102221461A
:10B1A0001748F5F718F91BE0164821680160616837
:10B1B000416015E014482178017011E013482178AE
:10B1C00001700DE0124821680160A1888180A17999
:10B1D000817105E00F48216801606168416000BF2E
:10B1E00000BF70BD7C800020C00000208780002050
:10B1F000C1000020C500002097800020A48000200E
:10B20000B2800020C7000020CF000020D000002026
:10B21000D1000020D800002000487047A480002002
:10B22000004870479780002010B516480068B0F9B4
:10B23000140010F5DC7F03DA0120134908701AE0CE
:10B2400010480068B0F9140010F1DC0F09DD0D485A
:10B250000068B0F91400DC2803DA03200A490870FA
:10B2600009E008480068B0F91400B0F5DC7F02DDA1
:10B27000022005490870044801780448FFF730FFB0
:10B2800010BD000034920020FC010020CF010020FE
:10B29000B74890ED920AD0ED930A30EE200AD0ED37
:10B2A000940A30EE600AD0ED950A70EE600AB0EEB6
:10B2B000001A80EE810A9FEDAF1AC0EE010A9FEDE1
:10B2C000AE0A80EE801AAD4880ED051AA84890EDD0
:10B2D000920AD0ED930A30EE600AD0ED940A30EE77
:10B2E000600AD0ED950A70EE200AB0EE001A80EEEA
:10B2F000810A9FEDA01AC0EE010A9FED9F0A80EE21
:10B30000801A9E4880ED061A0068407A012846D1CE
:10B3100003209A494871887108460068B0F9020014
:10B3200000EE100AB8EEC00A9FED951AC0EE010AB1
:10B330009FED940A20EE800A084680ED020A00681C
:10B34000B0F9000000EE100AB8EEC00ADFED8C0A7A
:10B3500080EE201A9FED8C0A21EE000A084680ED4F
:10B36000040A0068B0F9060000EE100AB8EEC00A40
:10B37000DFED860A20EE200A084680ED070A006805
:10B38000B0F90400404200EE100AB8EEC00ADFED4A
:10B39000800A20EE200A084680ED080AA9E07748D6
:10B3A0000068407A032859D104207449487102206A
:10B3B000887108460068B0F9020000EE100AF8EE45
:10B3C000C00A9FED6F1A80EE810ADFED6E0A20EE53
:10B3D000200A084680ED020A0068B0F9000000EE7D
:10B3E000100AB8EEC00A9FED661AC0EE010A9FED82
:10B3F000650A20EE800A084680ED030A0068B0F96D
:10B40000040000EE100AF8EEC00A9FED5D1A80EE0F
:10B41000810ADFED5D0A20EE200A084680ED040A6D
:10B420000068B0F9060000EE100AB8EEC00ADFEDC1
:10B43000570A20EE200A084680ED070A0068B0F996
:10B440000400404200EE100AB8EEC00ADFED500AD8
:10B4500020EE200A084680ED080A4AE047480068C6
:10B46000407A022845D10420444948718871084631
:10B470000068B0F9020000EE100AF8EEC00A9FED75
:10B48000401A80EE810ADFED3F0A20EE200A0846CE
:10B4900080ED020A0068B0F9000000EE100AB8EE74
:10B4A000C00ADFED370A80EE201A9FED360A21EE42
:10B4B000000A084680ED030A0068B0F9060000EEB5
:10B4C000100AB8EEC00ADFED310A20EE200A084665
:10B4D00080ED070A0068B0F90400404200EE100A4F
:10B4E000B8EEC00ADFED2A0A20EE200A084680EDF9
:10B4F000080A2248C079022807D1264880780D28FA
:10B5000035D101201D49C87131E01C48C07901289E
:10B510002DD1204880780D2803D102201749C87109
:10B5200025E01C4880780E2804D10120134981F8B9
:10B5300030001CE017480078022812D11648006835
:10B54000401C1549086008460068322804D90120CB
:10B550000A4981F830000AE00020084981F83000EB
:10B5600005E00020054981F830000B49086070476C
:10B57000D8AB0020F304B53F00007A443492002099
:10B580000000254400007A45000096436F12833A7C
:10B590006F12033BCF010020000200207CB504465F
:10B5A0000E4615463346012202212046009500F042
:10B5B00039F828B1606D40F02000606503207CBD43
:10B5C000164800681821B0FBF1F01549B0FBF1F006
:10B5D0004FF47A71484301906068B0F5827F0DD1D5
:10B5E0003346002280212046009500F01BF898B1D8
:10B5F000606D40F0200060650320E0E700BF019827
:10B6000000B908E00198401E019020688068C0F3EE
:10B61000C0100028F3D100BF0020D0E714000020A4
:10B6200040420F002DE9F84F04460D4690461E4655
:10B63000DDF82890FAF782FAA0EB0900371AFAF73A
:10B640007DFA82462C480068C0F3CB3078430090E6
:10B6500046E0701C002843D0FAF770FAA0EB0A000D
:10B66000B84200D2A7BB2068406820F0E000216803
:10B6700048606068B0F5827F0DD1A068B0F5004FDA
:10B6800003D0A068B0F5806F05D12068006820F075
:10B69000400021680860A06AB0F5005F0DD100BFCE
:10B6A0002068006820F40050216808602068006865
:10B6B00040F400502168086000BF012084F8510068
:10B6C00000BF002084F8500000BF0320BDE8F88FC1
:10B6D000FFE7009808B9002702E00098401E00909C
:10B6E000206880682840A84201D1012000E00020A5
:10B6F0004045AED10020E9E71400002030B50146F6
:10B700000A461378521C147843EA042030BD000026
:10B710000B480068C07918B90020094908720EE08A
:10B7200007480068C079012802D10549087206E07F
:10B7300003480068C079022801D1014908727047A6
:10B7400000A500202DE9FC4704460D4616461F467D
:10B75000DDE90A890A49CDE900672B462246486897
:10B760004FF40071FFF7E1F90549CDE900890023A5
:10B770001A46486840F2FF11FFF7D7F9BDE8FC8789
:10B7800000A5002010B52848D0F87403B0F90400D3
:10B7900000EE100AB8EEC00ADFED240A20EE200AFF
:10B7A000F7EE000A20EE200A214880EDD00A1E485C
:10B7B000D0F8740301691C48D0F87803081A00EE29
:10B7C000100AB8EEC00A1848D0EDDF0A20EE200AB1
:10B7D000174880EDD10A0E20F7F722FAA8B9FFF733
:10B7E0001FFDC0881049A1F8CE06FFF719FD00899A
:10B7F0000D49A1F8D006FFF70FFD40890A49A1F8CD
:10B80000D4061920A1F8D2060CE000200649A1F8C0
:10B81000CE06C820A1F8D0061920A1F8D206002033
:10B82000A1F8D40610BD000000A50020398EE33C2D
:10B83000C0A600201CB500BFFFF7A4FFFFF768FFFC
:10B840002949087A00F0B8F9274800F0C7F92649D5
:10B85000087A01F5A56100F027F92348007A68B954
:10B8600000212148A0F88C15A0F8F415A0F85C166A
:10B87000A0F8C416A0F87013A0F824151A48B0F95F
:10B88000240500EE100AB8EEC00AF7EE000A20EE1A
:10B89000200ABDEEC00A10EE100A00B21249B1F93A
:10B8A000701300EE101AB8EEC00AFFEE000A20EE88
:10B8B000200ABDEEC00A10EE101A09B20A4CCDE9FA
:10B8C0000010B4F9C436B4F95C26B4F9F415B4F92F
:10B8D0008C05FFF737FF0A2007F084FE002009F0EF
:10B8E000C9FC02490860A7E700A50020C8020020A3
:10B8F00010B588B0F7F7B0FF59490860594848605B
:10B90000DFED592A9FED582ADFED571AB2EE001AE3
:10B91000DFED560A9FED560A0321564808F010F94C
:10B92000DFED512A9FED502ADFED4F1AB2EE001ADB
:10B93000DFED4E0A9FED4E0A03214F4808F000F953
:10B94000DFED492A9FED482ADFED471A9FED4B1A9C
:10B95000DFED4B0A9FED4B0A032146485C3008F0AF
:10B96000EFF8DFED412A9FED402ADFED3F1A9FED12
:10B97000431ADFED430A9FED430A03213E485C3042
:10B9800008F0DEF8DFED382A9FED372ADFED361AB2
:10B99000B0EE081ADFED3C0A9FED3A0A03213B485E
:10B9A00008F0CEF84FF47A72511033482438F6F785
:10B9B00047FA4FF47A72511034486C30F6F740FA77
:10B9C00000F00CFF2649C1F87403002081F8C90675
:10B9D0009FED2F0A084680EDDF0AF8F7EFF82049BF
:10B9E000C1F82805F8F7EEF81D49C1F89005F8F7F9
:10B9F000EDF81B49C1F8F805F8F7ECF81849C1F85B
:10BA00006006002419E004EB840101EBC4021F4925
:10BA1000843101EBC201081DDFED132A9FED122ACC
:10BA2000DFED111AB1EE081ADFED1A0A9FED1A0ABE
:10BA3000032108F085F8601CC4B2042CE3DB00216C
:10BA40001648F5F77DFF1C22154901A8F4F7C3FC41
:10BA5000002101A807F0EFFD1249086008B010BDF1
:10BA600000A500204480002000000000000070427B
:10BA700000009643CCA6002080A800200000C84209
:10BA800000C0DA4500401C4600007A43A4A900200B
:10BA90000000A03A0000FA4300007A46447F0020EC
:10BAA000D46D0108C402002070B506460C46012E74
:10BAB00034D100202FE03C4931F810103B4AB2F855
:10BAC000D226914225D13A4931F81010494200EE70
:10BAD000101AB8EEC00A84ED180A354931F8101072
:10BAE00000EE101AB8EE400A84ED320A304931F8FF
:10BAF000101000EE101AB8EE400A84ED4C0A2C49E2
:10BB000031F81010494200EE101AB8EEC00A84ED68
:10BB1000660A411CC8B20328CDDB0FE09FED250A61
:10BB200084ED180A9FED230A84ED320A9FED210A65
:10BB300084ED4C0A9FED1F0A84ED660A00252FE074
:10BB400005EB850101EBC50104EBC10191ED181A6C
:10BB5000F0EE410A05EB850101EBC50154F8311007
:10BB6000B1F9041001EE101AB8EEC11AB0EE410A94
:10BB700005EB850101EBC50104EBC101081D07F0D0
:10BB8000B9FEBDEEC00A10EE100A00B205EB850149
:10BB900001EBC50104EBC101A1F86400681CC5B24A
:10BBA000042DCDDB70BD0000CE02002000A50020DA
:10BBB000D40200200000000010B50446012C05D17D
:10BBC00042F2CF010448F5F7BBFE03E00021024832
:10BBD000F5F7B6FE10BD0000447F002070B50446A6
:10BBE000207A01287DD194F8C90668BBB4F8D00644
:10BBF000B4F8D416401A0A21B0FBF1F040B27C49E7
:10BC00000870206890F83000012808D1084690F9A3
:10BC10000000032803DB0320A4F8CA060CE0206818
:10BC200090F83000022807D1714890F900000528EB
:10BC300002DB0520A4F8CA06B4F8CA06002802D020
:10BC4000012084F8C9067FE094F8C906012827D1AD
:10BC5000002068490860B4F8CA06B8B1022084F828
:10BC6000C9069FED650A04F5E07080EDD20A4FF435
:10BC70007A72511004F55770F6F7E2F84FF47A72C1
:10BC8000511004F5A260F6F7DBF85DE0002084F8BF
:10BC9000C9069FED5A0A04F5E07080EDD20A53E020
:10BCA00094F8C90602284FD104F5E070D0EDD00A0F
:10BCB000B0EE600A04F5A260F6F780F80546B4F825
:10BCC000CA06401EA4F8CA06012084F8C906012D40
:10BCD0002CD148480068D8B9F5F74AFE45490860B4
:10BCE00000E024E094EDD40AF3EE0E0A30EE600A90
:10BCF00084EDD60A04F5E07090EDD10AF3EE0E0A59
:10BD000030EE600A80EDD30A01203D4908700DE055
:10BD1000F5F72EFE37490968401AB0F5967F05D928
:10BD2000012084F8C9060020354908700CE0002085
:10BD300084F8C90694EDD40A84EDD60A9FED2F0A43
:10BD400004F5E07080EDD20AD4EDD31AB0EE611A9A
:10BD5000D4EDD41AF0EE610AD4EDD61AB0EE610A31
:10BD600004F5E670F7F7E8FEBDEEC00A10EE100A23
:10BD700001B2A4F8701322480078012819D104F503
:10BD8000E070D0EDD01AB0EE611AD0EDD11AF0EE1D
:10BD9000610AD0EDD31AB0EE610A04F56070F7F7CE
:10BDA000CBFEBDEEC00A10EE100A01B2A4F82415B5
:10BDB0001DE013480078D0B904F5E07090EDD21A78
:10BDC000F0EE410AD4F87403B0F9040001EE100A51
:10BDD000B8EEC11AB0EE410A04F2A44007F08AFDA1
:10BDE000BDEEC00A10EE100A01B2A4F8241570BD11
:10BDF000E0020020E40200200000FAC5000000007C
:10BE0000DA0200202DE9F04106460F4615460124CE
:10BE10001BE0104800EB04100078A8B9284608F091
:10BE200043FE0C4901EB041108700A4800EB0410B2
:10BE30004560084800EB04108760064800EB0410DA
:10BE4000C6602046BDE8F081641C152CE1DB0020B3
:10BE5000F8E70000E490002008B507F0E2FB00904E
:10BE600000BF00F06BFC012425E0194800EB041032
:10BE70000078F8B1164800EB0410C068D0B114493E
:10BE800001EB0411087808F0D9FD022812D1104AFC
:10BE900002EB041290680E4A02EB0412D168884744
:10BEA0000B4A02EB04125168094A02EB04121078A3
:10BEB00008F022FE641C152CD7DB0121684607F030
:10BEC0009DFB002009F0D6F902490860C9E700008F
:10BED000E4900020BC01002000B587B008F0D2FD3E
:10BEE0001C2206496846F4F776FA0021684607F0F6
:10BEF000A2FB0349086007B000BD0000246D0108E3
:10BF0000B801002010B596214FF4C470F5F7A0FFDA
:10BF10006420F9F7CDFC00210846F5F799FF64206D
:10BF2000F9F7C6FC962140F25D10F5F791FF642009
:10BF3000F9F7BEFC00210846F5F78AFF6420F9F7FF
:10BF4000B7FC96214FF4DC70F5F782FF6420F9F717
:10BF5000AFFC00210846F5F77BFF6420F9F7A8FC49
:10BF600010BD0000F5F77EF800BF642007F03AFB33
:10BF7000002009F07FF901490860F6E7C0010020C0
:10BF80000278437842EA032200EE102AB8EEC00A93
:10BF9000274A82ED040A92ED040ADFED260A80EEBC
:10BFA000201A82ED041A8278C37842EA032200EE56
:10BFB000102AB8EEC00A204A82ED000A8278C378BF
:10BFC00042EA032200EE102AB8EEC00A184A82EDB7
:10BFD000030A92ED030ADFED170A80EE201A82EDC4
:10BFE000031A0279437942EA032200EE102AB8EEDE
:10BFF000C00A0F4A82ED020A92ED020ADFED0D0A35
:10C0000080EE201A82ED021A8279C37942EA032275
:10C0100000EE102AB8EEC00A054A82ED050A92ED3C
:10C02000050ADFED040A80EE201A82ED051A70473A
:10C03000249000200000C842B401002038B5054615
:10C040000C460020009020128DF80000E0B28DF820
:10C05000010002236A464FF404712846F5F776FB87
:10C0600038BD000010B504460E20F6F7D9FDB0BB70
:10C07000FFF7D6F840892349A1F86802FFF7CCF80A
:10C08000008900EE100AB8EE400AF3EE0E0AB4EE94
:10C09000E00AF1EE10FA12D2FFF7C2F8408900EE82
:10C0A000100AB8EE400AF2EE040A30EE600ADFED44
:10C0B000160A20EE200A154880ED000A15E0FFF769
:10C0C000AFF84089401F00EE100AB8EEC00ADFED5D
:10C0D0000E0A20EE200A0D4880ED000A05E0FFE779
:10C0E0009FED0B0A094880ED000A084A92ED000A0C
:10C0F000BCEEC00A10EE102A91B2024A9068FFF717
:10C100009DFF10BDD8AB00200000C842E80200200F
:10C1100000A00C4610B500BF502080F31188BFF37B
:10C120004F8FBFF36F8F00BF0AF09EF918B14FF029
:10C1300080500449086000BF002080F3118800BFD0
:10C1400010BD000004ED00E000B593B0302107A859
:10C15000F4F75AF9142102A8F4F756F900BF0020A9
:10C1600001902448006840F0805022490860084649
:10C17000006800F08050019000BF00BF00BF0020A9
:10C1800001901D48006840F480401B490860084643
:10C19000006800F48040019000BF00BF01200790BC
:10C1A0000004089002200D9041050E9106210F9188
:10C1B000A8211091022111910721129107A8FBF7E4
:10C1C0008DF908B1F7F7F7FC0F20029002200390D9
:10C1D000002004904FF4A05005904FF4805006903A
:10C1E000052102A8FBF718F808B1F7F7E4FC13B033
:10C1F00000BD000040380240007000400548006863
:10C2000040F47000034908604FF000600149803934
:10C210000860704788ED00E010B50248FBF761FF49
:10C2200010BD00003C10002010B502682B4B984256
:10C230000ED0B0F1804F0BD0294B984208D0294B3B
:10C24000984205D0284B984202D0284B984203D1FF
:10C2500022F070024B681A43204B984220D0B0F174
:10C26000804F1DD01E4B98421AD01E4B984217D0BB
:10C270001D4B984214D01D4B984211D01C4B984234
:10C280000ED01C4B98420BD01B4B984208D01B4B36
:10C29000984205D01A4B984202D01A4B984203D1CB
:10C2A00022F44072CB681A4322F080034C6943EABF
:10C2B00004028B68C3620B688362084B984202D009
:10C2C0000A4B984201D10B690363036843F00403EE
:10C2D000036001234361026010BD000000000140C3
:10C2E0000004004000080040000C00400004014031
:10C2F0000040014000440140004801400018004057
:10C30000001C00400020004030B501F01F05012452
:10C3100004FA05F3046A9C430462046A01F01F05F1
:10C3200002FA05F52C43046230BD30B50C46816835
:10C3300021F47F4142EA032525432943816030BD32
:10C340000A46816821F0700142F0070319438160B9
:10C350007047000030B5026A056A25F001050562E4
:10C360004368846924F0700424F003040D682C43AE
:10C3700022F002028D682A43104DA84200D103E04A
:10C380000F4DA84206D100BF22F00802CD682A4313
:10C3900022F00402094DA84202D0094DA84207D15B
:10C3A00023F4807323F400734D692B438D692B4371
:10C3B000436084614D684563026230BD0000014006
:10C3C0000004014030B5026A056A25F010050562D7
:10C3D0004368846924F4E04424F440740D6844EA1A
:10C3E000052422F020028D6842EA0512124DA8426F
:10C3F00000D103E0114DA84207D100BF22F0800216
:10C40000CD6842EA051222F040020B4DA84202D04C
:10C410000A4DA84209D123F4806323F400634D69D7
:10C4200043EA85038D6943EA8503436084614D686F
:10C430008563026230BD000000000140000401403D
:10C4400030B5026A056A25F4807505624368C469DF
:10C4500024F0700424F003040D682C4322F40072CD
:10C460008D6842EA0522124DA84200D103E0114D29
:10C47000A84207D100BF22F40062CD6842EA05223B
:10C4800022F480620A4DA84202D00A4DA84209D186
:10C4900023F4805323F400534D6943EA05138D6957
:10C4A00043EA05134360C4614D68C563026230BD51
:10C4B000000001400004014030B5036A056A25F41C
:10C4C000805505624468C26922F4E04222F4407259
:10C4D0000D6842EA052223F400538D6843EA0533D0
:10C4E000084DA84202D0084DA84204D124F480444B
:10C4F0004D6944EA85144460C2614D680564036275
:10C5000030BD0000000001400004014030B50B4682
:10C510001446026A056A25F001050562816921F069
:10C52000F00141EA041122F00A021A438161026219
:10C5300030BD30B50B461446026A056A25F0100579
:10C540000562816921F4704141EA043122F0A002C0
:10C5500042EA03128161026230BD000070B52DED28
:10C56000088BF6F70DF8054603F082F904466C488F
:10C5700090F8280003287CD19FED6A0A6A4880ED74
:10C58000100A9FED680A80ED140AB1EE080A80EDEA
:10C59000150A287804281BD1614890ED0B1ADFEDAD
:10C5A000631A31EE611AF0EE410A90ED0D1AB0EE09
:10C5B000410A00F5B87006F091FDF1EE400A2069DD
:10C5C00000EE100A30EEC00A574880ED110A92E0E2
:10C5D000A06800EE100AB5EEC00AF1EE10FA32D0F3
:10C5E000E1680846F4F7C4F841EC1B0B9FED500BD3
:10C5F00053EC102BF3F7CAFF41EC190B484890EDB0
:10C600000B1AF0EE410A90ED0D1AB0EE410A00F55A
:10C61000B87006F063FDF1EE400A206900EE100AE2
:10C6200030EEC00A10EE106A3046F4F7A1F841EC83
:10C630001A0B53EC192BF3F7A3FF41EC180BF4F78B
:10C64000DBF839494864E1680846F4F791F841ECB1
:10C650001B0B9FED370B53EC102BF3F797FF41ECBF
:10C660001A0B2F4890ED0B1AF0EE410A90ED0D1ABF
:10C6700000E01EE0B0EE410A00F5B87006F02EFDB5
:10C68000F1EE400A206900EE100A30EEC00A10EE0A
:10C69000106A3046F4F76CF841EC180B53EC1A2B87
:10C6A000F3F76EFF41EC190BF4F7A6F81E49486446
:10C6B00021E01B4890F8280004281CD19FED190A9E
:10C6C000194880ED140AB0EE080A80ED150A9FEDB6
:10C6D000150A80ED100A124890ED0B1AF0EE410A8F
:10C6E00090ED0C1AB0EE410A00F5B87006F0F6FCB9
:10C6F0000D4880ED110A00200F490870084988682C
:10C70000094906F06BF80620F6F78AFA20B10449C9
:10C710008868054906F0E1F8BDEC088B70BD0000A3
:10C720001C95002000000000848500200000484285
:10C730000000000000000000B0020020012013E013
:10C740000B4931F8301069B1094901EBC001496862
:10C7500041B1074901EBC0014968491E044A02EB97
:10C76000C0025160411CC8B21528E9DB70470000C7
:10C770003C900020F8B507460E20F6F751FA08B1B4
:10C780000020F8BDFEF74CFD06460D20334640F272
:10C790000122A52100900E48F6F7AAFEFEF73CFD07
:10C7A00004460E20234640F20222A52100900848AC
:10C7B000F6F79EFEF7F712FA05460B202B460122EC
:10C7C000A52100900248F6F793FE0020D9E700006B
:10C7D0009CB7002000487047008500200048704743
:10C7E0002485002070B50446A56B0020E885284606
:10C7F000FBF738FF70BD70B506460025B46B2068A6
:10C800004069C0F3C01594F84100212805D125B135
:10C810000020E084204600F0FBF820684069C0F367
:10C82000801594F84200222805D125B10020E0852A
:10C83000204600F0A7F8606C40F0100060642046CD
:10C84000FBF710FF70BD70B50546AC6B286800683B
:10C8500000F48070002842D1E08500BF00BF21684D
:10C860000C3151E8001F21F4807021680C3141E83F
:10C870000002002AF3D100BF00BF00BF21681431BD
:10C8800051E8001F21F001002168143141E8000245
:10C89000002AF3D100BF00BF00BF2168143151E866
:10C8A000001F21F040002168143141E80002002AF5
:10C8B000F3D100BF202084F84200206B01280ED164
:10C8C00000BF00BF21680C3151E8001F21F01000AB
:10C8D00021680C3141E80002002AF3D100BF00209A
:10C8E0006063206B012804D1A18D2046FBF7B9FEBF
:10C8F00002E02046FCF736FA70BD70B50546AC6B19
:10C9000001206063206B012805D1A08D41082046DD
:10C91000FBF7A7FE02E02046FCF742FA70BD70B5B7
:10C920000546AC6B2868006800F48070F8B90020F8
:10C93000E08400BF00BF2168143151E8001F21F0DE
:10C9400080002168143141E80002002AF3D100BFC1
:10C9500000BF00BF21680C3151E8001F41F04000CA
:10C9600021680C3141E80002002AF3D102E02046A0
:10C97000FCF766FA70BD70B50446A56B2846FCF757
:10C980007DFA70BD00BF00BF02680C3252E8002F74
:10C9900022F4907102680C3242E80013002BF3D1AC
:10C9A00000BF00BF00BF0268143252E8002F22F01F
:10C9B00001010268143242E80013002BF3D100BFDA
:10C9C000016B01290ED100BF00BF02680C3252E892
:10C9D000002F22F0100102680C3242E80013002BF5
:10C9E000F3D100BF202180F842100021016370477D
:10C9F00010B504462068C06820F040002168C86077
:10CA0000202084F841002046FCF71AFA002010BDCF
:10CA100000BF00BF02680C3252E8002F22F0C001B4
:10CA200002680C3242E80013002BF3D100BF202132
:10CA300080F841107047F8B504460025002694F8A8
:10CA40004200222873D1A068B0F5805F0BD1206925
:10CA500048B9A66A20684068C0F308003080A06A20
:10CA6000801CA06214E0A56AA068B0F5805F03D0C6
:10CA7000A06828B9206918B920684068287004E0C7
:10CA80002068406800F07F002870A06A401CA06207
:10CA9000E08D401E80B2E085002846D12068C06845
:10CAA00020F020002168C8602068C06820F48070F1
:10CAB0002168C8602068406920F001002168486151
:10CAC000202084F8420000206063206B012826D1DA
:10CAD0000020206300BF00BF21680C3151E8001F17
:10CAE00021F0100021680C3141E80002002AF3D146
:10CAF00000BF2068006800F0100010280AD100BFB5
:10CB00000020009020680068009020684068009035
:10CB100000BF00BFA18D2046FBF7A3FD02E0204629
:10CB2000FCF720F90020F8BD01E00020FBE702201F
:10CB3000F9E700002DE9F84F04462068006920F469
:10CB40004050E1680843216808612169A0680843F2
:10CB500061690843E169084300902068C06849F2B0
:10CB60000C618843009908432168C86020684069C7
:10CB700020F44070A1690843216848617649206823
:10CB8000884203D075492068884203D1FAF73EFCF9
:10CB9000814602E0FAF72AFC8146E069B0F5004FD1
:10CBA0006CD102206168A0FB015003461920A9FB4B
:10CBB000007001462A463846F3F7D8FB6421B0FBE3
:10CBC000F1F04FEA001A02206168A0FB01510B4608
:10CBD0001920A9FB00712A463846F3F7C7FB8346A4
:10CBE00002206168A0FB015003461920A9FB0071D7
:10CBF0002A463846F3F7BAFB6421B0FBF1F000EBAC
:10CC0000C00101EB0010ABEB8000322101EBC00052
:10CC10006421B0FBF1F000F0F8000AEB400A0220BA
:10CC20006168A0FB015003461920A9FB0070014672
:10CC30002A463846F3F79AFB834602206168A0FB38
:10CC4000015003461920A9FB00712A463846F3F724
:10CC50008DFB6421B0FBF1F000EBC00101EB001093
:10CC6000ABEB8000322101EBC0006421B0FBF1F09E
:10CC700000F007005044216888606AE00420616881
:10CC8000A0FB015003461920A9FB007001462A466B
:10CC90003846F3F76BFB824604206168A0FB015025
:10CCA00003461920A9FB007001462A463846F3F7CF
:10CCB0005DFB6421B0FBF1F000EBC00101EB001063
:10CCC000AAEB8000322101EB00106421B0FBF1F0EF
:10CCD00000F0F00A04206168A0FB017003461920EF
:10CCE000A9FB00513A462846F3F740FB6421B0FB0C
:10CCF000F1F00AEB001A04206168A0FB01510B4619
:10CD00001920A9FB00712A463846F3F72FFB83460A
:10CD100004206168A0FB015003461920A9FB0070A4
:10CD200001462A463846F3F721FB6421B0FBF1F0B7
:10CD300000EBC00101EB0010ABEB8000322101EBF6
:10CD400000106421B0FBF1F000F00F0050442168A6
:10CD50008860BDE8F88F0000001001400014014019
:10CD600077B581B0044615460298A062A5850020DB
:10CD70006064222084F842002C48E16BC8632C4890
:10CD8000E16B08642B48E16BC8640020E16B086527
:10CD900002AE32682368191D2B46E06BF8F73EFDA2
:10CDA00038B110206064202084F84200012004B0D3
:10CDB00070BD00BF002000902068006800902068CF
:10CDC0004068009000BF00BF206970B100BF00BF85
:10CDD00021680C3151E8001F41F4807021680C314A
:10CDE00041E80002002AF3D100BF00BF00BF216864
:10CDF000143151E8001F41F001002168143141E86D
:10CE00000002002AF3D100BF00BF00BF2168143127
:10CE100051E8001F41F040002168143141E8000250
:10CE2000002AF3D100BF0020C1E7000047C8000876
:10CE3000FBC80008F7C7000870B5044600250026A7
:10CE400004B970BD207C00B9FBE7208D85B2A5B187
:10CE5000208BA84201DD2E4600E0268B324604F1ED
:10CE60001C00616905F0D0FE012084F83A003246CA
:10CE700061692068FBF796FF02E0002084F83A0021
:10CE800000BFDEE7014691F84100212828D18868DB
:10CE9000B0F5805F0BD1086948B90A6A1088C0F301
:10CEA00008000B685860086A801C086205E00B6A7D
:10CEB000581C086218780B685860C88C401E80B2F5
:10CEC000C88458B90868C06820F080000B68D86032
:10CED0000868C06840F040000B68D86000207047C8
:10CEE0000220FCE710B50348F4F7F8FD0148FBF712
:10CEF000BBFB10BD840D002010B50348F4F7EEFD18
:10CF00000148FBF7B1FB10BDCC0D002010B5034864
:10CF1000F4F7E4FD0148FBF7A7FB10BD140E002059
:10CF20002DE9F04104460D46D4F8C87204F530707E
:10CF3000D4F8D41250F8210010B90320BDE8F081D4
:10CF400004F53070D4F8D41250F8216005F00F00C9
:10CF500000EB800104F1140050F8210028B305F023
:10CF60000F0000EB800104F1140050F8211005F0CF
:10CF70000F0000EBC00207F1140000EB8200806894
:10CF8000B1FBF0F200FB121078B9002105F00F00A0
:10CF900000EB800204F1140040F8221000231A462E
:10CFA0002946204601F042F917E00020C6F8140295
:10CFB00004F53170D4F8D41250F82100006960B142
:10CFC000D6F8080204F53171D4F8D42251F82210B1
:10CFD0002A460B6906F5047198470020AEE770B544
:10CFE00004460E4604F53070D4F8D41250F821509F
:10CFF000D4F8D41250F8210008B9032070BD31468E
:10D00000204600F06AFFC5F80C02D5F8040204F5CA
:10D010003171D4F8D43251F82310CA6805F5037180
:10D0200090470020EAE7000070B504460D463048FE
:10D030000178204600F01BFE00212D48007800F00A
:10D040000F0000EB800204F1140000EB8200C173BA
:10D0500028480178204600F00AFE00212548007883
:10D0600000F00F0000EB800204F5AA7000EB8200D4
:10D07000C17321480178204600F0F9FD00211E48C7
:10D08000007800F00F0000EB800204F1140000EBC8
:10D090008200C1731848007800F00F0000EB800296
:10D0A00004F1140000EB8200816004F53070D4F8C4
:10D0B000D41250F82100C8B104F53171D4F8D4224B
:10D0C00051F822104868804704F53071D4F8D42212
:10D0D00051F8220001F0D6FB002104F53070D4F89D
:10D0E000D42240F822100020C4F8BC02002070BDF9
:10D0F0005F040020600400206104002070B5044635
:10D1000004F53070D4F8D41250F821500DB9032032
:10D1100070BD04F53170D4F8D41250F8210098B1E4
:10D1200095F80002FF280FD095F8012295F800022B
:10D1300004F53171D4F8D46251F826108B68294671
:10D140009847FF2085F800020020E1E701460A2009
:10D150000880014870470000D80300202DE9F04105
:10D16000044682210D4800F09EFC054601210B4833
:10D1700000F099FC06468121084800F094FC07461F
:10D180000DB11020A8710EB14020B0800FB1402029
:10D19000B880432020800148BDE8F0811C040020B5
:10D1A0002DE9F041044682210E4800F07CFC054642
:10D1B00001210C4800F077FC06468121094800F067
:10D1C00072FC07460DB11020A87116B14FF4007023
:10D1D000B08017B14FF40070B88043202080014820
:10D1E000BDE8F0811C0400202DE9F04104468221B5
:10D1F0000D4800F058FC054601210B4800F053FC97
:10D2000006468121084800F04EFC07460DB110206B
:10D21000A8710EB14020B0800FB14020B8804320EB
:10D2200020800148BDE8F0811C04002070B5044650
:10D230000E464FF4077001F027FB054645B9002163
:10D2400004F53070D4F8D42240F82210022070BDCA
:10D250004FF407712846F3F7D7F804F53070D4F887
:10D26000D41240F82150D4F8D41250F82100C4F858
:10D27000BC02207C98BB4FF4007302225048017816
:10D28000204600F0CBFE01214D48007800F00F0051
:10D2900000EB800204F1140000EB8200C1734B022A
:10D2A000022248480178204600F0B8FE0121454896
:10D2B000007800F00F0000EB800204F5AA7000EB8C
:10D2C0008200C17310214048007800F00F0000EB8D
:10D2D000800204F1140000EB8200816032E0FFE77D
:10D2E0004023022236480178204600F097FE0121B3
:10D2F0003348007800F00F0000EB800204F11400C6
:10D3000000EB8200C173402302222E4801782046A0
:10D3100000F084FE01212B48007800F00F0000EBA4
:10D32000800204F5AA7000EB8200C1731021264828
:10D33000007800F00F0000EB800204F1140000EB15
:10D3400082008160082303221F480178204600F0F4
:10D3500065FE01211C48007800F00F0000EB800200
:10D3600004F1140000EB8200C1730020C5F8040230
:10D3700004F53171D4F8D42251F82210086880479E
:10D380000020C5F81402C5F81802D5F8040208B93F
:10D3900002205CE7207C48B94FF40073094801780B
:10D3A0002046D5F8042200F051FE07E0402305484E
:10D3B00001782046D5F8042200F048FE002046E718
:10D3C0005F040020600400206104002070B5044662
:10D3D00004F53070D4F8D41250F82150D4F8D41297
:10D3E00050F8210008B9032070BD207C48B94FF4E3
:10D3F0000073094801782046D5F8042200F026FE83
:10D4000007E04023044801782046D5F8042200F0C4
:10D410001DFE0020E8E7000060040020024609B974
:10D420000320704702F53170D2F8D43240F823104F
:10D430000020F6E710B5024602F53070D2F8D4426B
:10D4400050F824300BB9032010BDC3F8041200209B
:10D45000FAE730B503460C4603F53070D3F8D452E2
:10D4600050F8251009B9032030BDC1F80842C1F8B1
:10D4700010220020F8E72DE9FC4105460C4605F591
:10D480003070D5F8D41250F821600020019000903F
:10D49000804616B90320BDE8FC81207800F06000CA
:10D4A00000283DD020287CD1E08868B3207800F0A7
:10D4B0008000B8B1E288607805F53171D5F8D4C242
:10D4C00051F82C108B6831469847E088072801D91D
:10D4D000072000E0E08807463A463146284600F03B
:10D4E00012F91CE0607886F80002E088402801D23A
:10D4F000E08800E0402086F8010296F801223146DB
:10D50000284600F0DCF80AE0607805F53171D5F8BE
:10D51000D42251F8221000228B682146984747E018
:10D52000607830B1012832D00A2813D00B282FD1CF
:10D5300021E095F89C02032805D10222694628467D
:10D5400000F0E1F805E02146284600F0ACF84FF085
:10D55000030824E095F89C02032805D1012201A9C3
:10D56000284600F0D0F805E02146284600F09BF858
:10D570004FF0030813E095F89C02032805D02146DC
:10D58000284600F090F84FF0030808E009E006E0B4
:10D590002146284600F087F84FF0030800BF00BF7F
:10D5A00006E02146284600F07EF84FF0030800BF51
:10D5B00000BF40466FE7000070B5054605F53070C6
:10D5C000D5F8D41250F8214001260CB9032070BDC3
:10D5D000D4F81402C0B90120C4F814020B48007832
:10D5E00000F00F0000EB800205F11400D4F81012D7
:10D5F00040F82210054801782846D4F81032D4F8B3
:10D60000082200F013FE00263046E0E75F04002009
:10D6100070B504460D460026D4F8B8022946426883
:10D620002046904700B10326304670BD70B50446D1
:10D630000D4694F89C02012804D0022803D0032848
:10D640000CD101E000BF00BF6888012805D100208F
:10D65000C4F8A402204600F068F804E029462046F9
:10D6600000F021F800BF00BF70BD024600207047E7
:10D6700002460020704770B506460C4615462B46FC
:10D6800022460021304600F0E1FC002070BD70B55C
:10D6900006460C4615462B4622460021304600F031
:10D6A000C5FD002070BD70B504460D4680212046A2
:10D6B00000F08CFD0021204600F088FD70BD70B5A3
:10D6C00004460E4615460320C4F89402C4F854518B
:10D6D0004FF4B27006514FF4AC7005512B463246F0
:10D6E0000021204600F0B2FC002070BD10B50446B9
:10D6F0000520C4F8940200231A461946204600F07B
:10D70000A5FC002010BD70B504460E46154602204B
:10D71000C4F8940265616662A5612B463246002119
:10D72000204600F083FD002070BD10B504460420A3
:10D73000C4F8940200231A461946204600F076FDEC
:10D74000002010BD70B505460C462DB9224606498D
:10D7500006A000F012FA04E02246034903A000F0FC
:10D760000CFA014870BD00003CC300204344432034
:10D77000436F6E6669670000024612200880014808
:10D78000704700008403002070B505460C462DB993
:10D790002246064906A000F0F0F904E022460349BB
:10D7A00003A000F0EAF9014870BD00003CC300206E
:10D7B00043444320496E74657266616365000000EE
:10D7C00002460420088001487047000098030020AA
:10D7D00070B505460C462246024903A000F0CDF97B
:10D7E000004870BD3CC3002053544D6963726F659F
:10D7F0006C656374726F6E696373000070B5054683
:10D800000C462DB92246064906A000F0B6F904E000
:10D810002246034903A000F0B0F9014870BD0000A2
:10D820003CC3002053544D333220566972747561E5
:10D830006C20436F6D506F727400000070B5054628
:10D840000C461A202080F6F7D1F9014870BD00007F
:10D850009C03002070B504460D46E888012804D0DA
:10D8600029462046FFF71FFF1EE094F89C0201287E
:10D8700004D0022803D0032810D109E000BF002003
:10D88000A060012204F108012046FFF73CFF0AE0F6
:10D890000122211D2046FFF736FF04E029462046DD
:10D8A000FFF701FF00BF00BF70BDF8B504460E468C
:10D8B000002000900027002570880012082875D2EB
:10D8C000DFE800F0C7040C20C7C7A5B5207CD4F85A
:10D8D000B4120A68694690470746C1E0207C40B907
:10D8E000D4F8B802816A68468847074602207870F3
:10D8F00007E0D4F8B802C16A6846884707460220A4
:10D900007870ADE0B078062878D2DFE800F0031632
:10D91000293C5063D4F8B402406838B1207CD4F874
:10D92000B4124A6869469047074605E031462046EA
:10D93000FFF7B9FE681CC5B267E0D4F8B40280688E
:10D9400038B1207CD4F8B4128A68694690470746FB
:10D9500005E031462046FFF7A6FE681CC5B254E03C
:10D96000D4F8B402C06838B1207CD4F8B412CA68C4
:10D9700069469047074605E031462046FFF793FE8B
:10D98000681CC5B241E0D4F8B402006938B1207C0B
:10D99000D4F8B4120A6969469047074605E0314653
:10D9A0002046FFF780FE681CC5B22EE051E0D4F897
:10D9B000B402406938B1207CD4F8B4124A6969468F
:10D9C0009047074605E031462046FFF76CFE681C8D
:10D9D000C5B21AE0D4F8B402806940B1207CD4F812
:10D9E000B4128A6969469047074606E006E0314668
:10D9F0002046FFF758FE681CC5B206E031462046B7
:10DA0000FFF751FE681CC5B200BF00BF28E0207CB4
:10DA100030B9D4F8B802416B68468847074605E03C
:10DA200031462046FFF73FFE681CC5B218E0207C57
:10DA300040B9D4F8B802016B68468847074607200A
:10DA4000787005E031462046FFF72DFE681CC5B210
:10DA500006E031462046FFF726FE681CC5B200BF2F
:10DA600000BF05B1F8BDF088C0B1BDF8000080B1BD
:10DA7000F088BDF80010884202DDBDF8000000E02B
:10DA8000F0880090BDF8002039462046FFF73BFEA5
:10DA900007E031462046FFF706FE02E02046FFF78A
:10DAA00044FE00BFDEE72DE9F84105460F462C464F
:10DAB0002E464FF0000870883178884218DD3078A3
:10DAC00000900FE06946204600F020F80446607898
:10DAD000052807D1A04698F80200B84200D106E018
:10DAE0004FF000087088BDF800108842EADC00BFE3
:10DAF0004046BDE8F881014600200A4602E0431C8A
:10DB0000D8B2521C1378002BF9D1704710B50246D9
:10DB100010460B88047823440B800378981810BDB6
:10DB200070B504460D4694F89C02012804D00228E2
:10DB300003D003281AD101E000BF00BFE888022803
:10DB400004D029462046FFF7AEFD14E00120E06036
:10DB5000D4F8A40218B1E06840F00200E0600222AC
:10DB600004F10C012046FFF7CEFD04E029462046D3
:10DB7000FFF799FD00BF00BF70BD2DE9F0410746DA
:10DB80000D46904600240FB9BDE8F0813E46304670
:10DB9000FFF7B1FF022101EB4000B0F5007F01D992
:10DBA000080204E03046FFF7A6FF4000801CA8F8FA
:10DBB000000098F800002855601CC4B203202855C6
:10DBC000601CC4B208E030782855761C601CC4B2D2
:10DBD00000202855601CC4B230780028F3D100BF63
:10DBE000D2E70146002031B1012906D0022906D032
:10DBF000032908D105E0002007E0032005E001200B
:10DC000003E0032001E0032000BF00BF70472DE9BF
:10DC1000F04104460D46164614B90320BDE8F081D4
:10DC20000020C4F8B802C4F8C402C4F8D0020DB190
:10DC3000C4F8B452012084F89C022670204600F0FB
:10DC400055F907463846E9E72DE9F04104460D4607
:10DC5000002600272946D4F8C802F8F7BCFC06467F
:10DC60003046FFF7BEFF07463846BDE8F0812DE994
:10DC7000F04104460D46002600272946D4F8C80284
:10DC8000F8F774FC06463046FFF7ABFF0746384608
:10DC9000BDE8F0812DE9F04705460F469146002F7B
:10DCA0005AD105F11404D5F8940202284AD1A18969
:10DCB0006068884213D9A1896068401A6060A189B0
:10DCC000206908442061284662682169FFF7DFFC6B
:10DCD00000231A461946284600F0B8F932E0A08918
:10DCE0006168884217D1A1892068884213D32068CF
:10DCF000D5F8981288420ED2002211462846FFF726
:10DD0000C6FC0020C5F8980200231A46194628468A
:10DD100000F09CF916E095F89C0203280BD1D5F889
:10DD2000B802C06838B10020C5F8D402D5F8B802EE
:10DD3000C168284688478021284600F047FA2846CF
:10DD4000FFF7D4FC95F8A00250B3284600F0C5FABE
:10DD5000002085F8A00223E047F080012846FFF765
:10DD600084FC0646FF2E1BD0D6B995F89C020328EA
:10DD700016D105F52E7050F82600406980B1C5F81F
:10DD8000D46205F52E7050F82600394642692846BF
:10DD900090478046B8F1000F02D04046BDE8F087BA
:10DDA0000020FBE72DE9F04705460F4691464FF06E
:10DDB0000008002F55D105F5AA76D5F8940203285E
:10DDC00073D1B1897068884214D9B1897068401ADA
:10DDD0007060B189306908443061B38970689842D5
:10DDE00001D9706800E0B089024628463169FFF722
:10DDF00042FC5AE095F8AA0200F01F0020B1012869
:10DE000004D0022812D109E0002411E040F2AE2033
:10DE1000415D2846FFF72CFC044609E040F2AE20A5
:10DE2000415D2846FFF721FC044601E0002400BFC5
:10DE300000BF94B995F89C0203280ED105F52E7009
:10DE400050F82400006940B1C5F8D44205F52E70A1
:10DE500050F824000169284688472846FFF765FCEA
:10DE600023E007F07F012846FFF7FFFB0446FF2C65
:10DE70001BD0D4B995F89C02032810D105F52E705B
:10DE800050F82400806950B1C5F8D44205F52E70D1
:10DE900050F8240039468269284690478046B8F1F8
:10DEA000000F02D04046BDE8F0870020FBE70146A6
:10DEB0000020704770B504460025012084F89C02BC
:10DEC000D4F8B80238B12179D4F8B80242682046B3
:10DED000904700B10325284670BD70B504460D4635
:10DEE0002946D4F8C802F8F7B4FB70BD10B5044653
:10DEF000207800282AD11648C0F8E044C4F8C802A7
:10DF00004FF0A04012490860042008710221104817
:10DF1000C171002181710221417200218172C1729F
:10DF200001738173C173F8F7E9FF08B1F5F743FE98
:10DF300080210748F8F79FFA402200210448F8F7AB
:10DF40009FFA802201210248F8F79AFA002010BDBA
:10DF50003CD5002010B50246D2F8C83201F080004E
:10DF6000802809D101F07F0000EBC00403F1140008
:10DF700000EB8400807810BD01F07F0000EBC0044E
:10DF800003F5157000EB84008078F4E770B5044663
:10DF90000D4604F52E70D4F8D41250F8210008B9BB
:10DFA000032070BD94F89C02032811D104F52E7053
:10DFB000D4F8D41250F82100006A48B104F52E704C
:10DFC000D4F8D41250F821002946026A204690471E
:10DFD0000020E6E770B504460D4604F52E70D4F82F
:10DFE000D41250F8210008B9032070BD94F89C02A7
:10DFF000032811D104F52E70D4F8D41250F8210062
:10E00000406A48B104F52E70D4F8D41250F82100BB
:10E010002946426A204690470020E6E72DE9F0476E
:10E0200004460F4615461E464FF00008C1462B46D3
:10E0300032463946D4F8C802F8F716FB8046404607
:10E04000FFF7CFFD81464846BDE8F0872DE9F04750
:10E0500004460D4616461F464FF00008C1463B4693
:10E0600032462946D4F8C802F8F745FB80464046B8
:10E07000FFF7B7FD81464846BDE8F08770B5044616
:10E080000025012084F89C020020C4F894026060FE
:10E09000C4F8A40284F8A002D4F8B80258B1D4F8A5
:10E0A000B802406838B12179D4F8B80242682046F5
:10E0B000904700B103254023002211462046FFF778
:10E0C000ADFF012140F2631001554021C01E0153F4
:10E0D0004023002280212046FFF7A0FF01212320BA
:10E0E000015540212184284670BD014691F89C02CB
:10E0F000042803D191F89D0281F89C02002070470A
:10E1000010B5044694F89C0203280BD1D4F8B80249
:10E1100040B1D4F8B802C06920B1D4F8B802C169DE
:10E1200020468847002010BD024611740020704729
:10E130002DE9F04104460D46002600272946D4F873
:10E14000C802F9F705F806463046FFF74AFD0746CC
:10E150003846BDE8F08170B504460D46294604F204
:10E16000AA2000F07BF80120C4F894024FF42C7030
:10E17000005BC4F8980294F8AA0200F01F0020B1D6
:10E18000012809D0022815D10DE004F2AA21204669
:10E1900000F088F9064616E004F2AA21204600F0B5
:10E1A0001AFB06460FE004F2AA21204600F0D1F93E
:10E1B000064608E094F8AA0200F08001204600F02C
:10E1C00005F8064600BF00BF304670BD2DE9F0419E
:10E1D00004460D46002600272946D4F8C802F8F761
:10E1E000ADFA06463046FFF7FCFC07463846BDE868
:10E1F000F08170B5044600250026D4F8C802F8F76F
:10E20000CAFF05462846FFF7ECFC0646304670BDBF
:10E21000014691F89C02042803D091F89C0281F8F1
:10E220009D02042081F89C02002070472DE9F047F0
:10E2300004460D4616461F464FF00008C1463B46B1
:10E2400032462946D4F8C802F8F7BDFA804640465F
:10E25000FFF7C7FC81464846BDE8F08770B5054624
:10E260000E46344620782870641C20786870641C40
:10E270002046FDF743FA6880641C641C2046FDF7C5
:10E280003DFAA880641C641C2046FDF737FAE8803C
:10E2900070BD38B504460D46002000900DB903202E
:10E2A00038BDC4F8B85204F52E70D4F8D41250F822
:10E2B0002100C06A50B104F52E70D4F8D42250F871
:10E2C0002200C16A68468847C4F8D002D4F8D80250
:10E2D000401CC4F8D8020020E2E701460020704745
:10E2E00070B504460D46A88810BBE88800BB688856
:10E2F00080281DD2A87800F07F0694F89C0203289D
:10E3000004D129462046FFF7CEF915E084F89E6235
:10E3100031462046FFF70CFF2046FFF706FA1EB1F4
:10E32000022084F89C0207E0012084F89C0203E0AC
:10E3300029462046FFF7B7F970BD70B504460D4673
:10E340000026D4F8B80230B1D4F8B80229460268E1
:10E35000204690470646304670BD000070B5044622
:10E360000E460025B0783D4908700846007801281F
:10E3700005D931462046FFF796F9032070BD94F881
:10E380009C02022802D0032859D11FE033480078AC
:10E39000C0B1324800786060304801782046FFF70D
:10E3A000CCFF05463DB131462046FFF77CF90220FF
:10E3B00084F89C0209E02046FFF7B7F9032084F8AF
:10E3C0009C0202E02046FFF7B0F943E023480078C2
:10E3D00070B9022084F89C022048007860601F48D1
:10E3E00001782046FFF714F92046FFF79EF925E053
:10E3F0001A490978606888421DD021792046FFF7C4
:10E4000007F9164800786060144801782046FFF745
:10E4100094FF05465DB131462046FFF744F9217966
:10E420002046FFF7F5F8022084F89C0206E020461B
:10E43000FFF77BF902E02046FFF777F90AE0314663
:10E440002046FFF730F9054801782046FFF7E0F84D
:10E45000032500BF00BF284690E70000D40300203A
:10E4600070B505460C466088012805D1C5F8A402A0
:10E470002846FFF75AF90EE06088022807D1A088E5
:10E48000001285F8A0022846FFF74FF903E0214665
:10E490002846FFF708F970BD10B504462046FFF77F
:10E4A000A8FE10BD70B504460D460026287800F081
:10E4B000600088B1202802D0402842D100E000BF8F
:10E4C00004F52E70D4F8D41250F821002946826841
:10E4D00020469047064639E068780A282AD2DFE8C5
:10E4E00000F01A24291F290A0529150F294620465C
:10E4F000FFF7DBF923E029462046FFF7F1FE1EE097
:10E5000029462046FFF72AFF064618E029462046FE
:10E51000FFF7A0F913E029462046FFF701FB0EE0C4
:10E5200029462046FFF79CFF09E029462046FFF7D1
:10E530007DF804E029462046FFF7B5F800BF00BF8C
:10E5400004E029462046FFF7AEF800BF00BF304682
:10E5500070BD2DE9F04705460F464FF000093C79A4
:10E56000387800F06000F8B1202802D040287DD132
:10E5700000E000BF21462846FFF777F80646FF2E49
:10E5800011D086B9C5F8D46205F52E7050F8260072
:10E59000806840B105F52E7050F826003946826833
:10E5A00028469047814612E1787800287AD00128E1
:10E5B0002FD003286ED195F89C02022802D00328A0
:10E5C00020D110E054B1802C08D021462846FFF716
:10E5D000FDFD80212846FFF7F9FD03E03946284676
:10E5E000FFF761F813E0788840B93CB1802C05D082
:10E5F000F88818B921462846FFF7E8FD2846FFF7B6
:10E6000094F804E039462846FFF74DF800BF00BFF4
:10E61000D6E095F89C02022802D003283BD110E0F6
:10E6200054B1802C08D021462846FFF7CFFD802129
:10E630002846FFF7CBFD03E039462846FFF733F8BD
:10E640002EE0788820BB04F07F0018B121462846D0
:10E65000FFF7FAFA2846FFF768F821462846FFF741
:10E6600004F80646FF2E13D096B900E0AAE0C5F8DC
:10E67000D46205F52E7050F82600806840B105F58B
:10E680002E7050F826003946826828469047814609
:10E6900006E007E08FE039462846FFF704F800BFA0
:10E6A00000BF8DE095F89C02022802D003287BD1A0
:10E6B00027E034B1802C04D039462846FEF7F3FF1A
:10E6C00077E004F08000802808D104F07F0000EBA0
:10E6D000800105F1140000EB810007E004F07F00E9
:10E6E00000EB800105F5AA7000EB81008046002058
:10E6F00088F80E00022208F10E012846FFF703F801
:10E7000057E004F0800080280ED104F00F0000EBE9
:10E71000800105F1140000EB8100C07B98B93946F7
:10E720002846FEF7C0FF44E004F00F0000EB800134
:10E7300005F5AA7000EB8100C07B20B93946284658
:10E74000FEF7B1FF35E004F08000802808D104F026
:10E750007F0000EB800105F1140000EB810007E071
:10E7600004F07F0000EB800105F5AA7000EB81004A
:10E7700080460CB1802C03D1002088F80E000CE0FC
:10E7800021462846FFF7E6FB20B1012088F80E005D
:10E7900003E009E0002088F80E00022208F10E01D3
:10E7A0002846FEF7B0FF04E039462846FEF77BFF17
:10E7B00000BF00BF04E039462846FEF774FF00BFE3
:10E7C00000BF04E039462846FEF76DFF00BF00BFDA
:10E7D0004846BDE8F0872DE9F04105460E46002782
:10E7E000307800F0600030B1202802D0402840D1BD
:10E7F00000E000BF00BF95F89C02012804D0022869
:10E8000003D003282ED101E000BF00BF30790128DA
:10E8100023D831792846FEF72BFF0446FF2C14D06D
:10E820009CB905F52E7050F82400806858B1C5F8E1
:10E83000D44205F52E7050F82400314682682846EF
:10E840009047074602E0032700E00327F08840B91D
:10E850003FB92846FEF769FF03E031462846FEF738
:10E8600022FF04E031462846FEF71DFF00BF00BF2F
:10E8700004E031462846FEF716FF00BF00BF3846C9
:10E88000BDE8F08170470000014601487047000074
:10E8900020DA002070B504460B46224619785878D5
:10E8A00001282CD140F61C0080581D7805F00F0679
:10E8B0000125B540ADB2284340F61C05A85002F52D
:10E8C000106000EB4110006800F40040F0BB1889B4
:10E8D000C0F30A001D7940EA854040EA815040F0CB
:10E8E000805040F4004002F5106505EB41152D689D
:10E8F000284302F5106505EB411528602DE040F630
:10E900001C0080581D7805F00F060125B540144EF7
:10E9100006EA0545284340F61C05A85002F530607C
:10E9200000EB4110006800F4004078B91889C0F38A
:10E930000A001D7940EA854040F0805040F40040D4
:10E9400002F5306505EB41152D6800E005E0284330
:10E9500002F5306505EB41152860002070BD000010
:10E960000000FFFF01460A464FF410608058C30ABA
:10E97000DB024FF41060835040F60400805840F4EE
:10E98000807340F604008350002070470FB470B5C8
:10E9900004469DF81900012818D1A06B20F480309E
:10E9A000A063E0681B490840E060E06820F4401084
:10E9B000E0609DF82000012803D1E06840F4801059
:10E9C000E060204600F028F8054613E0E06840F0DB
:10E9D0004000E060204600F01FF805469DF81D004D
:10E9E00020B9A06B40F48030A06303E0A06B20F45A
:10E9F0008030A0639DF81600012807D1A06840F080
:10EA00000600A060A06840F02000A060284670BC0E
:10EA10005DF814FBBFFFBDFF08B501460020009064
:10EA200000BF0098401C00900098B0F1706F01D9B1
:10EA3000032008BD086900F000400028F1D00A203A
:10EA4000009002E00098401E009000980028F9D144
:10EA5000086940F00100086100BF0098401C009068
:10EA60000098B0F1706F01D90320E2E7086900F067
:10EA700001000028F1D100BFDBE7000070B50446BB
:10EA80000B46224619785878012848D102F51060C3
:10EA900000EB4110006800F00040B0F1004F17D1CA
:10EAA00002F5106000EB4110006840F0006502F5CF
:10EAB000106000EB4110056002F5106000EB4110A2
:10EAC000006840F0804502F5106000EB41100560E1
:10EAD00040F63C0080581D7805F00F060125B54032
:10EAE000ADB2A84340F63C05A85040F61C00805843
:10EAF0001D7805F00F060125B540ADB2A84340F6DC
:10EB00001C05A85002F5106000EB411000682B4D69
:10EB1000284002F5106505EB411528604BE002F531
:10EB2000306000EB4110006800F00040B0F1004F91
:10EB300017D102F5306000EB4110006840F000652D
:10EB400002F5306000EB4110056002F5306000EB2B
:10EB50004110006840F0804502F5306000EB411044
:10EB6000056040F63C0080581D7805F00F06012531
:10EB7000B540134E06EA0545A84340F63C05A850AB
:10EB800040F61C008558187800F00F060120B040B0
:10EB90000B4E06EA0040854340F61C00855002F506
:10EBA000306000EB41100068064D284002F53065EA
:10EBB00005EB41152860002070BD0000007833ECA3
:10EBC0000000FFFF0078F3EF01460A46D2F8000E7E
:10EBD00020F00300C2F8000E40F60400805820F038
:10EBE000020340F6040083500020704701460A46A5
:10EBF000D2F8000E20F00300C2F8000E40F6040028
:10EC0000805840F0020340F6040083500020704713
:10EC10000FB4F0B5054600272E46002405E000217C
:10EC200005F5827040F82410641C0F2CF7D39DF872
:10EC30002200A0B940F60400805940F0020140F6DD
:10EC400004008151A86B40F40010A863A86B20F465
:10EC50000020A863A86B20F48020A86307E0A86BBD
:10EC600020F40010A863A86B40F40020A8630020E3
:10EC7000C6F8000E9DF81D0001280CD19DF81B0060
:10EC800020B90021284600F00AFD08E001212846AD
:10EC900000F005FD03E00321284600F000FD1021EF
:10ECA000284600F002FC00B10127284600F0D5FB01
:10ECB00000B1012700214FF401608151001D8151F5
:10ECC00040F61C00815100242EE006F5106000EB98
:10ECD0004410006800F00040B0F1004F10D13CB982
:10ECE0004FF0006106F5106000EB441001600DE08C
:10ECF0004FF0904106F5106000EB4410016005E014
:10ED0000002106F5106000EB44100160002106F5BB
:10ED1000106000EB441001614FF67F3106F5106082
:10ED200000EB44108160641C9DF81800A042CCD810
:10ED300000242EE006F5306000EB4410006800F07F
:10ED40000040B0F1004F10D13CB94FF0006106F522
:10ED5000306000EB441001600DE04FF0904106F58B
:10ED6000306000EB4410016005E0002106F53060E2
:10ED700000EB44100160002106F5306000EB441008
:10ED800001614FF67F3106F5306000EB4410816081
:10ED9000641C9DF81800A042CCD84FF40160805943
:10EDA00020F480714FF4016081510020A8616FF060
:10EDB000804068619DF81A0018B9A86940F01000F9
:10EDC000A861A8690A490843A8619DF81E0018B106
:10EDD000A86940F00800A8619DF82200012803D12D
:10EDE000A86904490843A8613846F0BC5DF814FBE3
:10EDF00000383C80040000400146886820F0010093
:10EE0000886000207047000070B503460C46194624
:10EE10001D6C1848854209D94FF43060405800F005
:10EE20000040B0F1004F01D1002070BD0026C1F8B4
:10EE3000106BD1F8100B40F40026C1F8106BD1F81C
:10EE4000100B40F01806C1F8106BD1F8100B40F011
:10EE5000C046C1F8106B012C09D1C1F8142B4FF436
:10EE60003060405840F080264FF43060465000201B
:10EE7000DBE700000A30544F30B504460B4622460B
:10EE80001978587801281ED102F5106000EB411066
:10EE9000006820F4001502F5106000EB41100560D9
:10EEA0001879032802D0187902282AD102F51060B7
:10EEB00000EB4110006840F0805502F5106000EB57
:10EEC000411005601DE002F5306000EB4110006864
:10EED00020F4001502F5306000EB41100560187950
:10EEE000032802D0187902280BD102F5306000EB1C
:10EEF0004110006840F0805502F5306000EB411091
:10EF00000560002030BD30B504460B462246197816
:10EF10005878012821D102F5106000EB41100068FB
:10EF200000F0004060B959B102F5106000EB4110EB
:10EF3000006820F0804502F5106000EB411005608C
:10EF400002F5106000EB4110006840F4001502F576
:10EF5000106000EB4110056020E002F5306000EB2E
:10EF60004110006800F0004060B959B102F530600E
:10EF700000EB4110006820F0804502F5306000EBA6
:10EF80004110056002F5306000EB4110006840F46C
:10EF9000001502F5306000EB41100560002030BD27
:10EFA0002DE9F84381460E4690464D4634787078F8
:10EFB00001287DD1306920BB05F5106000EB4410BD
:10EFC0000069E649084005F5106101EB441108614C
:10EFD00005F5106000EB4410006940F4002105F5D0
:10EFE000106000EB4410016105F5106000EB441067
:10EFF0000069C10CC90405F5106000EB4410016103
:10F000006FE005F5106000EB44100069C10CC90405
:10F0100005F5106000EB4410016105F5106000EB90
:10F0200044100069CD49084005F5106101EB441119
:10F03000086194B9B1683069884201D9B06830611B
:10F0400005F5106000EB4410006940F4002105F55F
:10F05000106000EB4410016135E0B168306908448C
:10F06000401EB0FBF1F087B205F5106000EB4410D4
:10F070000069BA49C94301EAC741084305F510616F
:10F0800001EB44110861307901281CD105F51060AD
:10F0900000EB4410006920F0C04105F5106000EB62
:10F0A0004410016105F5106000EB4410006900E0B8
:10F0B00099E04FF0C04101EA4771084305F510613E
:10F0C00001EB4411086105F5106000EB4410006984
:10F0D0003169C1F31201084305F5106101EB4411D8
:10F0E0000861B8F1010F36D1F06928B105F510605B
:10F0F00000EB4410F1694161307901281ED140F6DE
:10F100000800405900F4807060B905F5106000EB0C
:10F110004410006840F0005105F5106000EB441009
:10F1200001600BE005F5106000EB4410006840F052
:10F13000805105F5106000EB4410016005F510608A
:10F1400000EB4410006840F0044105F5106000EB4E
:10F1500044100160FEE005F5106000EB441000680B
:10F1600040F0044105F5106000EB44100160307977
:10F1700001280FD030690028ECD040F63400405907
:10F18000317801F00F0201219140084340F634012B
:10F190004851DFE040F60800405900F4807060B943
:10F1A00005F5106000EB4410006840F0005105F5D3
:10F1B000106000EB441001600BE005F5106000EBFF
:10F1C0004410006840F0805105F5106000EB4410D9
:10F1D0000160CDF80080308A83B232784846F16809
:10F1E00000F0DAFAB6E005F5306000EB4410006993
:10F1F000C10CC90405F5306000EB4410016105F550
:10F20000306000EB441000695449084005F5306156
:10F2100001EB4411086104BB306908B1B06830618A
:10F22000B068306205F5306000EB44100069316A67
:10F23000C1F31201084305F5306101EB4411086187
:10F2400005F5306000EB4410006940F4002105F53D
:10F25000306000EB4410016143E03069D0B905F53E
:10F26000306000EB44100069B168C1F3120108433B
:10F2700005F5306101EB4411086105F5306000EBE4
:10F280004410006940F4002105F5306000EB4410A3
:10F29000016126E0B16830690844401EB0FBF1F01E
:10F2A00087B2B0687843306205F5306000EB4410F7
:10F2B00000692A49C94301EAC741084305F530619D
:10F2C00001EB4411086105F5306000EB4410006962
:10F2D000316AC1F31201084305F5306101EB4411B5
:10F2E0000861B8F1010F07D1F06828B105F5306069
:10F2F00000EB4410F1684161307901281ED140F6DD
:10F300000800405900F4807060B905F5306000EBEA
:10F310004410006840F0005105F5306000EB4410E7
:10F3200001600BE005F5306000EB4410006840F030
:10F33000805105F5306000EB4410016005F5306048
:10F3400000EB4410006840F0044105F5306000EB2C
:10F35000441001600020BDE8F8830000FFFF07E0D3
:10F3600078B503460024009400201A464C78012CFE
:10F3700035D10C7802F5106505EB4414246804F0CF
:10F380000044B4F1004F60D10C7805EB44142468BC
:10F3900044F000660C7805EB441426600C7805EB0D
:10F3A0004414246844F080460C7805EB441426602D
:10F3B00000BF009C641C009442F21075009CAC429B
:10F3C00001D901200AE00C7802F5106505EB441420
:10F3D000246804F00044B4F1004FEAD035E00C7822
:10F3E00002F5306505EB4414246804F00044B4F1E0
:10F3F000004F2AD10C7805EB4414246844F00066D1
:10F400000C7805EB441426600C7805EB4414246852
:10F4100044F080460C7805EB4414266000BF009C45
:10F42000641C009442F21075009CAC4201D901208A
:10F430000AE00C7802F5306505EB4414246804F00A
:10F440000044B4F1004FEAD000BF78BD014688689F
:10F4500040F0010088600020704708B50146002098
:10F46000009000BF0098401C00900098B0F1706FB1
:10F4700001D9032008BD086900F000400028F1D040
:10F48000002000901020086100BF0098401C0090F0
:10F490000098B0F1706F01D90320EBE7086900F024
:10F4A00010001028F1D00020E4E708B50246002043
:10F4B000009000BF0098401C00900098B0F1706F61
:10F4C00001D9032008BD106900F000400028F1D0E8
:10F4D00000200090202040EA8110106100BF0098B9
:10F4E000401C00900098B0F1706F01D90320E9E74B
:10F4F000106900F020002028F1D00020E2E710B5CC
:10F5000001460B4640F60804E45804F006020AB926
:10F51000002006E0022A01D0062A01D1022000E0E4
:10F520000F2010BD0146486900F0010070470146F8
:10F530000B4640F61800C258001DC058024090B259
:10F54000704701460B4640F61800C258001DC058CF
:10F550000240100C704770B5024613464FF4016626
:10F56000F45840F63406F55801F00F0625FA06F671
:10F5700006F0010644EAC61403F5106606EB4116D0
:10F58000B66806EA040070BD10B50246134603F5DE
:10F59000306404EB4114A06840F61404E4582040A1
:10F5A00010BD014648698A69104070472DE9F04155
:10F5B00004460D46274628464FEA920C02F0030304
:10F5C00000210AE04FF4805858F80780C0F8008006
:10F5D000401C401C401C401C491C6145F2D39BB19F
:10F5E00000214FF4805858F8076000BF4FEAC10867
:10F5F00026FA08F880F80080491C401CA3F1010895
:10F600001FFA88F3002BF1D1BDE8F08170B50446F4
:10F610000E460025E06820F0C040E060012E10D1C9
:10F62000E06840F00050E06000BF0A20F6F740F9C3
:10F630000A352046FFF776FF012815D0C82DF4D3F0
:10F6400012E07EB9E06840F08040E06000BF0A2030
:10F65000F6F72EF90A352046FFF764FF20B1C82DD2
:10F66000F5D301E0012070BDC82D01D10120FAE7DA
:10F670000020F8E710B502460B461146D1F8000805
:10F6800020F4FE60C1F80008D1F800084FF4FE64D1
:10F6900004EA03142043C1F80008002010BD02460C
:10F6A0001346D3F800080843C3F800080020704749
:10F6B00030B503461446022C49D12D48814204D36B
:10F6C0002C48814201D20F2245E02A48814204D3CE
:10F6D0002948814201D20E223DE02748814204D3CD
:10F6E0002648814201D20D2235E02448814204D3CC
:10F6F0002348814201D20C222DE02148814204D3CB
:10F700002048814201D20B2225E01E48814204D3C9
:10F710001D48814201D20A221DE01B48814204D3C8
:10F720001A48814201D2092215E01848814204D3C7
:10F730001748814201D208220DE01548814204D3C6
:10F740001448814201D2072205E0062203E00CB9E9
:10F75000092200E00922D86820F47050D860D868E7
:10F760004FF4705505EA82252843D860002030BD4B
:10F77000C0ACD800C0E1E4000024F40080730601AE
:10F78000A0491A01002D310140A44C0100366E0140
:10F7900020ABA6010048E8012DE9F04304460D46E0
:10F7A0001E46DDF81CC0A0462946BCF1000F12D150
:10F7B000F01C870800230CE0D1F8009008F5805079
:10F7C00000EB0230C0F80090491C491C491C491C40
:10F7D0005B1CBB42F0D30020BDE8F0832DE9F0476D
:10F7E00005460C462646B6F80170B4F8058004F1CB
:10F7F0000709D5F8A80028B13A4649464046D5F849
:10F80000A8309847BDE8F08700BFFEE72DE9F0413A
:10F8100004460D461646012C04D0022C0DD0032CB4
:10F820001FD115E0FBF758FC074632462946FBF787
:10F830009BFB1120FBF7CCF913E00B482968016012
:10F8400069684160297A01720F20FBF7C1F908E06D
:10F850002A2229460548F0F7BEFD1020FBF7B8F92B
:10F8600000BF00BFBDE8F081C2800020CB80002037
:10F8700000487047F58000200FB4084B10B504A96C
:10F8800002AA039801F090FC044602A9002002F0AD
:10F8900022F8204610BC5DF814FB0000D7180108C0
:10F8A00003B401984100009850EAC12018BF042019
:10F8B0004A0D18BF40F0010040F2FF72B2EB515FF9
:10F8C00008BF40F00200012808BF052002B07047C1
:10F8D0004100080218BF04200A0E18BF40F00100C2
:10F8E0004FF07F4232EA010108BF40F002000128D8
:10F8F00008BF05207047000002480068C0F30220DE
:10F90000704700000CED00E010B5002804DB0A078A
:10F91000130E054A135406E00A07140E034A00F0BA
:10F920000F031B1FD45410BD00E400E018ED00E0ED
:10F9300010B54FF00E402DED028BB0EE408A18EE60
:10F94000104A00EB4400B0F1506F4AD84FF0FC4031
:10F95000B0EB440F22D2B0EEC80AF7EE000A30EE48
:10F96000C00AF6EE000A60EE208A18EE900A05F052
:10F9700009F901EE100A14F0004F1DBFDFED2D0A4A
:10F980009FED2D0AB1EE411ADFED2C0A08BF9FED65
:10F990002C0AF8EE001A21EE218A05E0DFED290A93
:10F9A00068EE088AB0EE600A9FED271ADFED271A8D
:10F9B00030EE080A48EE811A9FED251A08EEA11ACA
:10F9C000DFED241A48EE811A9FED231A08EEA11AE2
:10F9D00068EE281ABDEC028B01EE810A30EE200A97
:10F9E00010BD4FF0E440B0EB440F0CD918EE100AF4
:10F9F000FFF76EFF042808BF01F04CFAB0EE480A8A
:10FA0000BDEC028B10BD4FF07F40B0EB440F07D22E
:10FA1000B0EE480ABDEC028BBDE8104001F02CBAF4
:10FA2000012001F0F9FABDEC028BBDE8104001F0B5
:10FA300029BA00000000C9BF22AAFDB90000C93FD1
:10FA400022AAFD390000000024FE1C3DC78AD83CD4
:10FA50001E67383D1B93993DAFAA2A3E0000000067
:10FA600070B59B482DED020B2DED068B079D25F003
:10FA70000044A04218DC9748844202DC0AD1069870
:10FA800040B19DED060BBDEC068B02B0BDE87040A9
:10FA900001F0BEB9002DCCBF9FED8F0B9FED900BF9
:10FAA000BDEC068B02B070BD8F48A04215DD8F48BB
:10FAB000A042D8BF4FF0FF3458DD9DED060B51EC4E
:10FAC000100BFFF7EDFE042808BF01F0C5F99DED0E
:10FAD000060BBDEC068B02B070BD9DED060B51EC24
:10FAE000100B03F002F8CDE9060181489FED828BEF
:10FAF000A0423CDD8248A0421FDD00249FED82AB86
:10FB00009DED060B53EC1A2B51EC100BF0F797FC04
:10FB10009DED060B41EC190B53EC1A2B51EC100B1D
:10FB2000F0F734FD53EC182BF0F72AFD53EC192BAA
:10FB3000F0F79EFDCDE9060149E09DED060B01249D
:10FB400053EC182B51EC100BF0F779FC9DED060BE4
:10FB500041EC190B53EC182B51EC100BF0F710FD86
:10FB600053EC192BF0F784FDCDE906012FE068482E
:10FB7000A0421FDD02249FED689B9DED060B53EC18
:10FB8000192B51EC100BF0F701FD53EC182BF0F78B
:10FB900056FC9DED060B41EC180B53EC192B51EC68
:10FBA000100BF0F7EDFC53EC182BF0F761FDCDE9ED
:10FBB00006010CE09DED060B032453EC102B9FED8A
:10FBC000580B51EC100BF0F753FDCDE906019DEDFC
:10FBD000060B53EC102B51EC100BF0F7D7FC41EC5B
:10FBE000180B53EC182BF0F7D1FC41EC190B4E48D5
:10FBF0000621B0EE490AF0EE690A784400F0F4FFFD
:10FC000053EC182B51EC100BF0F7C0FC41EC180B27
:10FC10004648B0EE490AF0EE690A0521784400F042
:10FC2000E3FF53EC192B51EC100BF0F7AFFC41EC58
:10FC3000100B51EC180B53EC102B002C0EDAF0F7D4
:10FC4000FEFB9DED061B53EC112BF0F79FFC9DED89
:10FC5000061B53EC112BF0F796FC35E0F0F7EFFBA9
:10FC60009DED061B53EC112BF0F790FC41EC100BB3
:10FC70002F48784400EBC40090ED001B51EC100BB2
:10FC800053EC112BF0F77CFC9DED061B53EC112B74
:10FC9000F0F776FC41EC100B2648784400EBC400EA
:10FCA00090ED001B51EC100B53EC112BF0F76BFC9B
:10FCB00041EC100B002DA2BFBDEC068B02B070BD55
:10FCC00051EC100B81F0004141EC100B01E70000FA
:10FCD000000010440000F07F182D4454FB21F93F30
:10FCE000182D4454FB21F9BF0000DC3F0000203EEA
:10FCF0000000F33F00000000000000000000F03FA3
:10FD00000000E63F0000000000000000000000408E
:10FD10000080034000000000000000000000F83FE9
:10FD2000000000000000F0BFCA7A0000807A0000E6
:10FD30000A7A0000C279000070B56B4E2DED040BFD
:10FD40002DED028B82B0DDF81CC0DDE905235C429D
:10FD50002CF000411C4341EAD474049D22F0004081
:10FD6000B44205D86C422C4340EAD474B4420BD957
:10FD70009DED061B9DED040B02B0BDEC028B04B0A3
:10FD8000BDE8704001F04EB8ACF14054A4F17F647E
:10FD90001C430BD0022404EAAC7444EAD274054339
:10FDA0009FED538B9FED542B07D015E09DED040B79
:10FDB00051EC100B02F073F842E0002C11BF012C43
:10FDC0009DED040B02B0BDEC028B04BF04B070BD0E
:10FDD000022C38D0032C3BD00B439FED491B9FEDE9
:10FDE0004A0B0AD0B14218D1B04209D121F080416A
:10FDF00020F08040079105900FE0002A15DA10E00E
:10FE0000434B7B44002C08BF93ED000B0DD0012C1D
:10FE100010D0022C17D0032C1AD0B0421DD1002ACA
:10FE200003DAB0EE410AF0EE610A02B0BDEC028BDB
:10FE300004B070BD93ED000B51EC100B81F000414C
:10FE400041EC100BF1E7B0EE480AF0EE680AECE77F
:10FE5000B0EE420AF0EE620AE7E7401A00153C28CD
:10FE6000C8BF8DED000B19DCBCF1000FBEBF10F157
:10FE70003C0F9FED290B8DED000B0FDB9DED060B6D
:10FE800053EC102B9DED040B51EC100BF0F7F0FB35
:10FE900002F02BFE02F003F8CDE90001002C08BFB0
:10FEA0009DED000BC1D0012C10D0022C9FED1C0B3E
:10FEB00053EC102B9DED000B51EC100B0DD0F0F717
:10FEC0005FFB53EC182BF0F75BFBB9E7019880F070
:10FED000004001909DED000BA7E7F0F751FB53ECBC
:10FEE000182BF0F750FBABE70000F07F000000009C
:10FEF000182D4454FB210940182D4454FB2109C0FE
:10FF0000182D4454FB21F9BF182D4454FB21F93F0F
:10FF10002279000000000000000000000000000046
:10FF2000075C143326A6A13C10EE100A10B510EEA3
:10FF3000901A4FF0684202EB40032DED028BB3F1B3
:10FF4000654F3CBF02EB4102B2F1654F7CD200BF6E
:10FF5000C0F3C753C1F3C7529A1A1B2A09DD10F028
:10FF6000004F14BF9FED6E0A9FED6E0ABDEC028B31
:10FF700010BD12F11A0F1BDA11F0004F09D010F06A
:10FF8000004F0CBF9FED680A9FED680ABDEC028B25
:10FF900010BD80EE208A18EE100AFFF799FC0428A5
:10FFA00008BF00F077FFB0EE480ABDEC028B10BD31
:10FFB0004200B2EB410F37D910F0004F19BFDFED0F
:10FFC0005C1A9FED5C1ADFED5C1A9FED5C1AB0EED7
:10FFD000602A0A46F1EE400A80F00041B0EE420A83
:10FFE00010460A1A5200B2F1807F34D2484010F015
:10FFF000004FDFED532A9FED533A1DBFBEEE002A9E
:020000040801F1
:1000000071EEE21A31EE431AB6EE002A04BF71EE29
:10001000A21A31EE031AF0EE402A42EE602A40EEB8
:10002000020A82EEA02A18E011F0004F04BF9FEDF3
:10003000461AF0EE411AD4D010F0004F1CBFDFED8D
:10004000431A9FED431A00E026E004BFDFED411A9A
:100050009FED411AC5E780EE202A22EE020ADFED6D
:100060003F0ADFED3F2ABDEC028B40EE202ADFED98
:100070003D0A40EE220ADFED3C2A40EE202ADFED69
:100080003B0A40EE220A22EE000A00EE201A31EE70
:10009000020A30EE210A10BD4FF07F42B2EB400F52
:1000A00028BFB2EB410F05D2BDEC028BBDE810407A
:1000B00000F0E5BE40EA01035B0008BF41F0FF41EC
:1000C0000BD0B2EB400F08BFB2EB410F08D120F0CC
:1000D000804000EE100A21F0804100EE901A37E7D0
:1000E000B2EB400F12BF5FEA410240F0FF4001F067
:1000F00000413FF42DAF4A0092EA40033FF528AF9C
:10010000002AACBF9FED1A1A9FED1A1A20EE010AC1
:1001100060EE810A10EE100A10EE901A18E7000047
:10012000DB0FC9BFDB0FC93FDB0F4940DB0F49C005
:100130000000C9BF22AAFDB90000C93F22AAFD39AB
:100140000060ED3EC30ACE3700000000000049C049
:1001500022AA7DBA0000494022AA7D3A2DAD65BD94
:100160008FB8D53D0FB511BE61C84C3EA8AAAABE36
:100170000000804F0000802F10B52F499FED2C1BF1
:100180002DED020B84B0059820F000408842D8BFC6
:100190009DED040B2DDD2949884209D1049840B911
:1001A0004FF0010000F038FF00F046FE06B010BD31
:1001B00005DB9DED040B00F02BFE06B010BD68467C
:1001C0009DED040B00F03CFA10F0030004BF9DED20
:1001D000021B9DED000B0CD001280ED09DED021BE3
:1001E0009DED000B022817D0012000F079FD06B02C
:1001F00010BD00F041FC06B010BD9DED021B9DED51
:10020000000B012000F06CFD51EC100B81F000415F
:1002100006B041EC100B10BD00F02EFC51EC100BA1
:1002200081F0004106B041EC100B10BD0000000051
:100230000000000000000000FB21E93F0000F07F0B
:1002400010EE101A08B5444A6846B2EB410F28D99F
:100250004FF0E640B0EB410F94BF00204FF0FF306D
:1002600000900098002861DB60EE000A10F0010F9A
:1002700045D010F0020FDFED391A9FED391A00EE6C
:10028000E11ADFED381A40EE811A21EEA01AF0EEE5
:10029000400A40EE010A08BFF1EE600AB0EE600AC3
:1002A00008BD314B21F0004293423CD911F0004F80
:1002B000DFED2E0A20EE201ADFED2D0A19BF31EEF8
:1002C000601A71EE200A31EE201A71EE600ABDEE5E
:1002D000E01A11EE100A9FED271A00F0030000EE5D
:1002E000C10A9FED251A009000EEC10A9FED231A66
:1002F00000EEC10A9FED221A00EEC10AB1E79FEDA0
:10030000211A9FED210A10F0020F00EE810A9FEDE5
:100310001F1A00EE801AB7EE000A00EE810A18BF1D
:10032000B1EE400A08BD00F0BDFD9AE710EE100ADC
:100330004000B0F17F4F3CBFB7EE000A08BD07D1C7
:100340004FF0010000F068FEBDE8084000F09ABDE3
:10035000BDE8084000F090BDB61F927E336D4C3969
:10036000DA82083CA0AA2ABE490E494683F9223FF8
:100370000000004B0000C93F00A0FD390020A2335F
:100380001A61342CB93AB2BACA9F2A3DDDFFFFBECA
:100390002DED020B019820F0004001909DED000B27
:1003A00002B070470000000010B52F499FED2C1BD4
:1003B0002DED020B84B0059820F000408842DCBF90
:1003C00000209DED040B32DD2849884209D10498B4
:1003D00040B94FF0010000F01FFE00F02DFD06B007
:1003E00010BD05DB9DED040B00F012FD06B010BD45
:1003F00068469DED040B00F023F910F0030011D0C6
:10040000012818D09DED021B9DED000B02281AD08B
:1004100000F032FB51EC100B81F0004106B041ECD2
:10042000100B10BD9DED021B9DED000B012000F097
:1004300057FC06B010BD9DED021B9DED000B00F0BA
:100440001BFB06B010BD012000F04AFC51EC100B64
:1004500081F0004106B041EC100B10BD000000001F
:100460000000000000000000FB21E93F0000F07FD9
:1004700000B510EE101A2DED028B81B0524A68467D
:10048000B2EB410F2ED94FF0E640B0EB410F94BFD5
:1004900000204FF0FF3000900098B0EE408A002816
:1004A0006ADB10F0010F4BD068EE080A9FED471A87
:1004B0009FED470A00EE810A9FED461A10F0020FE9
:1004C00000EE801AB7EE000A00EE810A02BF01B00A
:1004D000BDEC028B00BD00BF01B0B1EE400ABDEC27
:1004E000028B00BD3C4B21F00042934241D911F0F8
:1004F000004FDFED3A0A20EE201ADFED390A19BF6E
:1005000031EE601A71EE200A31EE201A71EE600AA7
:10051000BDEEE01A11EE100A9FED321A00F0030052
:1005200000EEC10A9FED301A009000EEC10A9FED67
:100530002F1A00EEC10A9FED2E1A00EEC10AABE79A
:1005400028EE080A9FED2B1ADFED2B0A10F0020FA0
:1005500040EE410A9FED291A00EE201A61EE000AD2
:10056000B0EE480A08EE200AB6D101B0BDEC028B0D
:1005700000BD00F097FC8FE718EE100A4000B0F1C4
:100580007F4F0DD218EE100AFFF7A2F9042808BF1A
:1005900000F080FCB0EE480A01B0BDEC028B00BD5B
:1005A00009D1012000F038FD01B0BDEC028B5DF8EF
:1005B00004EB00F067BC01B0B0EE480ABDEC028B62
:1005C0005DF804EB00F058BCB61F927EB93AB2BA9F
:1005D000CA9F2A3DDDFFFFBE490E494683F9223FEF
:1005E0000000004B0000C93F00A0FD390020A233ED
:1005F0001A61342C336D4C39DA82083CA0AA2ABE29
:1006000010B52DED028BB1EEC08A18EE100A20F065
:100610000040C0F1FF40C00F0AD010EE100A20F0D9
:100620000040C0F1FF40C00F04BF012000F0F4FC07
:10063000B0EE480ABDEC028B10BD000000000000C7
:100640002DE9F14F04462DED020B2DED088B8AB0FC
:100650009FEDE70B80ED020B139EE74826F0004567
:1006600085420ADC9DED120B002084ED000B0AB0E0
:10067000BDEC088B03B0BDE8F08FE0489FEDE0AB28
:100680009FEDE1BBA84247DDE14F9FEDE39B9FED6E
:10069000E48B9DED120B53EC1A2B51EC100B002E3A
:1006A0001CDDEFF76DFF41EC100BBD4208D053ECA1
:1006B0001B2B51EC100BEFF763FFC4E900010BE0BB
:1006C00053EC192B51EC100BEFF75AFF53EC182B8E
:1006D000EFF756FFC4E900010120C8E7EFF7AFFECE
:1006E00041EC100BBD4208D053EC1B2B51EC100B0E
:1006F000EFF7A5FEC4E900010BE053EC192B51EC18
:10070000100BEFF79CFE53EC182BEFF798FEC4E9A3
:1007100000014FF0FF30AAE7C348A84279DB9DED06
:10072000120B51EC100B02F0E0F941EC180B9FEDAD
:10073000C00B53EC102BEFF729FF9FEDBF1B53ECC1
:10074000112BEFF77CFEF0F786F90746EFF7FFFF76
:1007500041EC190B53EC1A2BEFF718FF53EC182B45
:10076000EFF711FF41EC180B53EC1B2B51EC190B5D
:10077000EFF70CFFDFF8C8A241EC100B4FEA155859
:100780000125FA4453EC102B51EC180BEFF7F8FE4F
:10079000032DC4E900013DD0C1F30A5005EB45111A
:1007A000A8EB00001139814234DA0AEB051BB0EEE8
:1007B00048AA9BED000BF0EE68AA53EC102B51EC0D
:1007C000190BEFF7E3FE41EC1B0B51EC1A0B53EC4A
:1007D0001B2BEFF7D5FE41EC180B51EC1A0B53EC29
:1007E000182BEFF7CDFE53EC1B2BEFF7C9FE9BED5B
:1007F000020B41EC1A0B53EC102B51EC190BEFF7D9
:10080000C5FE53EC1A2BEFF7BBFE41EC100B6D1C31
:10081000B8E70EE0002EA8BF3846BFF628AF94ED2B
:10082000000B51EC100B81F00041C4E9000178424B
:100830001DE7C6F3130040F4801EC6F30A50A0F271
:10084000F530471100F01F05C5F12000DDF848B074
:1008500008900020069007900520EC467949002D6D
:1008600007EB0002794408BF51F8221009D051F873
:10087000223001EB8201AB404A68089922FA01F16B
:100880001943A1FB0E26A1FB0B131A449A4234BF55
:100890000123002303EB06080CEB8003D3E901A638
:1008A0000E448E4234BF0121002192448A4411B18A
:1008B000924502D903E0924501D2012100E00021D6
:1008C000C3E901A641444CF82010011EA0F101002B
:1008D000C4DC029800F10050850F0298DDE903673F
:1008E0008000DDF81480EFF732FF41EC1A0B304640
:1008F000F0F7A4F89FED541B53EC112BEFF746FED5
:1009000041EC1B0B3846F0F799F89FED511B53EC67
:10091000112BEFF73BFE41EC180B4046F0F78EF839
:100920009FED4D1B53EC112BEFF730FE41EC190BF3
:1009300051EC180B53EC192BEFF781FD53EC1B2BEB
:10094000EFF77DFD53EC1A2BEFF779FDCDE90801A8
:10095000002008909DED080B53EC1A2B51EC100B66
:10096000EFF70EFE53EC1B2BEFF70AFE53EC182BA0
:10097000EFF706FE53EC192BEFF705FE9FED381B42
:1009800053EC112BEFF702FE9FED370B41EC180BE8
:1009900053EC102B9DED080B51EC100BEFF7F6FD0F
:1009A00053EC182BEFF74BFD9FED310B41EC180B7F
:1009B00053EC102B9DED080B51EC100BEFF7E6FDFF
:1009C00053EC182BEFF73BFD41EC100B139810F094
:1009D000004F06D06D4251EC100B81F0004141EC0C
:1009E000100B284684ED000B41E6000000000000DB
:1009F0000000000000000000FB21E93F7CD902401C
:100A000000004054FB21F93F3163621A61B4D03DCC
:100A1000FB21F93F000000000000601A61B4D03DE6
:100A20007370032E8A19A33BFB213941000000009B
:100A300083C8C96D305FE43F000000000000E03F64
:100A4000AA6F0000F86E0000000000000000103ED9
:100A5000000000000000103C000000000000103A00
:100A6000182D4454FB21F93D3326A611460B113CA9
:100A700000000054FB21F93D10B52DED040B2DEDC8
:100A8000088B82B0B0EE419AF0EE619A0B9820F09C
:100A900000449FED4BABB4F1795F11DA9DED0A0B89
:100AA00051EC100BEFF7D7FF002801BFB0EE4A0A58
:100AB000F0EE6A0A02B0BDEC088B04BF04B010BDB2
:100AC0009DED0A0B53EC102B51EC100BEFF75EFD74
:100AD00041EC180B3C480621B0EE480AF0EE680ADB
:100AE000784400F081F853EC182B51EC100BEFF721
:100AF0004DFD9DED0A0B41EC1B0B53EC192B51ECFA
:100B0000100BEFF743FD41EC190B53EC1B2B51EC91
:100B1000180BEFF73BFD53EC192BEFF731FD9FED71
:100B20002C0B41EC190B53EC102B51EC180BEFF77D
:100B30002DFD41EC100B2848844210DA53EC192BA0
:100B400051EC100BEFF71CFD53EC1A2BEFF71BFDCC
:100B500041EC100B02B0BDEC088B04B010BD1F4877
:100B6000A042BCBF9FED1E1B8DED001B06DBA4F554
:100B700000100190002000909DED001B51EC100B27
:100B800053EC112BEFF7FCFC9DED000B41EC180B27
:100B900053EC102B51EC1A0BEFF7F2FC41EC1A0B53
:100BA00053EC192B51EC180BEFF7EAFC53EC1A2B12
:100BB000EFF7E9FC41EC100BCCE70000000000006F
:100BC000000000000000F03F146C00000000000076
:100BD000000000000000E03F3333D33F0000E93F56
:100BE000000000000000D23F70B504462DED028BDE
:100BF0004D1E00EBC500B0EE408AF0EE608A90ED2D
:100C0000000B35F0060017D053EC182B51EC100BED
:100C1000EFF7BCFC41EC100B6D1E04EBC50090ED32
:100C2000001B51EC100B53EC112BEFF708FC41ECBF
:100C3000100B35F00600E7D1022D36D0042D1CD064
:100C4000062D1CBFBDEC028B70BD53EC182B51EC74
:100C5000100BEFF79BFC94ED0A1B53EC112BEFF7F5
:100C6000EEFB53EC182BEFF791FC94ED081B53ECC3
:100C7000112BEFF7E4FB41EC100B53EC182B51EC6C
:100C8000100BEFF783FC94ED061B53EC112BEFF7E1
:100C9000D6FB53EC182BEFF779FC94ED040B53ECD7
:100CA000102BEFF7CCFB41EC100B53EC182B51EC55
:100CB000100BEFF76BFC94ED021B53EC112BEFF7CD
:100CC000BEFB53EC182BEFF761FC94ED001B53ECCB
:100CD000112BEFF7B4FBBDEC028B41EC100B70BD98
:100CE00031B504462DED040B2DED0A8BB0EE41BA63
:100CF000F0EE61BA0B989DED0A0B20F00040B0F1C8
:100D0000795F0DDA51EC100BFEF7CAFD042808BF1D
:100D100000F0A2F89DED0A0BBDEC0A8B05B030BDCA
:100D200053EC102B51EC100BEFF730FC41EC180B8F
:100D30009DED0A0B53EC182B51EC100BEFF726FC32
:100D400041EC190B2C48B0EE480AF0EE680A052178
:100D50007844FFF749FF9FED2ACBB0EE40AAF0EEB2
:100D600060AA9CB353EC1C2B51EC190BEFF70EFC53
:100D700041EC1C0B53EC1A2B51EC190BEFF706FC52
:100D80009FED210B41EC190B53EC102B51EC1B0B7D
:100D9000EFF7FCFB53EC192BEFF7F2FB53EC182B9E
:100DA000EFF7F4FB53EC1B2BEFF7EAFB53EC1C2B98
:100DB000EFF7E6FB9DED0A1B53EC112BEFF7E3FB7E
:100DC000BDEC0A8B05B041EC100B30BDFFE753ECD6
:100DD0001A2B51EC180BEFF7D9FB53EC1C2BEFF748
:100DE0002EFB53EC192BEFF7D1FB9DED0A1B53ECB7
:100DF000112BEFF724FBE3E7C46A000000000000BA
:100E0000495555555555C5BF000000000000E03F4D
:100E100010B553EC102B51EC100BEFF710FB41EC1D
:100E2000100B10BD10B553EC112B51EC100BEFF75C
:100E300006FB41EC100B10BD9FED050B10B553ECFC
:100E4000102B51EC100BEFF713FC41EC100B10BD05
:100E500000000000000000009FED050B10B553ECF2
:100E6000102B51EC100BEFF791FB41EC100B10BD68
:100E7000000000000000001030EE000A704730EE65
:100E8000200A7047DFED020A80EEA00A70470000DA
:100E9000000000009FED020A20EE000A70470000EB
:100EA000000000102DE9F0014FF07F42B2EB410F3E
:100EB0009FBF4FF0FF310160BDE8F00170474FF078
:100EC000004242EA0123C1F3C752783A551112F0A9
:100ED0001F0C434CCCF120067C44C1F3C752A2F155
:100EE00078024FEA621204EB820254F8254008BFF0
:100EF000D2E9015612D0556804FA0CF425FA06F727
:100F00003C43976805FA0CF527FA06F8D26807FA09
:100F10000CFCF24045EA08054CEA0206A4FB034C2F
:100F2000A5FB0352A6FB03631D449D4234BF01266B
:100F300000261319334416B1934202D903E09342B9
:100F400001D2012200E00022624402F1200C92064C
:100F5000DC0C42EA443200EE102A5B03DFED210A8A
:100F6000F8EEC01A00EE103A4FEA9C1C11F0004F48
:100F7000B8EE400AC0F800C020EE201A00EE105A69
:100F8000DFED190AB8EE400A20EE200A71EE810A60
:100F900070EE800A10EE902A02F500626FF30B02E9
:100FA00000EE902A70EEE11A31EEC11ADFED101A50
:100FB00030EE411A9FED0D0A20EE800A01EE210A63
:100FC0009FED0C1A00EE810A04BFBDE8F0017047E6
:100FD000CCF180510160BDE8F001B1EE400A7047EC
:100FE0001C690000000000360000802C22AAFD29A8
:100FF000DB0FC92F0000C92F02E008C8121F08C16B
:10100000002AFAD170477047002001E001C1121F89
:10101000002AFBD1704700000149086070470000BA
:10102000740400202DE9FF5F82B00021DDE9043067
:10103000020DDDF840B0034318D044F61050A2F280
:10104000FF3242431514119801281FD0A5EB0B0065
:10105000401C5FEA000A4FF000064E4FDFF838915F
:10106000B046504615D5CAF1000413E0119801248A
:101070004AA3012801D16FEA0B010298119AC0E935
:101080000031C0E9024206B0BDE8F09FCBF100009C
:10109000DFE704460021404A491842EB0450CDE9FD
:1010A000001012E0E00707D032463B464046494672
:1010B000EFF76CFA8046894632463B4610461946A1
:1010C000EFF764FA06460F466410002CEAD1DDE91A
:1010D0000401DDE90023BAF1000F06DAEFF756FA52
:1010E00042464B46EFF752FA05E0EFF7C1FA4246A7
:1010F0004B46EFF7BDFA04460E460022284BEFF7A9
:1011000063FB03D84FF0FF30014607E00022254B78
:1011100020463146EFF793F9EFF765FC102409E01C
:10112000002C0ADB0A220023EFF720F9039B303260
:101130001A55641E50EA0102F2D1641C039AC4F1EC
:1011400011031444119A012A03D0012208430DD13E
:101150000AE0084304D000204FF0110B119072E711
:10116000A3EB0B056D1E0DE05B4504DD4FF00002A7
:1011700005F1010504E003DA4FF00002A5F10105D5
:10118000002AECD002981199C0E90231C0E900456B
:1011900079E70000000014400000F03F300000003C
:1011A0000000F0430000E03F2DE9FF4F95B09B4663
:1011B0008946064600250FE2252877D100242746D8
:1011C000F84A0121059400E0044316F8013F203B52
:1011D00001FA03F01042F7D130782A2811D06FF0CD
:1011E0002F033078A0F13002092A16D8059A44F06E
:1011F000020402EB820203EB42021044761C0590CB
:10120000EFE759F8042B0592002A03DA504244F420
:101210000054059044F00204761C30782E2816D134
:1012200016F8010F44F004042A280DD06FF02F02A5
:101230003078A0F13003092B09D807EB870302EBC4
:101240004303C718761CF3E759F8047B761C307803
:101250006C280FD006DC4C2817D068280DD06A28DF
:1012600014D104E0742810D07A280FD10DE044F492
:1012700000140AE044F4801401E044F4401472784D
:10128000824202D104F58014761C761C30786628E0
:101290000BD013DC582877D009DC002875D04528FE
:1012A000F6D04628F4D047281AD19DE118E06328EB
:1012B00035D0642879D0652812D195E1702873D093
:1012C00008DC6728F1D069286FD06E280DD06F2810
:1012D00006D1B5E073282CD0752875D0782874D045
:1012E0005A46179990476D1C75E1C4F302500228C5
:1012F00009D003280DD0D9F8001004280DD00D60B6
:1013000009F1040967E1D9F80010EA17C1E90052B0
:10131000F6E7D9F800100D80F2E70D70F0E719F844
:10132000041B8DF8001000208DF80100EA46012012
:1013300003E059F804AB4FF0FF3061074FF00001B4
:1013400002D40DE008F101018846B9420FDA804568
:10135000F8DB1AF808100029F4D108E008F10101BF
:1013600088468142FADB1AF808100029F6D1059860
:101370005B46A0EB080721463846179A00F094FA1E
:10138000284400EB080507E04DE029E10DE01AF8DC
:10139000010B5A4617999047B8F10108F7D25B46FE
:1013A00021463846179A13E142E00A220092C4F31C
:1013B00002524FF0000A022A08D059F804CB032A3F
:1013C0004FEAEC710AD00DE029E02AE009F10701AB
:1013D00021F00702F2E802C1914609E00FFA8CFC05
:1013E0004FEAEC71042A03D14FFA8CFC4FEAEC71FE
:1013F000002907DA0A460021DCF1000C61EB02014A
:101400002D2202E0220504D52B228DF80420012292
:1014100003E0E20701D02022F7E7904659E00A21D5
:1014200002E010220DE010214FF0000A00910BE0C5
:1014300010224FF0000A44F004040827009203E051
:1014400008224FF0000A0092C4F30252022A05D08B
:1014500059F804CB0021032A08D009E009F107015B
:1014600021F00702F2E802C1914605E01FFA8CFC68
:10147000042A01D10CF0FF0C4FF00008220728D5F8
:10148000702806D0009B83F0100353EA0A0305D0AE
:101490000EE040228DF80420012208E05CEA0102FF
:1014A00006D030228DF804208DF8050002229046E7
:1014B000009B83F0080353EA0A030AD15CEA0102A5
:1014C00001D1620705D530228DF804204FF00108C4
:1014D0007F1E582804D034A003900EA802900DE07F
:1014E00036A0F9E753466046009AEEF73FFF844680
:1014F0000398825C0298401E029002705CEA010030
:10150000F0D1029806A9081A00F1200A600702D556
:1015100024F4803400E00127574502DDA7EB0A00E0
:1015200000E0002000EB0A01009005984144401AB9
:101530000590E00306D45B462146179A059800F013
:10154000B3F90544002706E001A85A46C05D179983
:1015500090476D1C7F1C4745F6DBE0030CD55B46CE
:101560002146179A059800F09FF9054404E03020C1
:101570005A46179990476D1C0099481E0090002903
:10158000F5DC08E0029802995A460078491C02915D
:10159000179990476D1CBAF10001AAF1010AF1DC1C
:1015A00065E1000009280100303132333435363727
:1015B000383961626364656600000000303132339F
:1015C000343536373839414243444546000000003F
:1015D00000F058F90544761C307800287FF4ECAD13
:1015E00019B02846BDE8F08F620700D4062709F13C
:1015F000070222F0070CFCE80223E14603F0004852
:101600005FEA080C02D00FF2702C0DE05FEA045C78
:1016100002D50FF2682C07E05FEAC47C02D00FF21B
:10162000602C01E0AFF2700C4FF0FF3823F0004364
:10163000CDF850C065280CD006DC452809D04628D6
:101640001DD047283DD13DE0662818D067287ED1BF
:1016500038E00021112F01DB112000E0781CCDE9DA
:10166000000106A90EA8FFF7DDFCDDE90F010E9AC7
:1016700003910021009207F1010A04914DE04FF01F
:1016800000400097CDE9011006A90EA8FFF7CAFC9B
:10169000DDE90F0203920E9B11990022DDF80CA0E8
:1016A0000093049211B9791C00EB010AB7EB0A0010
:1016B00004D4C0F1FF3007F1010A0490AAEB07003F
:1016C000019044E0012F00DA01270021112F01DDF4
:1016D000112000E03846CDE9000106A90EA8FFF769
:1016E000A1FCDDE90F010E9A039100210491009203
:1016F000BA4621070CD40399514500DA8A46BAF15B
:10170000010F05DD009AAAF10101515C302908D0D2
:10171000B84202DA10F1040F06DA0121CDE9011016
:1017200015E0AAF10101E9E7002805DC049901446C
:101730000491AAEB000102E0411C514500DD8A46FC
:101740000499401A401C01904FF00040029020077D
:1017500004D40198504501DBCDF8048000208DF8B9
:101760004F0002980DF14F07B0F1004F25D02B200C
:101770000E9002984FF0020800280CDA40420290C6
:101780002D200E9007E00A210298EFF751F8303132
:10179000029007F8011DB8F10001A8F10108F2DC80
:1017A00002980028EFD1791E0E980870307800F06A
:1017B000200040F0450007F8020D12A8C01B00F100
:1017C00007081498007800B1012000EB0A01019885
:1017D00001EBE07105984144401A401E0590E0037A
:1017E00006D45B462146179A059800F05DF805443B
:1017F0001498007818B15A46179990476D1CE00369
:1018000024D55B462146179A059800F04DF805440B
:101810001CE00498002807DBDDE90301884203DDB2
:101820000098405C179901E0179930205A4690477C
:10183000049805F10105401C04900198401E019098
:1018400004D12E205A46179990476D1CBAF1000119
:10185000AAF1010ADDDC05E017F8010B5A461799D9
:1018600090476D1CB8F10001A8F10108F4DC5B465B
:101870002146179A0598ABE62D0000002B000000CA
:10188000200000002DE9F041044600251E461746C1
:10189000880404D405E039462020B0476D1C641E3E
:1018A000F9D52846BDE8F0812DE9F0410446002530
:1018B0001E469046C80301D5302700E02027880443
:1018C00004D505E041463846B0476D1C641EF9D585
:1018D0002846BDE8F0810A68531C0B601070704701
:1018E00010B50446200E14490870C4F30740097867
:1018F00010FB01F011490880C4F307200E49097854
:1019000010FB01F00E490880E0B20B49097810FB8A
:1019100001F00C490880094801880B48F0F710F8DD
:10192000074801880948F0F70BF80648018808487D
:10193000F0F706F810BD0000AC010020AE01002059
:10194000B0010020B2010020F47E0020047F0020BE
:10195000147F0020D0ED000AF4EEC00AF1EE10FA78
:1019600002DD80ED000A0CE0D0ED000AB1EE401A75
:10197000F4EEC10AF1EE10FA03D2F1EE400AC0ED26
:10198000000A704770B52DED028B8AB005460C46F3
:1019900016460DB104B11EB90AB0BDEC028B70BD84
:1019A00094ED000AB5EEC00AF1EE10FA0DD194EDF7
:1019B000010AB5EEC00AF1EE10FA06D194ED020A62
:1019C000B5EEC00AF1EE10FA7DD09FED600AB0EEE0
:1019D000408A002007900890099004900590069096
:1019E0005B4A07CA01AB07C395ED010AD5ED030AAF
:1019F00020EE200AD5ED000A95ED021A00EEC10A8C
:101A0000F0EE000A20EE200A8DED070A95ED000A9F
:101A1000D5ED010A20EE200AD5ED020A95ED031A54
:101A200000EE810AF0EE000A20EE200A8DED080A91
:101A300095ED000A20EE000AD5ED030A95ED031A94
:101A400000EE810AF7EE000AB0EE001A51EE000A2D
:101A5000CDED090A01AB22463146284600F07AF85E
:101A6000D4ED000A60EEA00A94ED011AD4ED011A3B
:101A700041EE210A94ED021AD4ED021A41EE210A38
:101A8000B0EE600AEFF7C4F9B0EE408A94ED000AB8
:101A900020EE080A84ED000A94ED010A20EE080AFF
:101AA00084ED010A94ED020A20EE080A84ED020A90
:101AB00094ED010ADDED090A20EE200AD4ED020AB8
:101AC0009DED081A00E03EE000EEC10A8DED040A2B
:101AD00094ED020ADDED070A20EE200AD4ED000A9B
:101AE0009DED091A00EEC10A8DED050A94ED000A7C
:101AF000DDED080A20EE200AD4ED010A9DED071A5B
:101B000000EEC10A8DED060A96ED000ADDED010A30
:101B10009DED041A00EE810A86ED000A96ED010A99
:101B2000DDED020A9DED051A00EE810A86ED010A3F
:101B300096ED020ADDED030A9DED061A00EE810A1C
:101B400086ED020A00BF00BF26E70000000000008B
:101B50004C6E01082DE9F0412DED048B07460D4632
:101B600014461E469FED580AB0EE409A9FED560A65
:101B7000B0EE408A9FED540AF0EE408AD4ED000AA0
:101B800060EEA00A94ED011AD4ED011A41EE210A8B
:101B900094ED021AD4ED021A41EE210AB0EE600A69
:101BA000EFF736F9F7EE000A80EE801AB0EE419AB0
:101BB000D5ED000AB0EE600AEEF7BFFFF0EE409AF6
:101BC000D5ED010AB0EE600AEEF7B7FF79EE809A24
:101BD000D5ED020AB0EE600AEEF7AFFF39EE800AEB
:101BE000F0EE408A3948D0ED000A79EE600AB0EE96
:101BF000600AEEF7A2FFB0EE408A9FED350AB4EE20
:101C0000C08AF1EE10FA06DC9FED320AF4EEC08ACB
:101C1000F1EE10FA53DD9FED2C2AB0EE420A9FED53
:101C20002A2AF0EE421AB7EE002AF0EE420A9FEDA1
:101C3000262AB0EE421AB5EEC08AF1EE10FA05DDA2
:101C40009FED232AC2EE082AB0EE620A9FED222AF7
:101C5000B4EEC20AF1EE10FA03D29FED1B2AB0EEE9
:101C6000420AF5EEC08AF1EE10FA05DD9FED192A61
:101C7000C2EE282AF0EE621AB7EE002AB4EEC20ACB
:101C8000F1EE10FA03D220EE802AF0EE420AB7EE0F
:101C9000002AF4EEC21AF1EE10FA03D220EEA12AC5
:101CA000F0EE420A9FED0D2A20EE822AB0EE421A93
:101CB00086ED001A86ED011A86ED021A00BFBDEC12
:101CC000048BBDE8F08100000000000070040020DB
:101CD000CDCCCC3D8FC2F53D9A99993ECDCC4C3EB2
:101CE00010B52DED048B86B00446B0EE408AF0EEC0
:101CF000608AB0EE419A0020039004900590009015
:101D000001900290B0EE000AC8EE000AF0EE609A70
:101D1000B0EE690AEEF705FF8DED030AB0EE000A9A
:101D2000C8EE800AF0EE609AB0EE690AEEF7F9FEAE
:101D30008DED040AB0EE000AC9EE000AF0EE609ADA
:101D4000B0EE690AEEF7EDFE8DED050AB0EE000A81
:101D5000C8EE000AF0EE609AB0EE690AEFF76AF892
:101D60008DED000AB0EE000AC8EE800AF0EE609A2F
:101D7000B0EE690AEFF75EF88DED010AB0EE000AE9
:101D8000C9EE000AF0EE609AB0EE690AEFF752F879
:101D90008DED020A9DED050ADDED040A20EE200A14
:101DA000DDED030A20EE200ADDED020A9DED011AA9
:101DB00060EE810A9DED001A00EE810A84ED000AB2
:101DC0009DED020ADDED040A20EE200ADDED030A96
:101DD00020EE200ADDED050A9DED011A60EE810A74
:101DE0009DED001A00EEC10A84ED010A9DED050A81
:101DF000DDED010A20EE200ADDED030A20EE200AC7
:101E0000DDED020A9DED041A60EE810A9DED001AD7
:101E100000EE810A84ED020A9DED050ADDED040A5B
:101E200020EE200ADDED000A20EE200ADDED020A98
:101E30009DED011A60EE810A9DED031A00EEC10AC4
:101E400084ED030A06B0BDEC048B10BD70B50546E9
:101E50000C4600260DB1022C00D870BDA11E4FF615
:101E6000FF72284601F00EF80646A01E2E54310AD5
:101E7000601E295400BFF0E770B505460C460026E9
:101E80000DB1022C00DC70BD601E81B2FF2228461D
:101E900001F012F80646601E2E5400BFF3E710B59D
:101EA00041EC100BFDF7DCFD51EC100B10BD0000F8
:101EB00038B5002000900024EFF78CFA8020EFF76F
:101EC000AFFB5520EFF7ACFB5520EFF7A9FB0090D7
:101ED000EFF776FA9620EFF7A4FAEFF77BFA802077
:101EE000EFF79EFB5520EFF79BFB5520EFF798FB94
:101EF0000090EFF765FA9620EFF793FAEFF76AFA9A
:101F0000B6217E20EFF79CFBEFF75AFA5020EFF74F
:101F100082FAEFF75FFA8020EFF782FB5520EFF7A8
:101F20007FFB5520EFF77CFB0090EFF749FA9620F6
:101F3000EFF777FAEFF74EFA8020EFF771FB5520B5
:101F4000EFF76EFB5520EFF76BFB0090EFF738FAD9
:101F50009620EFF766FA9DF800001E2801D0FF20BA
:101F600038BD002437E0EFF735FA04EB44021C4B90
:101F70001A44517804EB4402985CEFF761FBEFF7E9
:101F80001FFA9620EFF74DFAEFF724FA04EB44011D
:101F9000134A515C41F08000EFF742FB5520EFF708
:101FA0003FFB5520EFF73CFB0090EFF709FA962036
:101FB000EFF737FA04EB44000949084440789DF8EC
:101FC0000010884205D004EB44000549084480789D
:101FD000C6E7601CC4B2062CC5DB0020C0E70000C9
:101FE0000801002010B586B00020019002900090FA
:101FF0000024EFF7EFF98020EFF712FB5520EFF701
:102000000FFB5520EFF70CFB0090EFF7D9F9962066
:10201000EFF707FAEFF7DEF98020EFF701FB552025
:10202000EFF7FEFA5520EFF7FBFA0090EFF7C8F94B
:102030009620EFF7F6F9EFF7CDF9B6217E20EFF70E
:10204000FFFAEFF7BDF95020EFF7E5F9EFF7C2F926
:102050008020EFF7E5FA5520EFF7E2FA5520EFF789
:10206000DFFA0090EFF7ACF99620EFF7DAF9EFF727
:10207000B1F98020EFF7D4FA5520EFF7D1FA5520C7
:10208000EFF7CEFA0090EFF79BF99620EFF7C9F93A
:102090009DF800001E2802D0FF2006B010BD0024CD
:1020A0003AE0EFF797F904EB44028C4B1A4451786D
:1020B00004EB4402985CEFF7C3FAEFF781F996203E
:1020C000EFF7AFF9EFF786F904EB4401834A515C6F
:1020D00041F08000EFF7A4FA5520EFF7A1FA552060
:1020E000EFF79EFA0090EFF76BF99620EFF799F96A
:1020F00004EB44007949084440789DF80010884278
:1021000005D004EB4400754908448078C5E75020A9
:10211000EFF781F9601CC4B2042CC2DB00246FE02D
:10212000EFF758F9221D02EB42026C4B1A4451782A
:10213000221D02EB4202985CEFF782FAEFF740F9BA
:102140009620EFF76EF9EFF745F9211D01EB4101FC
:10215000624A515C41F08000EFF762FA5520EFF7D8
:102160005FFA5520EFF75CFA0090EFF729F9962017
:10217000EFF757F9201D00EB40005849084440781C
:102180009DF80010884206D0201D00EB4000534906
:102190000844807881E75020EFF73DF9EFF71AF90E
:1021A0009220EFF73DFA062201A91220EFF718FA64
:1021B000EFF706F99DF80500000200B29DF8041043
:1021C000084304EB440103AA22F811009DF807001C
:1021D000000200B29DF80610084304EB440102EB34
:1021E000410148809DF80900000200B29DF80810E6
:1021F000084304EB440102EB41018880601CC4B237
:10220000022C8DDBEFF7E6F800216D20EFF718FACE
:10221000EFF7D6F89620EFF704F9EFF7DBF8ED20AB
:10222000EFF7FEF95520EFF7FBF95520EFF7F8F936
:102230000090EFF7C5F89620EFF7F3F89DF800004F
:1022400008B1042029E7EFF7C5F8B6217E20EFF7A3
:10225000F7F9EFF7B5F85020EFF7DDF8BDF90C000E
:10226000BDF91210401A40F25551884210DBBDF9F9
:102270000E10BDF91400081A40F25551884207DBD0
:10228000BDF91010BDF91600081AB0F52A7F01DA61
:10229000802002E7EFF79EF88020EFF7C1F9552084
:1022A000EFF7BEF95520EFF7BBF90090EFF788F88C
:1022B0009620EFF7B6F8EFF78DF88020EFF7B0F93A
:1022C0005520EFF7ADF95520EFF7AAF90090EFF799
:1022D00077F89620EFF7A5F80020DEE6F86C010805
:1022E00038B5002400200090EFF78AF869460020F6
:1022F000EFF789F9EFF77AF89620EFF792F8EFF712
:102300007FF869460020EFF77EF9EFF76FF8962027
:10231000EFF787F8EFF774F8B6211420EFF790F98C
:10232000EFF764F85020EFF776F8EFF769F86946B1
:102330000020EFF768F9EFF759F89620EFF771F8FA
:10234000EFF75EF869460020EFF75DF9EFF74EF81A
:102350009620EFF766F89DF800000F2801D0FF20C7
:1023600038BD00242FE0EFF74BF804EB4402184B84
:102370001A44517804EB4402985CEFF761F9EFF7E7
:1023800035F89620EFF74DF8EFF73AF804EB4401F3
:102390000F4A505C6946EFF736F9EFF727F89620B9
:1023A000EFF73FF804EB44000949084440789DF8F2
:1023B0000010884205D004EB4400054908448078A9
:1023C000CEE7601CC4B2062CCDDB0020C8E70000BD
:1023D0001A01002038B5002000900024EFF710F813
:1023E00069460020EFF70FF9EFF700F89620EFF7B6
:1023F00018F8EFF705F869460020EFF704F9EEF753
:10240000F5FF9620EFF70DF8EEF7FAFFB62114204E
:10241000EFF716F9EEF7EAFF5020EEF7FCFFEEF7C4
:10242000EFFF69460020EFF7EEF8EEF7DFFF9620AA
:10243000EEF7F7FFEEF7E4FF69460020EFF7E3F869
:10244000EEF7D4FF9620EEF7ECFFEEF7D9FF01216F
:102450003C20EFF7F5F8EEF7C9FF5020EEF7DBFF71
:1024600000BFEEF7CDFF69463C20EFF7CCF8EEF762
:10247000BDFF9620EEF7D5FF601CC4B29DF80000AA
:1024800000F0020008B90A2CEBDB0A2C01D1402035
:1024900038BD9DF8000000F0040008B14020F7E7C7
:1024A0000020F5E72DED068B82B000BFF8F7B8FEEF
:1024B0000446F1F793FB0546F3F740FB00EE100AE4
:1024C000B8EE400A884880ED000A20783C2806DDF6
:1024D0006088864908800120854908700CE02078D2
:1024E000012806DD60888149088000208049087045
:1024F00002E000207E4908707E48007802287DD1E5
:102500007D4890ED0D0AB5EEC00AF1EE10FA1FD22B
:1025100090ED0D0ADFED790A30EE200A784880ED63
:10252000000A754890ED0D0A10EE101A0846EEF7F5
:102530001FF941EC1A0B9FED730B53EC102BEEF7C8
:1025400097F841EC190BEEF757F96D49086015E063
:10255000694890ED0D0A10EE101A0846EEF708F9DA
:1025600041EC1A0B9FED670B53EC102BEEF780F844
:1025700041EC190BEEF740F9614908606348D0F867
:102580000500634908606148D0F8010061490860AE
:10259000554890ED000A6048D0ED000A30EE600A20
:1025A000DFED5E0A80EE201A5D4880ED001A544887
:1025B00090ED000AFDF75CFF5548D0ED000A20EED3
:1025C000209A4F4890ED000AFDF73AFE5148D0EDB1
:1025D000000A00EE209A5248D0ED000A514890EDD2
:1025E000000A09EE200A80ED000A454890ED000A35
:1025F000FDF73EFFB1EE400A464800E063E0D0ED53
:10260000000A20EE209A3E4890ED000AFDF718FEE1
:102610003F48D0ED000A00EE209A414890ED000AB4
:1026200029EE400A4048D0ED000A30EE200A80ED45
:10263000000A3E4890ED098A2F48D0F8E801B0F929
:10264000040000EE100AB8EEC00ADFED390A60EEB1
:10265000208A2748017828780009CDE9000126481A
:1026600090ED0D3AF0EE432A90ED823AB0EE432A17
:10267000406890ED0E3AF0EE431A1F48406890ED26
:102680000D3AB0EE431A1C48406890ED0C3AF0EE5B
:10269000430A1948406890ED0B3AB0EE430A1348DC
:1026A00003881B48D0ED004A1A4890ED004A1E48A6
:1026B000D0ED003A1B4890ED003AC422AF211D48EE
:1026C00002F00AFB00BF3C211A48EFF7A1FD02F01F
:1026D00075F9012000F086FF034890ED000A0E48CE
:1026E00080ED000AE2E60000400300202C030020F9
:1026F0002E030020300200201C9500200000B4436F
:102700004C03002024AC9522DCA54C40C280002064
:1027100034030020300300204403002000007A44EA
:1027200048030020380300203C030020848500205B
:10273000715BD63DA0BF002000B587B01C220649C2
:102740006846EDF748FE0021684600F074FF034933
:10275000086007B000BD00000C6E010818030020DF
:102760002DE9FC4106460C461546601987B2FF204C
:102770008DF800008DF801008DF802008DF803003F
:102780008DF804008DF805008DF80600FD208DF809
:10279000070008236A4639463046EEF7D7FFBDE802
:1027A000FC8100009FED0C0A80ED150A9FED0A0ADE
:1027B00080ED140A9FED080A80ED100A9FED060ACD
:1027C00080ED110A9FED040A80ED120A9FED020AC6
:1027D00080ED130A704700000000000070B5054648
:1027E0000C4694F83C00012806D002281ED003288D
:1027F00029D0042841D12FE0D4ED122AB0EE622A6C
:10280000D4ED152AF0EE621AD4ED142AB0EE621A55
:10281000D4ED112AF0EE620AD4ED102AB0EE620A6D
:1028200022882146284600F035FE26E094ED111A54
:10283000F0EE410A94ED101AB0EE410A21882846C4
:1028400001F0DCF919E0D4ED110AB0EE600A21883C
:10285000284602F079F910E0D4ED131AB0EE611AAF
:10286000D4ED111AF0EE610AD4ED101AB0EE610A3F
:102870002188284601F030FF00BF00BF70BD70B551
:1028800005460C4694F83C00012806D002280AD0E0
:1028900003280FD004281BD113E0218800222846EA
:1028A000FFF75EFF14E021884FF480722846FFF79F
:1028B00057FF0DE021884FF400722846FFF750FFC4
:1028C00006E021884FF440722846FFF749FF00BF19
:1028D00000BF2046FFF766FF70BD70B505460C4689
:1028E00094F83C00012806D002280AD003280FD013
:1028F00004281BD113E021880022284600F0D4F8D8
:1029000014E021884FF48072284600F0CDF80DE0E5
:1029100021884FF40072284600F0C6F806E02188AE
:102920004FF44072284600F0BFF800BF00BF70BDF2
:1029300010B503460C46207800F00F005860207850
:1029400001119960A078617840EA0121D960E078AE
:102950000001217940EA211119616079217901F0A2
:102960000F0140EA0121596193ED2C1AF0EE410A62
:1029700093ED2C1AB1EE411AB0EE410A1021D8683D
:1029800002F00CFC83ED080A93ED2D1AF0EE410ADB
:1029900093ED2D1AB1EE411AB0EE410A0C211869DF
:1029A00002F0FCFB83ED090A93ED2E1AF0EE410ACA
:1029B00093ED2E1AB1EE411AB0EE410A0C2158697E
:1029C00002F0ECFB83ED0A0AA07900EE100AB8EEE3
:1029D000400A83ED0D0AE07900EE100AB8EE400AD5
:1029E00083ED0E0A10BD000010B54FF48871244825
:1029F000EDF70AFD4FF488712248EDF705FD4FF41D
:102A000088712148EDF700FD4FF488711F48EDF7FC
:102A1000FBFC4FF488711E48EDF7F6FC4FF488710B
:102A20001C48EDF7F1FC0120154908801120488071
:102A3000012081F8580081F83C009FED170A0846F4
:102A400080ED110A9FED140A80ED100A9FED130A24
:102A500080ED130AB0EE000A80ED150A9FED100A12
:102A600080ED140A9FED0F0A80ED2C0AB3EE0E0ADA
:102A700080ED2D0AB2EE040A80ED2E0A10BD000092
:102A80008485002094860020A4870020B48800203C
:102A9000C4890020D48A0020000000008FC2F53CC9
:102AA00000003443D00F49402DE9FC4106460C4656
:102AB0001546601987B2FF208DF800008DF80100DF
:102AC0008DF802008DF803008DF804008DF80500E4
:102AD0008DF80600FC208DF8070008236A46394669
:102AE0003046EEF733FEBDE8FC8182B0CDE900014F
:102AF00021F0004001909DED000B02B051EC100B55
:102B0000704770B504460D46E06810B94FF0FF30CD
:102B100070BD61686069884201D92068606128469B
:102B2000D4E90421EDF757FCD4E9041008446061AE
:102B3000A068401CA060E068401EE0600020E7E75D
:102B400010B50446216002FB0310401E6060A360C4
:102B50000020E06022616161A16110BD0146C8688A
:102B600008B9012070470020FCE70146886808B9D1
:102B7000012070470020FCE770B504460D46A068B0
:102B800010B94FF0FF3070BD6168A069884201D96B
:102B90002068A06129462269A069EDF71CFC216923
:102BA000A0690844A061A068401EA060E068401CC5
:102BB000E0600020E7E70146886870470146002290
:102BC000C86808B90020704700BF72B600BFC86867
:102BD00020B900BF62B600BF0020F4E74B68086967
:102BE000984201D908680861086902780869401CA0
:102BF00008618868401C8860C868401EC86000BFC3
:102C000062B600BF1046DEE72DE9F04704460F46E6
:102C100015461FB94FF0FF30BDE8F087E06808B9EE
:102C20000020F9E700BF72B600BFE06820B900BF1E
:102C300062B600BF0020EFE761682069884201D9D1
:102C400020682061E068A84201DD284600E0E068D5
:102C5000054621696068401A461CAE4209DB2E46D3
:102C6000324638462169EDF7B6FB206930442061D1
:102C70000EE0A5EB0609324638462169EDF7ABFBBD
:102C8000B8194A462168EDF7A6FB20684844206140
:102C9000A0682844A060E068401BE060A84600BF30
:102CA00062B600BF4046B7E7034619608818401E69
:102CB00058609A600020D8601961596170472DE909
:102CC000F047044688461546B8F1000F03D14FF08F
:102CD000FF30BDE8F087A06808B90020F9E700BF21
:102CE00072B600BFA06820B900BF62B600BF002066
:102CF000EFE761686069884201D920686061A06877
:102D0000A84201DD284600E0A068054661696068C8
:102D1000401A461CAE4209DB2E46324641466069E7
:102D2000EDF759FB6069304460610FE0A5EB0609DF
:102D3000324641466069EDF74EFB08EB06014A4614
:102D40002068EDF748FB206848446061A068401B9C
:102D5000A060E0682844E0602F4600BF62B600BF74
:102D60003846B6E70146C8687047014671EE602AEA
:102D7000F0EE621AB0EE602A30EE423A012088404E
:102D8000401E02EE900AF8EEE22A63EE222A82EE5C
:102D9000A13AFDEEC32A12EE900A70472DE9F041E8
:102DA00004460D4616461F4614B10DB106B10FB9C3
:102DB000BDE8F081D4ED010A94ED031A60EE810ABA
:102DC00094ED001AD4ED021A41EE610AB8EE001A31
:102DD00060EE810AB0EE600AEDF787FE86ED000A2C
:102DE00094ED001A21EE011AD4ED011A94ED012A96
:102DF00001EE821AF7EE001AB0EE002A52EE011A26
:102E0000F0EE610A94ED001AD4ED031A21EE211AB6
:102E1000D4ED011A94ED022A01EE821AF0EE001AA6
:102E200021EE211AB0EE410AEDF76BFE85ED000AA6
:102E300094ED001A21EE011AD4ED031A94ED032A41
:102E400001EE821AF7EE001AB0EE002A52EE011AD5
:102E5000F0EE610A94ED001AD4ED011A21EE211A68
:102E6000D4ED021A94ED032A01EE821AF0EE001A54
:102E700021EE211AB0EE410AEDF743FE87ED000A7C
:102E800000BF95E730B5034613B94FF6FF7030BD6C
:102E900009E013F8014B82EA0400C0B2054D35F891
:102EA000100080EA2222081EA1F10101F1D1104692
:102EB000EDE70000F86A010830B5034605E013F8B5
:102EC000010B80EA02040448025D081EA1F101051D
:102ED000A9B2F4D1104630BDF569010800BFEFF387
:102EE000058008B1012070470020FCE77047000012
:102EF000FEB504460D4616460A20012322461C2133
:102F0000CDE9005602900248F2F706FFFEBD000030
:102F1000700B00201FB504460A20012103AA0B46AE
:102F2000CDE90021029022461C210348F2F7F4FE6D
:102F30009DF80C0004B010BD700B002013B584B0D8
:102F400004460A20012105AA0B46CDE90021029082
:102F500022461C210248F3F763F806B010BD0000BA
:102F6000700B002010B5012240210248F2F7E0FD6D
:102F700010BD00000018024010B500224021024898
:102F8000F2F7D6FD10BD000000180240704710B5E2
:102F900004462046EEF746FC10BD000070B5002543
:102FA0000024FFF7A3FFFFF7F1FFFFF7E5FF322053
:102FB000FFF7EDFFFFF7D6FF3220FFF7E8FF002015
:102FC000FFF7A8FF0546102D06D0B7EE000A1E48F1
:102FD00080ED000A402070BD0120FFF7D8FF0024DB
:102FE0002EE004EB4402194B1A44517804EB4402DE
:102FF000985CFFF7A3FF0120FFF7C9FFB0EE000ABE
:10300000114880ED000A04EB4401104A505CFFF7C0
:1030100081FF0546B0EE080A0B4880ED000A01204A
:10302000FFF7B5FF04EB4400084908444078A84284
:1030300004D004EB440008448078CCE7601CC4B2A0
:10304000042CCEDB0020C6E7A8010020186D010883
:1030500010B52DED028B82B00446002008EE100A58
:10306000062269460320FFF743FF9DF800009DF804
:10307000011040EA012000B208EE100AB8EEC80ABA
:10308000DFED150A20EE200A84ED000A9DF802000B
:103090009DF8031040EA012000B208EE100AB8EED5
:1030A000C80ADFED0D0A20EE200A84ED010A9DF822
:1030B00004009DF8051040EA012000B208EE100A55
:1030C000B8EEC80ADFED040A20EE200A84ED020AF9
:1030D00002B0BDEC028B10BD9A99993E70B52DEDF2
:1030E0000A8B0446B0EE408AF0EE608A84ED068AD0
:1030F000C4ED048A38EEC80A84ED090A94ED090A81
:10310000DFEDB10AB4EEE00AF1EE10FA08DD94ED5D
:10311000090ADFEDAE0A30EE600A84ED090A10E01C
:1031200094ED090ADFEDAA0AB4EEE00AF1EE10FA16
:1031300007D294ED090ADFEDA50A30EE200A84EDEE
:10314000090A94ED040AD4ED050A30EE609A94ED74
:10315000030A60EE099AB5EEC09AF1EE10FA1DD19D
:103160009C480068EDF704FB41EC1B0BB0EE4B0AEA
:10317000F0EE6B0AEDF72BF90546EDF7E8FA41ECB6
:103180001A0B9FED950B53EC102BEDF705FB05D2B9
:10319000B7EE000A924880ED000A04E09FED910A24
:1031A0008F4880ED000A8E4890ED000A20EE290A33
:1031B000D0ED000AB7EE001A71EE600A854890ED76
:1031C000001A00EE810A80ED000A94ED0F0AB5EEB8
:1031D000C00AF1EE10FA27D094ED0F0A10EE101A83
:1031E0000846EDF7C5FA41EC1A0B94ED090A10EE0A
:1031F000101A0846EDF7BCFA41EC1C0BB0EE4C0A75
:10320000F0EE6C0AFDF7C4F8B0EE40BAF0EE60BA2A
:1032100053EC1A2B51EC1B0BEDF7D6FA04D29FEDB1
:10322000720ABDEC0A8B70BD606C03284AD194ED24
:10323000000AD4ED090A20EE200A84ED0A0A94ED72
:103240000B0AD4ED010A94ED091A00EE810A84ED0F
:103250000B0A94ED090AD4ED080A30EE600AD4EDA9
:10326000020A20EE200A84ED0C0AD4ED130AB0EE17
:10327000600A04F12C00FEF76DFB94ED040AD4ED16
:10328000050A30EE600AD4ED030A20EE200A84ED30
:103290000D0A94ED0A0AD4ED0B0A30EE200AD4EDA3
:1032A0000C0A30EE200AD4ED0D0A30EE200A84ED2F
:1032B0000E0AD4ED120AB0EE600A04F13800FEF7EF
:1032C00049FB40E0606C04283DD194ED090AD4ED3F
:1032D000080A30EE600AD4ED000A20EE200A84EDE0
:1032E0000A0A94ED010AD4ED090A20EE200A84EDC1
:1032F0000B0A94ED090AD4ED080AB0EE001A01EEAB
:10330000600AD4ED070A30EE200AD4ED020A20EE5E
:10331000200A84ED0C0A94ED0A0AD4ED0B0A30EE73
:10332000200AD4ED0C0A30EE200AD4ED0E0A30EE5D
:10333000200A84ED0E0AD4ED120AB0EE600A04F100
:103340003800FEF707FB94ED080A84ED070A94EDB8
:10335000090A84ED080A94ED040A84ED050A94ED47
:10336000100AB5EEC00AF1EE10FA25D094ED100A5D
:1033700010EE101A0846EDF7FBF941EC1A0B94ED2C
:103380000E0A10EE101A0846EDF7F2F941EC1C0B8C
:10339000B0EE4C0AF0EE6C0AFCF7FAFFB0EE40BA61
:1033A000F0EE60BA53EC1A2B51EC1B0BEDF7F4F96D
:1033B00002D29FED0D0A34E794ED0E0A0548D0EDD8
:1033C000000A30EE200A2CE7000034430000B4432A
:1033D000000034C3A8000020000000000000E03F0F
:1033E000AC000020ACC527370000000010B50C4A27
:1033F00011880C4A9068002201F0FEFA96214FF4E1
:10340000C470EEF725FD6420F2F752FA0021084659
:10341000EEF71EFD4FF47A70F2F74AFA10BD000085
:10342000848500201C9500200A685060026041607D
:10343000086000BF7047F2F715FFF8F785FEF6F752
:1034400073FDF6F711FDF6F7C7FCF6F7E9FCF6F7A2
:1034500061FEF6F7D7FEF6F70DFFF6F75DFFF7F71B
:1034600017F8F7F733F8F6F7F7FFF6F771FEF6F708
:1034700093FEF6F78FFFF7F745F8F6F741FD00F0FA
:10348000CBF800BFFEE701460020842901D0CA1C0A
:10349000104470472DE9F04F2DED068B83B0834625
:1034A0000C461546B0EE40AAB0EE608AF0EE418AB6
:1034B000B0EE619AF0EE429AA8B2009094ED2C0A18
:1034C000B0EE401A94ED2C0AB1EE400AF0EE400A3C
:1034D0001020B0EE4A0AFFF748FC86B294ED2D0AA0
:1034E000B0EE401A94ED2D0AB1EE400AF0EE400A1B
:1034F0000C20B0EE480AFFF738FC87B294ED2E0A94
:10350000B0EE401A94ED2E0AB1EE400AF0EE400AF9
:103510000C20B0EE690AFFF728FC1FFA80FA0C2095
:103520009FED211ADFED210AB0EE680AFFF71DFCBE
:103530001FFA80F80C20B1EE041ADFED1C0AB0EE81
:10354000490AFFF712FC1FFA80F930128DF80400C7
:10355000F0B28DF80500C7F307108DF806003807A4
:10356000000E40EA28208DF8070008F0FF008DF8D3
:103570000800C9F307108DF809004FEA0970000E22
:1035800040EA2A208DF80A000AF0FF008DF80B00AF
:10359000082301AA58460099EEF7D8F803B0BDEC0D
:1035A000068BBDE8F08F00000000FA430000000029
:1035B0001CB50A4903C9CDE9000100220121684672
:1035C00000F068F8064908600846006820B101214B
:1035D0000348006800F084F81CBD0000CC6D0108B1
:1035E0004C02002070B5044625460DB1294600E086
:1035F0000121084601F0C6FF002070BD70B50546E8
:103600000C4626460EB1304600E001200146284611
:1036100001F0E6FF002070BD10B502F099F800201F
:1036200010BD10B5FFF75AFC10B102F013FF10BD2A
:1036300002F00AFFFBE77FB504460D46606998B1CA
:10364000A06988B1B4F90800FFF71DFF0646D4E968
:103650000510CDE9006102902B462269D4E90010E3
:1036600002F084FE039013E0B4F90800FFF70BFFAB
:10367000064603A8CDE90060238A9AB22B46D4E916
:10368000001002F041FE012802D0002004B070BDFD
:103690000398FBE77CB504460D461646606878B192
:1036A000D4E90001CDE90001012D01D1012000E0A4
:1036B000002002463346012108A003F0C6F87CBD75
:1036C00020680090012D01D1012000E00020024679
:1036D0003346012101A003F09DF8F0E7000000004F
:1036E0002DE9FC4106460C460027002001902546A6
:1036F00005B90125FFF7F2FBB0B1002001AB2A4666
:1037000009210090304603F015F9012801D0FF2768
:1037100015E0019898B14FF080500A490860BFF356
:103720004F8FBFF36F8F0AE0002003462A46042123
:103730000090304603F0FEF8012800D0FF273846FD
:10374000BDE8FC8104ED00E070B505460E4600249E
:103750002878DF2854D1002086F82900AC7821464B
:10376000284602F09FF8002849D0297831706978FE
:1037700071700324301D295D0170611C695C41700A
:10378000A11C695C8170E11C695CC170241D001D75
:10379000295D0170611C695C4170A11C695C8170CC
:1037A000E11C695CC170241D001D295D0170611C54
:1037B000695C4170A11C695C8170E11C695CC1702D
:1037C000241D2A5D611C695C42EA01213184A41C2C
:1037D0002A5D611C695C42EA01217184A41C2A5D96
:1037E000611C695C42EA0121B184A11CCCB22A5D52
:1037F000611C695C42EA0121F184A11CCCB277E032
:103800002878AF2874D1012086F82900AC782146A9
:10381000284602F047F800286AD029783170697884
:1038200071700324301D295D0170611C695C417059
:10383000A11C695C8170E11C695CC170241D001DC4
:10384000295D0170611C695C4170A11C695C81701B
:10385000E11C695CC170241D001D295D0170611CA3
:10386000695C4170A11C695C8170E11C695CC1707C
:10387000241D001D295D0170611C695C4170A11C43
:10388000695C8170E11C695CC170241D001D295DAB
:103890000170611C695C4170A11C695C8170E11C54
:1038A000695CC170241D001D295D0170611C695C8B
:1038B0004170A11C695C8170E11C695CC170211DB3
:1038C000CCB2001D295D0170611C695C4170A11CB6
:1038D000695C8170E11C695CC170211DCCB2295DFD
:1038E00086F82810611CCCB2295D86F82A1000BF2A
:1038F00070BD000010B52DED088B0446B0EE408A77
:10390000F0EE608A84ED068AC4ED048A38EEC80AB7
:1039100084ED090A94ED0F0AB5EEC00AF1EE10FA33
:1039200027D094ED0F0A10EE101A0846ECF720FF8E
:1039300041EC190B94ED090A10EE101A0846ECF749
:1039400017FF41EC1B0BB0EE4B0AF0EE6B0AFCF7D5
:103950001FFDB0EE40AAF0EE60AA53EC192B51EC1B
:103960001A0BECF731FF04D29FED650ABDEC088B12
:1039700010BD606C032846D194ED000AD4ED090A0D
:1039800020EE200A84ED0A0A94ED0B0AD4ED010A18
:1039900094ED091A00EE810A84ED0B0A94ED090AF0
:1039A000D4ED080A30EE600AD4ED020A20EE200AB7
:1039B00084ED0C0AD4ED130AB0EE600A04F12C0079
:1039C000FDF7C8FF94ED040AD4ED050A30EE600A55
:1039D000D4ED030A20EE200A84ED0D0A94ED0A0AC4
:1039E000D4ED0B0A30EE200AD4ED0C0A30EE200A9A
:1039F00084ED0E0AD4ED120AB0EE600A04F138002C
:103A0000FDF7A8FF40E0606C04283DD194ED090A61
:103A1000D4ED080A30EE600AD4ED000A20EE200A48
:103A200084ED0A0A94ED010AD4ED090A20EE200A79
:103A300084ED0B0A94ED090AD4ED080AB0EE001AE1
:103A400001EE600AD4ED070A30EE200AD4ED020A36
:103A500020EE200A84ED0C0A94ED0A0AD4ED0B0A3C
:103A600030EE200AD4ED0C0A30EE200AD4ED0E0A16
:103A700030EE200A84ED0E0AD4ED120AB0EE600A90
:103A800004F13800FDF766FF94ED080A84ED070A9B
:103A900094ED090A84ED080A94ED040A84ED050A00
:103AA00094ED100AB5EEC00AF1EE10FA25D094EDAF
:103AB000100A10EE101A0846ECF75AFE41EC190BEA
:103AC00094ED0E0A10EE101A0846ECF751FE41EC88
:103AD0001B0BB0EE4B0AF0EE6B0AFCF759FCB0EE94
:103AE00040AAF0EE60AA53EC192B51EC1A0BECF73C
:103AF00053FE02D29FED020A38E794ED0E0A35E735
:103B00000000000000B970479FED0C0A80ED070A25
:103B100080ED080A80ED090A9FED080A80ED0C0A85
:103B200080ED0B0A80ED0A0A80ED0E0A9FED030A74
:103B300080ED040A80ED060A00BFE4E70000000003
:103B400070B52DED068B04460D46B0EE40AAF0EEA2
:103B500060AAB0EE418AF0EE618AB0EE429AF0EED1
:103B6000629AF0EE692AB0EE492AF0EE681AB0EED9
:103B7000481AF0EE6A0AB0EE4A0A2946204600F0DA
:103B80000EF8F0EE691AB0EE491AF0EE680AB0EEDF
:103B9000480A204600F012F8BDEC068B70BDC0ED5F
:103BA000130A80ED120A416480ED001AC0ED011A7B
:103BB00080ED022AC0ED032A7047000080ED000A64
:103BC000C0ED010A80ED021AC0ED031A9FED0A2A2A
:103BD00080ED0A2A9FED082A80ED0B2A9FED062A28
:103BE00080ED0C2A9FED042A80ED0D2A9FED022A1C
:103BF00080ED0E2A70470000000000002DE9F3411F
:103C00002DED020B82B007460E4606F580701FFAB6
:103C100080F802AC03AD20788DF8000060788DF854
:103C20000100A0788DF80200E0788DF80300287874
:103C30008DF8040068788DF80500A8788DF80600E6
:103C4000E8788DF8070008236A4641463846EDF7C4
:103C50007DFD06B0BDE8F0812DE9F04105460E4638
:103C60001C4807681C480068001D01F0EEFA50B9B6
:103C70001948006890F82C100120884017490968FD
:103C8000814316480160681C38B936B11248016892
:103C9000091D134801F044FB1AE07C190E48006826
:103CA0004460BC4207D20C480168091D0D480068F9
:103CB00001F01CFB0CE008480168091D0A48006877
:103CC00001F014FB09480068844201D207480460EF
:103CD000BDE8F0812C0000201800002030000020FA
:103CE000A0110020200000201C000020480000201F
:103CF00010B5044601F020FB23480068401C22490F
:103D000008602248006840B92048046008460068FE
:103D100001280DD100F026FA0AE01D48006838B9E4
:103D20001A480068C06AE16A884201D817480460EE
:103D300018480068401C1749086094F82C100120AE
:103D4000884015490968084313490860E16A01EB96
:103D50008101124A02EB8100211D01F0E1FA01F01C
:103D600015FB0B48006868B108480068C06AE16A42
:103D7000884207D24FF0805009490860BFF34F8F47
:103D8000BFF36F8F10BD0000280000201800002036
:103D9000340000204400002030000020C410002027
:103DA00004ED00E008B501F0C7FA12480068E8B970
:103DB000114801F08BFA114801F088FA0E481049B9
:103DC00008600E480F49086000200F4B0F4A0C2175
:103DD00000900A2001F090FF06490860084600683C
:103DE00020B10BA10348006801F090FB01F0CEFA6E
:103DF00008BD00005C000020B4110020C8110020A4
:103E00005400002058000020DC1100202412002063
:103E1000546D72510000000010B516E001F08CFAEC
:103E20000C48C068C468201D01F00FFA0A480068F9
:103E3000401E0949086009480068401E074908609B
:103E400001F0A4FA204600F05FF80448006800285A
:103E5000E4D110BD8C110020280000202400002097
:103E600070B504460D46206C70B1216CE0680144C9
:103E7000E160D4E90210884201D32168E16028465C
:103E8000226CE168ECF7A7FA70BD2DE9F041044619
:103E90000F4615464FF00008A66B206C48B9206805
:103EA00000282CD1A06802F083FB80460020A0608F
:103EB00025E07DB93946226C6068ECF78CFA216CFC
:103EC000606808446060D4E90101884217D3206823
:103ED000606014E03946226CE068ECF77CFA216CF3
:103EE000E068411AE1602168E068884203D2216CF1
:103EF000A068411AE160022D01D106B1761E701C46
:103F0000A0634046BDE8F08110B5044694F8510026
:103F100030B9206B01F058FA204601F055FA1AE04A
:103F200094F85100012803D1204601F04DFA12E027
:103F300094F85100022801D1012000E0002050B97E
:103F400000BF502080F31188BFF34F8FBFF36F8FF6
:103F500000BF00BFFEE710BD0146084A12681268A4
:103F60000AB9012200E000220A600A6822B9034A65
:103F70001268D268106800E00020704754000020EA
:103F800030B54FF47053174800F007042CB1C01D32
:103F900020F00700134C041B1B1B0246124C22602E
:103FA0000024114D6C60D018083820F007000F4C29
:103FB000206000240D4D2D686C600C4D2D682C6028
:103FC0001146441A4C60094C24680C60084D4C683A
:103FD0002C60084D4C682C604FF00044064D2C605E
:103FE00030BD00009C1200206800002070000020FE
:103FF00078000020740000208400002000BFFFF73C
:104000000BFF064800680128F9D94FF08050044999
:104010000860BFF34F8FBFF36F8FF0E7C41000202D
:1040200004ED00E02DE9F04106460D46174698469E
:10403000069C0DB9246000E02760E6632564012139
:10404000204601F0C9FEBDE8F0812DE9F05F82460F
:104050000E4690469B460A9F0C9C4FEA8801A5227B
:10406000206BECF7CAF9A8F10100216B01EB800984
:1040700029F0070909F0070008B9012000E0002035
:1040800050B900BF502080F31188BFF34F8FBFF3AA
:104090006F8F00BF00BFFEE786B1002507E0715DAE
:1040A00004F134004155705D00B902E06D1C102D23
:1040B000F5D300BF00214320015502E0002084F821
:1040C0003400072F00D30627E76267640020A0644E
:1040D000201D01F008F904F1180001F004F9246131
:1040E000C7F10700A06164620020E06484F850001A
:1040F0005A465146484600F0E5FB20600B9808B14F
:104100000B980460BDE8F09F2DE9F04706460D4688
:1041100017469846DDE908940DB1012000E0002023
:1041200050B900BF502080F31188BFF34F8FBFF309
:104130006F8F00BF00BFFEE78CB1FFF733FE266034
:10414000A561C4F81C80C4F82090201D01F0CBF8B4
:104150002FB194F8240040F0040084F82400BDE856
:10416000F087000010B5002407E004EB84010F4A3B
:1041700002EB810001F0AAF8641C072CF5D30C486F
:1041800001F0A4F80B4801F0A1F80B4801F09EF8EB
:104190000A4801F09BF80A4801F098F804480949D8
:1041A000086004480849086010BD0000C4100020E1
:1041B0005011002064110020781100208C11002083
:1041C000A01100201C0000202000002010B5014696
:1041D000164800E0006803688B42FBD30246436840
:1041E00013448B4204D143684C6823444360014626
:1041F0000A464B6813440468A34211D10C4C03686F
:104200002468A34208D04B680468646823444B6068
:1042100003681B680B6005E0054B1B680B6001E041
:1042200003680B60884200D0016010BD6800002068
:10423000700000202DE9F04104460D4616461F4649
:104240004FF0000865602461B5420CD8F01BA169ED
:10425000884202D34FF0010811E0211D094800688F
:1042600001F044F80BE0BE4204D2BD4202D34FF04D
:10427000010804E0211D0448006801F037F84046B9
:10428000BDE8F081580000205400002070B50546BC
:1042900001F052F8A86B08B9012400E0002401F0F5
:1042A00075F8204670BD70B5054601F045F8A86B5D
:1042B000E96B884201D1012400E0002401F066F896
:1042C000204670BDF8B505460F461A480068C0681C
:1042D000C468201D00F0B9FF94F8240000F0040029
:1042E000E8B1A06941192B463A462046FFF7A2FFE4
:1042F000D8B1002003462A4601460090204602F02D
:1043000019FB064656B900BF502080F31188BFF351
:104310004F8FBFF36F8F00BF00BFFEE705E094F83B
:10432000240020F0010084F824002046216A8847F8
:10433000F8BD00005400002070B586B08BE00398F3
:104340000028FBDB059C606908B9012000E0002023
:1043500010B9201D00F079FF02A800F0DDF8054635
:1043600003980A2875D2DFE800F009050739416390
:1043700006083A4200BF00BF00BF00BF94F8240007
:1043800040F0010084F824000498A26981180346D3
:104390002A462046FFF74EFFF8B12046216A88479B
:1043A00094F8240000F00400B8B1002000900498B4
:1043B000A169421800231946204602F0BBFA0646BE
:1043C00056B900BF502080F31188BFF34F8FBFF361
:1043D0006F8F00BF00BFFEE700BF3BE000BF94F857
:1043E000240020F0010084F8240033E000BF94F89A
:1043F000240040F0010084F824000498A061A06922
:1044000008B1012000E0002050B900BF502080F327
:104410001188BFF34F8FBFF36F8F00BF00BFFEE760
:10442000A06941192B462A462046FFF703FF11E0F9
:1044300094F8240000F0020018B9204600F0C4FFF0
:1044400005E094F8240020F0010084F8240001E045
:10445000FFE700BF00BF002203A90448006801F085
:1044600059FE00287FF46BAF06B070BD5C000020E1
:10447000F8B505460C4601F0C7F9684600F04CF85F
:104480000646009820BB44B9B54206D802F040F970
:1044900031462846FFF716FF1CE03CB10E48006885
:1044A000006808B9012000E000200446A91B22464C
:1044B0000A48006801F040F802F02AF950B94FF0BC
:1044C000805007490860BFF34F8FBFF36F8F01E043
:1044D00002F01EF9F8BD0000580000205C0000202A
:1044E00004ED00E00A490968096809B9012100E002
:1044F000002121B14FF0FF31064A116006E0044966
:104500000968C968C868034A4168116070470000BB
:104510001C0000204800002070B5044601F094FF04
:10452000054607480068854204D200F00BF80120D8
:10453000206001E00020206001480560284670BD31
:10454000640000202DE9F84334E025480068C06885
:10455000056823480068C068C468201D00F075FE27
:104560002046216A884794F8240000F0040008B32C
:10457000A0694619AE4207D966602461211D18481A
:10458000006800F0B3FE15E0002003462A4601460D
:104590000090204602F0CEF9074657B900BF5020E0
:1045A00080F31188BFF34F8FBFF36F8F00BF00BF41
:1045B000FEE700BF0A480068006808B9012000E073
:1045C00000200028C1D00648D0F8008005480068C7
:1045D000034908600348C0F80080BDE8F883000084
:1045E00054000020580000200246002101E0521C27
:1045F000491C1078A528FAD0890888B270470000B5
:104600000E480068401C08B9012000E0002050B9A5
:1046100000BF502080F31188BFF34F8FBFF36F8F1F
:1046200000BF00BFFEE700BF502080F31188BFF33A
:104630004F8FBFF36F8F00BF00BFFEE788000020E1
:1046400008B500BF6846FFF787FC0446204600997E
:10465000FFF70EFFFFF770FEF4E770B5044600F0B9
:104660006BFE94F9455010E0606A08B9012000E043
:10467000002038B904F1240001F0FEFF18B101F068
:1046800025F800E003E0681E45B2002DECDC00BF19
:10469000FF2084F8450000F079FE00F04DFE94F90B
:1046A000445010E0206908B9012000E0002048B91A
:1046B00004F1100001F0E0FF08B101F007F8681EF6
:1046C00045B200E001E0002DECDC00BFFF2084F8E3
:1046D000440000F05BFE70BD2DE9F3432DED040BAB
:1046E0002DED028B85B080460D46B0EE608AF0EE6F
:1046F000418A9FED1F0A28EE000ABCEEC00A10EEA8
:10470000100A80B202909FED1B0A28EE800ABCEED0
:10471000C00A10EE100A80B2019005F540701FFA31
:1047200080F907AC02AE01AF20788DF80C006078FC
:104730008DF80D00A0788DF80E00E0788DF80F0050
:1047400030788DF8100070788DF8110038788DF879
:10475000120078788DF81300082303AA49464046D2
:10476000ECF7F4FF05B0BDEC028B06B0BDE8F083BA
:104770000000C84200401C462DE9F04104464FF0BD
:10478000000801F041F84948006808B9FFF7F8FB54
:10479000474800682040002870D1D4B1083404F0A4
:1047A0000700B0B104F00700C0F10800044404F0B1
:1047B000070008B9012000E0002050B900BF5020D8
:1047C00080F31188BFF34F8FBFF36F8F00BF00BF1F
:1047D000FEE7002C52D03748006884424ED8364E4F
:1047E0003046056801E02E462D686868A04202D276
:1047F00028680028F7D12D48006885423ED03068EF
:1048000000F10808286830606868001B102819D972
:104810002F1907F0070008B9012000E0002050B967
:1048200000BF502080F31188BFF34F8FBFF36F8F0D
:1048300000BF00BFFEE76868001B78606C60384608
:10484000FFF7C4FC1B4968680968081A1949086021
:104850000846006819490968884203D2154800686B
:1048600016490860124968680968084368600020B2
:10487000286013480068401C1149086001F048FF97
:1048800008F0070008B9012000E0002050B900BF7F
:10489000502080F31188BFF34F8FBFF36F8F00BF9D
:1048A00000BFFEE74046BDE8F08100007000002038
:1048B00084000020740000206800002078000020A0
:1048C0007C000020001F4FF080730360001F21F068
:1048D00001030360001F054B036014380260001FD2
:1048E0006FF00203036020387047000001460108A2
:1048F00010B52DED028B04469FED1D0AB0EE408AE7
:10490000D4ED000A60EEA00A94ED011AD4ED011A6C
:1049100041EE210A94ED021AD4ED021A41EE210A69
:1049200094ED031AD4ED031A41EE210AB0EE600AA9
:10493000ECF76EFAB0EE408A94ED000A20EE080A19
:1049400084ED000A94ED010A20EE080A84ED010AC4
:1049500094ED020A20EE080A84ED020A94ED030A9F
:1049600020EE080A84ED030ABDEC028B10BD0000A6
:10497000000000004168002902DC9FED0D0A70472D
:104980000268511C016041688A4201DB4168016094
:1049900090ED000AF8EEC00A90ED010AB8EEC00AE8
:1049A00080EE801A80ED021A90ED020AE7E700001F
:1049B00000000000002202604160704710B50B4803
:1049C000007990B100200949087108603C2108482D
:1049D000F6F73AFA3C210648EBF716FD044905487C
:1049E000F8F728FD0348F8F7F1FC10BDB8030020E4
:1049F0003CC5002060C000202DE9FC4106460C4665
:104A00001546601987B2FF208DF800008DF801006F
:104A10008DF802008DF803008DF804008DF8050074
:104A20008DF80600FE208DF8070008236A463946F7
:104A30003046ECF78BFEBDE8FC81000010B5014666
:104A4000032200BF00BFEFF31083184600BF72B609
:104A500000BF0B4B33F831308B4207D1084B03EBCF
:104A6000C1035B680BB1012200E0022200BF00BF5E
:104A700080F3108800BF00BF00BF104610BD0000CB
:104A80003C9000200021012108E00020054A22F886
:104A9000310002EBC1025060481CC1B21529F4DBA1
:104AA000002070473C90002010B5024600210121F3
:104AB0001CE0104830F83100B0B900BF00BFEFF380
:104AC0001083184600BF72B600BF0A4B23F831109E
:104AD00003EBC1035A6000BF00BF80F3108800BF22
:104AE00000BF00BF084610BD481CC1B21529E0DB5D
:104AF0000020F8E73C90002030B502460B4601212B
:104B00001BE0104830F83100904214D100BF00BFC4
:104B1000EFF31084204600BF72B600BF094C04EBCF
:104B2000C104636000BF00BF80F3108800BF00BFF6
:104B300000BF002030BD481CC1B21529E1DB0120B7
:104B4000F8E700003C900020F3B52DED020B81B09A
:104B500006460D4605F5007087B201AC20788DF849
:104B6000000060788DF80100A0788DF80200E078F0
:104B70008DF8030004236A4639463046ECF7E6FD1B
:104B800005B0F0BD10B500EE100A2DED028BB1EEB0
:104B9000C08A18EE100A20F00040C0F1FF40C00F9C
:104BA0000AD010EE100A20F00040C0F1FF40C00F04
:104BB00004BF0120FCF730FA18EE100ABDEC028B9E
:104BC00010BD10B50146002000220B782D2B01D11D
:104BD0000122491C07E00B78303B00EB800403EB1B
:104BE000440318B2491C0B78302B02DB0B78392BAD
:104BF000F1DD0AB1434218B210BD00000449097842
:104C0000012904D103490968491C024A116070470F
:104C10005403002050030020D0ED450A90ED4A1ABD
:104C200070EEC10AB0EE600ADFED270AB4EEE00ACA
:104C3000F1EE10FA05DDDFED250A70EE600AB0EE48
:104C4000600ADFED230AB4EEE00AF1EE10FA05D2B5
:104C5000DFED1E0A70EE200AB0EE600AB5EEC00A63
:104C6000F1EE10FA0DDDD0ED4C0AC0ED4B0AD0ED9F
:104C70004B0AF4EEC00AF1EE10FA1BDD80ED4B0A90
:104C800018E0B5EEC00AF1EE10FA0FD2D0ED4C0AE2
:104C9000F1EE600AC0ED4B0AD0ED4B0AF4EEC00A0B
:104CA000F1EE10FA06D280ED4B0A03E0DFED090ABF
:104CB000C0ED4B0AD0ED4A0A90ED4B1A70EE810A16
:104CC000C0ED4A0A70470000000034430000B443BE
:104CD000000034C3000000002DE9FF5F2DED0A0B3A
:104CE0000546884691461F46DDE918AB00246E460E
:104CF00085F8008085F80190E41CF0782855B0789C
:104D0000611C68547078A11C68543078E11C6854A8
:104D1000241D01AEF0782855B078611C6854707875
:104D2000A11C68543078E11C6854241D02AEF07850
:104D30002855B078611C68547078A11C685430788C
:104D4000E11C6854241D03AEF0782855B078611C2E
:104D500068547078A11C68543078E11C6854241D94
:104D600004AEF0782855B078611C68547078A11CA6
:104D700068543078E11C6854241D05AEF07828553D
:104D8000B078611C68547078A11C68543078E11CBC
:104D90006854201DC4B206AEF0782855B078611C66
:104DA00068547078A11C68543078E11C6854201D48
:104DB000C4B207AEF0782855B078611C685470789A
:104DC000A11C68543078E11C6854201DC4B208AEA0
:104DD000F0782855B078611C68547078A11C68542C
:104DE0003078E11C6854201DC4B209AEF078285513
:104DF000B078611C68547078A11C68543078E11C4C
:104E00006854201DC4B22F55390A601C2954A01CB7
:104E1000C4B205F804A0601CC4B205F804B0601C5C
:104E2000C4B2A01CA870A11C2846FDF70FF8A01C56
:104E3000C4B220460EB0BDE8F09F000000B585B0BA
:104E4000B148008800280ED1B048B0F900000A2807
:104E50000ADAAE480088401C00B2AC490880002144
:104E60000220EDF7E9FE4DE1A848B0F900000F2857
:104E700016DA012008213222A5A3CDE90132CDE9BD
:104E80000310C82003460022A5A10090A548EEF714
:104E90000DF99E480088401C00B29C49088031E111
:104EA0009A48B0F90000142816DA042007212822B5
:104EB00000239FED9D0ACDE90032CDE902109B4B06
:104EC00000229BA19B48EDF7C7FE90480088401C3C
:104ED00000B28E49088015E18C48B0F9000019280D
:104EE00006DA8A480088401C00B28849088009E137
:104EF0008648B0F900001E2818DA012003218B4AE9
:104F000064325342CDE90132CDE90310874896302F
:104F1000894B002289A100908948EEF76DF87B4803
:104F20000088401C00B279490880EBE07748B0F96E
:104F30000000232818DA04200A2132226FF08103AE
:104F40009FED790ACDE90032CDE902104FF41673D6
:104F500000227CA17C48EDF77FFE6C480088401C55
:104F600000B26A490880CDE06848B0F900002828FE
:104F700017DA062005214B2274A3CDE90132CDE9D1
:104F8000031000204FF4FA73024672A100906548A6
:104F9000EEF78CF85D480088401C00B25B49088041
:104FA000B0E05A48B0F900002D2818DA02201E217E
:104FB0006FF4ED724FF4F573CDE901325E4B0A33B5
:104FC0000092CDE90310002263A16448EDF7ACFE26
:104FD0004E480088401C00B24C49088092E04B4883
:104FE000B0F90000322816DA062005213C225CA325
:104FF000CDE90132CDE90310C8205C4B00225CA151
:1050000000904848EEF752F840480088401C00B233
:105010003E49088076E03D48B0F90000372817DAAD
:1050200004200821322264239FED3F0ACDE900329B
:10503000CDE902106FF4357300224EA14E48EDF712
:105040000BFE32480088401C00B23049088059E00D
:105050002E48B0F900003C2816DA0620082132223A
:1050600046A3CDE90132CDE9031000203F4B0246B3
:1050700044A100904448EEF719F824480088401CE9
:1050800000B2224908803DE02048B0F900004128E4
:1050900018DA022003216FF498725023CDE901320F
:1050A000CDE903106FF027000A23002237A10090FA
:1050B0003748EDF739FE15480088401C00B2134907
:1050C00008801FE01148B0F90000462817DA0220D6
:1050D00003216FF07C025023CDE901326FF0090308
:1050E0000092CDE9031000222AA12B48EDF71CFE07
:1050F00006480088401C00B20449088002E00120F4
:105100000149088005B000BD3602002034020020AD
:10511000776861742063616E206920736179000093
:10512000636961004894002000000000A8FDFFFFB3
:105130007370690093940020D4FEFFFF6A7800002A
:105140000B950020666E6E007594002073686F6F7B
:105150007400000073686F006C696E000C9400208E
:105160006175746F2061696D000000007CFCFFFFB9
:105170006175740061696D00849400207370696EBC
:105180000000000073700000A29400206C693200DF
:105190001B940020336D00002A940020B0EE401ACA
:1051A00030EEC10AF0EE401AB0EE412A00EE100ACD
:1051B000B8EEC00A60EE212A01228A40521E00EE9B
:1051C000102AB8EEC03A82EE830A30EE020A704727
:1051D00091ED000AB1EE400A80ED010A91ED010A5D
:1051E000B1EE400A80ED020A91ED020AB1EE400AEA
:1051F00080ED030A91ED000A80ED040A91ED020AA8
:1052000080ED060A91ED010AB1EE400A80ED070A31
:1052100091ED010A80ED080A91ED020AB1EE400A13
:1052200080ED090A91ED000A80ED0B0A91ED020A6A
:1052300080ED0C0A91ED010A80ED0D0A91ED000A56
:10524000B1EE400A80ED0E0A704701460A69D1E9C5
:1052500001309860D1E9010358605068884201D15B
:1052600088685060002008611068401E1060106857
:10527000704700002DE9F041044614B90648006863
:1052800000E0204607463D6B2846FFF7ADF906468D
:105290003046BDE8F081000018000020034B036099
:1052A000034B0B60802313607047000078040020DC
:1052B000CC040020034B0360034B0B604FF480735E
:1052C00013607047CC0600202007002000F1080181
:1052D00041604FF0FF31816000F10801C160016160
:1052E00000210160704700210161704710B502463E
:1052F0000B685C1C0CB9106907E002F1080000E0C3
:105300004068446824689C42FAD944684C604C6800
:10531000A160886041600A611468641C146010BD5B
:1053200042684A6093688B60936859609160086135
:1053300003685B1C0360704700BF502080F3118836
:10534000BFF34F8FBFF36F8F00BF0E480068401C44
:105350000C49086008460068012812D10A48006814
:10536000C0B208B9012000E0002050B900BF5020B1
:1053700080F31188BFF34F8FBFF36F8F00BF00BF63
:10538000FEE770478800002004ED00E00D4800684B
:1053900050B900BF502080F31188BFF34F8FBFF387
:1053A0006F8F00BF00BFFEE706480068401E05493A
:1053B00008600846006820B9002080F3118800BF0B
:1053C00000BF70478800002070B506463546002EA5
:1053D00044D0083D2C46224960680968084008B15D
:1053E000012000E0002050B900BF502080F3118858
:1053F000BFF34F8FBFF36F8F00BF00BFFEE7206882
:1054000008B9012000E0002050B900BF502080F30F
:105410001188BFF34F8FBFF36F8F00BF00BFFEE750
:105420000F49606809680840C0B12068B0B90C49EC
:10543000606809688843606000F0E6F909496068BF
:1054400009680844074908602046FEF7BFFE064881
:105450000068401C0449086001F05AF970BD000062
:1054600084000020740000208000002000204FF005
:10547000E02108618861064800684FF47A71B0FB4A
:10548000F1F0401E4FF0E0214861072008617047AD
:105490001400002070B5EAF7DDFE0446102C16D388
:1054A00004F1E02090F8F05315480078854201DBC4
:1054B000012000E0002050B900BF502080F3118887
:1054C000BFF34F8FBFF36F8F00BF00BFFEE70D48E4
:1054D000006800F4E0600C490968884201D80120A6
:1054E00000E0002050B900BF502080F31188BFF3C6
:1054F0004F8FBFF36F8F00BF00BFFEE770BD00008E
:105500008C0000200CED00E09000002002460020FE
:105510000BE0084B53F8303033B9064B43F83010EA
:1055200003EBC0035A6002E0401C0828F1D300BF1F
:1055300070470000841000202DE9F04105460E461A
:1055400017462C46FFF7F8FE94F94400401C10B9AA
:10555000002084F8440094F94500401C10B9002054
:1055600084F84500FFF712FFA06B28B93A46314690
:1055700004F1240000F0CCF82046FFF76EF8BDE8F7
:10558000F081000070B504460025D4B112480068CF
:1055900008B9012000E0002050B900BF502080F37E
:1055A0001188BFF34F8FBFF36F8F00BF00BFFEE7BF
:1055B00000F02AF900212046FEF74EFB01F0A8F882
:1055C00005463DB94FF0805004490860BFF34F8F46
:1055D000BFF36F8F70BD00005000002004ED00E0AD
:1055E0002DE9F04704460F464FF0000954B900BFBB
:1055F000502080F31188BFF34F8FBFF36F8F00BF30
:1056000000BFFEE70FB1012000E0002050B900BF4D
:10561000502080F31188BFF34F8FBFF36F8F00BF0F
:1056200000BFFEE72048006808B9012000E0002024
:1056300050B900BF502080F31188BFF34F8FBFF3E4
:105640006F8F00BF00BFFEE700F0DEF81748066866
:105650002068C5192068B04207D92068A8420BD934
:10566000B54209D94FF0010906E02068A84201D8E7
:10567000B54201D94FF001092560B9F1000F03D0FF
:10568000A81B0021FEF7E8FA01F042F88046B8F1C5
:10569000000F07D14FF0805005490860BFF34F8FCE
:1056A000BFF36F8FBDE8F087500000202C00002072
:1056B00004ED00E00349096801600349096841609D
:1056C00070470000400000202C000020012001490C
:1056D000086070473C00002070B504460D4654B980
:1056E00000BF502080F31188BFF34F8FBFF36F8F3F
:1056F00000BF00BFFEE70548016818312046FFF7EC
:10570000F5FD01212846FEF7A7FA70BD180000201C
:1057100070B505460E46144655B900BF502080F3BB
:105720001188BFF34F8FBFF36F8F00BF00BFFEE73D
:105730000648016818312846FFF7F2FD0CB14FF01A
:10574000FF3621463046FEF787FA70BD180000206C
:1057500010B586B000200590049003AA04A905A8FE
:10576000FFF79CFD0022DDE904101346CDE900217E
:1057700002901EA11F48039A00F0F8FD1E49086020
:105780000846006808B1012400E00024012C02D181
:1057900001F094F80446012C15D100BF502080F38D
:1057A0001188BFF34F8FBFF36F8F00BF4FF0FF30F3
:1057B0001249086001201249086000201149086060
:1057C00000F0E6F910E0601C08B1012000E00020C4
:1057D00050B900BF502080F31188BFF34F8FBFF343
:1057E0006F8F00BF00BFFEE706B010BD49444C45B7
:1057F00000000000FD3F01084C0000204800002090
:10580000340000202C00002002480068401C0149A0
:1058100008607047500000201D48006818B1012042
:105820001C49086032E000201A4908601A480068E4
:10583000B0FA80F0C0F11F0101EB8100174A52F865
:10584000200008B1012000E0002050B900BF502026
:1058500080F31188BFF34F8FBFF36F8F00BF00BF7E
:10586000FEE701EB81020D4B03EB820042685268B8
:10587000426000F108024368934202D142685268D4
:1058800042604268D268064B1A6000BF7047000051
:10589000500000203C00002030000020C4100020F8
:1058A0001800002070B505460C4600260DB1022CEC
:1058B00001D8002070BDA11E4FF6FF722846FDF7EB
:1058C000E1FA0646F1B2A01E285C814206D1601EB4
:1058D000285CB0EB162F01D10120EBE70020E9E7AF
:1058E00070B505460C4600260DB1022C01DC0020E7
:1058F00070BD601E81B2FF222846FDF7DDFA064624
:10590000601E285CB04201D10120F1E70020EFE7E2
:1059100070B586B006463446002506E014F8012B23
:105920002846691CCDB202A90A5420782C28F5D14A
:10593000002002A9485502A8FFF743F92049088032
:105940000025641C06E014F8012B2846691CCDB222
:1059500002A90A5420782C28F5D1002002A9485524
:1059600002A8FFF72EF9174908800025641C06E0FD
:1059700014F8012B2846691CCDB202A90A542078DC
:105980000D28F5D1002002A9485502A8FFF719F902
:105990000D4908800846B0F9000000900948B0F9A8
:1059A00000300748B0F9002008A10F48F9F764FF5C
:1059B0001E220D490D48ECF75EF906B070BD0000DF
:1059C00060030020620300206403002073616D7097
:1059D0006C65733A20252E642C20252E642C2025FE
:1059E0002E640D0A0000000040C00020647F0020EB
:1059F0002DED108B9EB000BFF9F73AFF04465348D7
:105A0000D0F8E801B0F9060000EE100AB8EEC00ABE
:105A10008DED1D0A4D48B0F9BC0300EE100AB8EE3A
:105A2000C00A8DED1C0A4A48B0F900004749C1F888
:105A3000D803E1680846EAF79BFE41EC180B43489F
:105A400090ED810A10EE101A0846EAF791FE41EC3B
:105A5000190B3E4890ED0B0A10EE101A0846EAF7B3
:105A600087FE41EC1A0B21690846EAF781FE41ECFA
:105A70001B0B384890ED090A10EE101A0846EAF799
:105A800077FE41EC1C0B314890ED0D0A10EE101A18
:105A90000846EAF76DFE41EC1D0B21680846EAF75F
:105AA00067FE41EC1E0BA1690846EAF761FE9FED17
:105AB0002A0B53EC102BCDE914019DED140B51EC86
:105AC000100BEAF763FD41EC1F0B204890ED840AB0
:105AD00010EE101A0846EAF74BFECDE91A011B48F2
:105AE00090ED820A10EE101A0846EAF741FECDE961
:105AF000180161680846EAF73BFECDE91601E07F30
:105B000014908DED128B8DED109B8DED0EAB8DED08
:105B10000CBB8DED0ACB8DED08DB8DED06EB8DED2D
:105B200004FB9DED1A0B8DED020B9DED180B8DED19
:105B3000000B9DED160B53EC102B09490948F9F7A2
:105B40009BFE0A20FDF74EFD56E700001C95002045
:105B500060030020848500206666666666A64C4069
:105B6000B4780108DCBF002000B587B01C220649CC
:105B70006846EAF730FC00216846FDF75CFD034902
:105B8000086007B000BD0000286E01081C0300205B
:105B90001CB5524800685249884201D0012000E0FB
:105BA000002050B900BF502080F31188BFF34F8F01
:105BB000BFF36F8F00BF00BFFEE748480068484949
:105BC000491E884201D0012000E0002050B900BFEA
:105BD000502080F31188BFF34F8FBFF36F8F00BF4A
:105BE00000BFFEE73F49084600780190FF200A46C3
:105BF00010700846007800909DF8000000F0F0005A
:105C00009DF80020904201D1012000E0002050B911
:105C100000BF502080F31188BFF34F8FBFF36F8F09
:105C200000BF00BFFEE79DF8000000F050002E4AC4
:105C3000107007202D4A106009E02C480068401EB3
:105C40002A4A10609DF800004006000E00909DF862
:105C5000000000F080008028EFD024480068C0F1E8
:105C60000700042801D1012000E0002050B900BF46
:105C7000502080F31188BFF34F8FBFF36F8F00BFA9
:105C800000BFFEE7194800680002184A106010467D
:105C9000008800F4E0601060124A019810700F480C
:105CA0002030006840F470000C492031086008463C
:105CB000006840F070400860FFF7D8FB00200C49F6
:105CC0000860EAF78FFA0B48006840F04040094945
:105CD0000860EAF773FA00201CBD000000ED00E048
:105CE00071C20F4100E400E08C0000209000002011
:105CF0008800002034EF00E02DE9F84380460E468E
:105D000017461D46DDF82090B8F1000F01D00120A4
:105D100000E0002050B900BF502080F31188BFF38D
:105D20004F8FBFF36F8F00BF00BFFEE70DB10120A3
:105D300000E0002050B900BF502080F31188BFF36D
:105D40004F8FBFF36F8F00BF00BFFEE707B10EB1EB
:105D5000012000E0002050B900BF502080F31188DE
:105D6000BFF34F8FBFF36F8F00BF00BFFEE707B9D0
:105D70000EB9012000E0002050B900BF502080F390
:105D80001188BFF34F8FBFF36F8F00BF00BFFEE7D7
:105D9000482000900098482801D1012000E0002010
:105DA00050B900BF502080F31188BFF34F8FBFF36D
:105DB0006F8F00BF00BFFEE700BF2C464CB1012033
:105DC00084F846004B463A46314640460094FEF77A
:105DD00029F92046BDE8F88370B505460E462C46E5
:105DE00054B900BF502080F31188BFF34F8FBFF329
:105DF0006F8F00BF00BFFEE7FFF79EFAD4E90F12D6
:105E0000206801FB0200A0600020A06320686060A1
:105E1000E06B401E226C216800FB0211E160FF2054
:105E200084F8440084F845009EB9206908B901202F
:105E300000E00020A8B904F1100000F01DFC80B1C2
:105E40004FF0805009490860BFF34F8FBFF36F8F49
:105E500007E004F11000FFF739FA04F12400FFF71E
:105E600035FAFFF793FA012070BD000004ED00E061
:105E70002DE9FF4383B0064688461D464FF00009D2
:105E8000344654B900BF502080F31188BFF34F8FC0
:105E9000BFF36F8F00BF00BFFEE7B8F1000F01D165
:105EA000206C08B9012000E0002050B900BF50204C
:105EB00080F31188BFF34F8FBFF36F8F00BF00BF18
:105EC000FEE7022D02D1E06B012801D1012000E0A4
:105ED000002050B900BF502080F31188BFF34F8FCE
:105EE000BFF36F8F00BF00BFFEE700F09DFA08B957
:105EF000059808B9012000E0002050B900BF5020EB
:105F000080F31188BFF34F8FBFF36F8F00BF00BFC7
:105F1000FEE700BFFFF710FAA06BE16B884201D3E8
:105F2000022D28D12A4641462046FDF7AEFF0746FE
:105F3000606A08B9012000E0002068B904F124007B
:105F400000F09AFB88B14FF0805032490860BFF3EF
:105F50004F8FBFF36F8F08E03FB14FF080502D4956
:105F60000860BFF34F8FBFF36F8FFFF70FFA012069
:105F700007B0BDE8F083059818B9FFF707FA0020CD
:105F8000F6E7B9F1000F04D101A8FFF793FB4FF03A
:105F90000109FFF7FBF9FFF737FCFFF7CDF994F99B
:105FA0004400401C10B9002084F8440094F94500D6
:105FB000401C10B9002084F84500FFF7E7F905A957
:105FC00001A800F05BF9F0B92046FEF76CF9A0B12A
:105FD00004F110000599FFF77FFB2046FEF73DFB1B
:105FE00000F096FB002895D14FF0805009490860D9
:105FF000BFF34F8FBFF36F8F8CE72046FEF72DFB6B
:1060000000F086FB86E72046FEF727FB00F080FBCA
:106010000020ADE704ED00E02DE9F84F07468A4681
:1060200090461E463C4654B900BF502080F311886C
:10603000BFF34F8FBFF36F8F00BF00BFFEE7BAF112
:10604000000F01D1206C08B9012000E0002050B9F8
:1060500000BF502080F31188BFF34F8FBFF36F8FC5
:1060600000BF00BFFEE7022E02D1E06B012801D184
:10607000012000E0002050B900BF502080F31188BB
:10608000BFF34F8FBFF36F8F00BF00BFFEE7FFF777
:1060900001FA00BF5021EFF3118081F31188BFF3A3
:1060A0004F8FBFF36F8F00BF0546A06BE16B884237
:1060B00001D3022E25D194F945B0A06B0090324651
:1060C00051462046FDF7E1FE0BF1010088B9606AF8
:1060D00008B9012000E0002050B904F1240000F0CC
:1060E000CBFA28B1B8F1000F02D00120C8F80000A7
:1060F00004E00BF1010040B284F845004FF00109C3
:1061000001E04FF0000900BF85F3118800BF484649
:10611000BDE8F88F2DE9F74183B005460E464FF0F4
:1061200000082C4654B900BF502080F31188BFF3FB
:106130004F8FBFF36F8F00BF00BFFEE70EB9206C1B
:1061400008B9012000E0002050B900BF502080F3C2
:106150001188BFF34F8FBFF36F8F00BF00BFFEE703
:1061600000F062F908B9059808B9012000E00020A4
:1061700050B900BF502080F31188BFF34F8FBFF399
:106180006F8F00BF00BFFEE700BFFFF7D5F8A76B1A
:10619000F7B131462046FDF763FE781EA063206903
:1061A00008B9012000E0002060B904F1100000F0FF
:1061B00063FA38B14FF080502F490860BFF34F8F1A
:1061C000BFF36F8FFFF7E2F8012006B0BDE8F08162
:1061D000059818B9FFF7DAF80020F6E7B8F1000FD4
:1061E00004D101A8FFF766FA4FF00108FFF7CEF8D7
:1061F000FFF70AFBFFF7A0F894F94400401C10B920
:10620000002084F8440094F94500401C10B9002097
:1062100084F84500FFF7BAF805A901A800F02EF8A8
:10622000F0B92046FEF732F8A0B104F12400059938
:10623000FFF752FA2046FEF710FA00F069FA00283C
:10624000A3D14FF080500C490860BFF34F8FBFF3CC
:106250006F8F9AE72046FEF700FA00F059FA94E7AC
:106260002046FEF7FAF900F053FA2046FEF70EF842
:1062700000288AD00020A8E704ED00E070B50546AC
:106280000C4655B900BF502080F31188BFF34F8FE3
:10629000BFF36F8F00BF00BFFEE754B900BF5020AF
:1062A00080F31188BFF34F8FBFF36F8F00BF00BF24
:1062B000FEE7FFF741F8124802686868131A206881
:1062C000401C08B9002617E00E4928680968884272
:1062D00004D06868904201D801260DE020689842F9
:1062E00007D92068C01A20602846FFF7E3F9002686
:1062F00002E0002020600126FFF748F8304670BD1C
:106300002C000020400000202DE9FF4F85B0804682
:1063100089461746DDE912ABB800FEF72DFA0646AE
:1063200056B15420FEF728FA04460CB1266304E067
:106330003046FFF749F800E000248CB1002084F8D3
:106340005100CDE900ABCDE902403A46494640460E
:10635000089BFDF77AFE2046FDF7CAFC012501E007
:106360004FF0FF35284609B0BDE8F08F2DE9F04F1A
:1063700085B00746884691469A46DDE90EB6109CE0
:106380000EB1012000E0002050B900BF502080F382
:106390001188BFF34F8FBFF36F8F00BF00BFFEE7C1
:1063A0000CB1012000E0002050B900BF502080F364
:1063B0001188BFF34F8FBFF36F8F00BF00BFFEE7A1
:1063C000542003900398542801D1012000E00020BC
:1063D00050B900BF502080F31188BFF34F8FBFF337
:1063E0006F8F00BF00BFFEE700BFB4B1AEB125465E
:1063F0002C462E63022085F85100002004A9534644
:106400004A46CDE900B1CDE9025041463846FDF794
:106410001CFE2846FDF76CFC01E000200490049867
:1064200005B0BDE8F08F00000549096809B90120F1
:1064300005E00449096809B9022000E0002070471E
:106440003400002050000020014908687047000017
:106450002C00002070B5FFF71DF8002501480468E6
:10646000204670BD2C0000202DE9F0414FF00008BF
:106470004448006800287CD143480068451C4248D5
:10648000056015BB41480068006808B9012000E0BC
:10649000002050B900BF502080F31188BFF34F8F08
:1064A000BFF36F8F00BF00BFFEE73848076838486A
:1064B0000068364908603648076036480068401C66
:1064C00034490860FEF70EF800BF33480068854283
:1064D0003CD300BF2D480068006808B9012000E0E7
:1064E000002020B14FF0FF302B4908602DE02748F5
:1064F0000068C068C4686668B54202D22648066073
:1065000023E0201DFEF7A1FEA06A18B104F11800D7
:10651000FEF79BFE94F82C10012088401F49096863
:1065200008431E490860E16A01EB81011C4A02EB45
:106530008100211DFEF7F4FE1A49E06A0968C96A64
:106540008842C7D34FF00108C4E700BF1548006870
:10655000C06A00EB8000124951F82000012801D9DF
:106560004FF001081048006808B14FF0010805E03D
:10657000FFE70E480068401C0C4908604046BDE833
:10658000F0810000500000202C0000201C000020A2
:1065900020000020400000204800002030000020A3
:1065A000C4100020180000203C000020380000200B
:1065B00070B505462C460026002D55D02B480068A6
:1065C000844201D1012000E0002050B900BF5020DA
:1065D00080F31188BFF34F8FBFF36F8F00BF00BFF1
:1065E000FEE7A06C50B900BF502080F31188BFF3C4
:1065F0004F8FBFF36F8F00BF00BFFEE7A06C401E40
:10660000A064616CE06A88422ED0A06C60BB201D43
:10661000FEF71BFE78B9E06A00EB8000144951F8E0
:10662000200040B994F82C100120884011490968D5
:10663000814310480160606CE062E06AC0F10700CD
:10664000A06194F82C10012088400A490968084389
:1066500008490860E16A01EB8101054A02EB81000B
:10666000211DFEF75DFE0126304670BD180000209A
:10667000C41000203000002070B50646F068C468E1
:1066800054B900BF502080F31188BFF34F8FBFF380
:106690006F8F00BF00BFFEE704F11800FEF7D5FDC5
:1066A00015480068A8B9201DFEF7CFFD94F82C10FE
:1066B0000120884011490968084310490860E16ACF
:1066C00001EB81010E4A02EB8100211DFEF728FE3D
:1066D00004E004F118010B48FEF722FE0A49E06AC3
:1066E0000968C96A884204D9012501200749086060
:1066F00000E00025284670BD50000020300000203A
:10670000C410002078110020180000203C00002058
:1067100070B5002400263648006850B900BF5020EC
:1067200080F31188BFF34F8FBFF36F8F00BF00BF9F
:10673000FEE7FEF701FE2E480068401E2C49086067
:106740000846006800284FD12A48006800284BD02E
:1067500024E02948C068C46804F11800FEF775FDFC
:10676000201DFEF772FD94F82C100120884023496B
:106770000968084321490860E16A01EB8101204A68
:1067800002EB8100211DFEF7CBFD1E49E06A09687E
:10679000C96A884202D301201B4908601648006874
:1067A00008B9012000E000200028D2D00CB1FDF78C
:1067B00099FE1648056865B100BFFFF755FE10B198
:1067C0000120114908606D1E002DF6D100200F49EF
:1067D00008600D48006838B1012630070C49086090
:1067E000BFF34F8FBFF36F8FFEF7D0FD304670BD04
:1067F00050000020280000207811002030000020E8
:10680000C4100020180000203C00002038000020A8
:1068100004ED00E02DE9FC4705460E461746984674
:10682000DDF828902820FDF7A7FF044654B100208A
:1068300084F8240043463A4631462846CDE9009480
:10684000FDF762FC2046BDE8FC872DE9FC470646C3
:106850000F4690469946DDE90AA528200190019847
:10686000282801D1012000E0002050B900BF5020AD
:1068700080F31188BFF34F8FBFF36F8F00BF00BF4E
:10688000FEE700BF55B900BF502080F31188BFF369
:106890004F8FBFF36F8F00BF00BFFEE72C4654B190
:1068A000022084F824004B46424639463046CDE962
:1068B00000A4FDF729FC2046BDE8FC8710B586B092
:1068C0000024FDF76FFA16480068D0B1002005904B
:1068D000049003AA04A905A8FEF7ECFC0222DDE956
:1068E00004100023CDE9002102900EA10F48039A65
:1068F000FFF73CFD0E4908600846006800B101241E
:1069000000BF54B900BF502080F31188BFF34F8FF0
:10691000BFF36F8F00BF00BFFEE7204606B010BD7B
:106920005C000020546D72205376630041460108DC
:10693000600000202DE9FE4304460D4616461F4622
:10694000DDF828804FF0000954B900BF502080F3D3
:106950001188BFF34F8FBFF36F8F00BF00BFFEE7FB
:106960001448006810B3009501960294062D15DABC
:10697000FFF75AFD022808D10023424669460D4818
:106980000068FFF775FA814610E000231A46694651
:1069900008480068FFF76CFA814607E000233A4692
:1069A000694604480068FFF737FB81464846BDE862
:1069B000FE8300005C0000204078010865BF0008ED
:1069C000FEFF0000000000000001000000000000C9
:1069D000000000000006101600061016000000005F
:1069E000000000000102030406070809000000007F
:1069F00001020304FF005EBCE2613FDD83C29C7EB6
:106A000020A3FD1F419DC3217FFCA2401E5F01E327
:106A1000BD3E6082DC237D9FC1421CFEA0E1BF5DC4
:106A20000380DE3C62BEE0025CDF81633D7C22C00D
:106A30009E1D43A1FF4618FAA427799BC584DA3826
:106A400066E5BB5907DB856739BAE406581947A5DF
:106A5000FB7826C49A653BD987045AB8E6A7F91B88
:106A600045C6987A24F8A6441A99C7257B3A6486C5
:106A7000D85B05E7B98CD2306EEDB3510F4E10F2F2
:106A8000AC2F7193CD114FADF3702ECC92D38D6F8F
:106A900031B2EC0E50AFF1134DCE90722C6D33D15C
:106AA0008F0C52B0EE326C8ED0530DEFB1F0AE4C75
:106AB0001291CF2D73CA947628ABF517490856B4B6
:106AC000EA6937D58B5709EBB536688AD495CB2957
:106AD00077F4AA4816E9B7550B88D6346A2B759710
:106AE000C94A14F6A8742AC896154BA9F7B6E80A3D
:106AF00054D7896B3500FFFF0000891112239B32A8
:106B00002446AD573665BF74488CC19D5AAFD3BE7D
:106B10006CCAE5DB7EE9F7F88110080193331A228D
:106B2000A5562C47B7753E64C99C408DDBBF52AE5D
:106B3000EDDA64CBFFF976E802218B30100299136D
:106B40002667AF763444BD554AADC3BC588ED19F3D
:106B50006EEBE7FA7CC8F5D983310A20911218034D
:106B6000A7772E66B5543C45CBBD42ACD99E508F1D
:106B7000EFFB66EAFDD874C904428D5316619F701D
:106B80002004A9153227BB364CCEC5DF5EEDD7FCFD
:106B90006888E1997AABF3BA85520C4397711E600D
:106BA000A1142805B3373A26CDDE44CFDFFD56ECDD
:106BB000E9986089FBBB72AA06638F7214409D51ED
:106BC0002225AB343006B9174EEFC7FE5CCCD5DDBD
:106BD0006AA9E3B8788AF19B87730E6295501C41CD
:106BE000A3352A24B1163807CFFF46EEDDDC54CD9D
:106BF000EBB962A8F99A708B088481951AA793B6AD
:106C00002CC2A5D33EE1B7F04008C919522BDB3A9C
:106C1000644EED5F766DFF7C899400859BB712A66C
:106C2000ADD224C3BFF136E0C1184809D33B5A2A7C
:106C3000E55E6C4FF77D7E6C0AA583B4188691974C
:106C40002EE3A7F23CC0B5D14229CB38500AD91B5C
:106C5000666FEF7E744CFD5D8BB502A4999610872C
:106C6000AFF326E2BDD034C1C3394A28D11A580B3C
:106C7000E77F6E6EF55C7C4D0CC685D71EE597F4FC
:106C80002880A1913AA3B3B2444ACD5B5669DF781C
:106C9000600CE91D722FFB3E8DD604C79FF516E4EC
:106CA000A9902081BBB332A2C55A4C4BD7795E68FC
:106CB000E11C680DF33F7A2E0EE787F61CC495D5CC
:106CC0002AA1A3B03882B193466BCF7A5448DD59DC
:106CD000622DEB3C700EF91F8FF706E69DD414C5AC
:106CE000ABB122A0B9923083C77B4E6AD5585C49BC
:106CF000E33D6A2CF11E780F40AC037D0401410393
:106D0000057C00026D0D026D090200005AF8F63F85
:106D10005D896EBFD5A9183B0B080141090242C02D
:106D2000030A0B044C78010859BE0008000000005B
:106D3000000000000004000000000000000000004F
:106D40005878010829370008000000000000000002
:106D50000001000000000000000000006878010849
:106D6000059700080000000000000000000100007E
:106D7000000000000000000074780108493A000893
:106D80000000000000000000000100000000000002
:106D90000000000080780108A9340008000000000D
:106DA00000000000000100000000000000000000E2
:106DB0008C78010805440008000000000000000075
:106DC0000001000000000000000000005DC5000898
:106DD000000000009878010835B8000800000000A5
:106DE00000000000000100000000000000000000A2
:106DF000A4780108E527000800000000000000005A
:106E000000010000000000000000000004790108FB
:106E1000A52401080000000000000000000100009F
:106E2000000000000000000014790108F159010879
:106E30000000000000000000000100000000000051
:106E400000000000FD4B010800000000CDCC4C3ECE
:106E5000CDCC4C3ECDCC4C3E00000000920E493CC7
:106E6000B10AC93C2BC3163D2EFB483D752B7B3D1B
:106E700004A9963D80B6AF3D36BDC83D2FBCE13D6F
:106E800073B2FA3D87CF093E8340163EB5AB223E32
:106E9000A2102F3ECF6E3B3EC2C5473E0115543E69
:106EA000135C603E7F9A6C3ECCCF783EC07D823EC4
:106EB000938E883E229A8E3E32A0943E86A09A3EC1
:106EC000E59AA03E128FA63ED47CAC3EEF63B23E64
:106ED0002A44B83E491DBE3E15EFC33E53B9C93ED4
:106EE000CA7BCF3E4136D53E80E8DA3E4F92E03E47
:106EF0007533E63EBBCBEB3EEA5AF13ECBE0F63EC5
:106F0000275DFC3EE4E7003F3D9C033F824B063F8C
:106F10009BF5083F6B9A0B3FDA390E3FCDD3103FFC
:106F20002A68133FD9F6153FC07F183FC6021B3FA2
:106F3000D17F1D3FCBF61F3F9967223F25D2243FCB
:106F40005636273F1594293F4AEB2B3FDE3B2E3F19
:106F5000BB85303FC9C8323FF304353F233A373F42
:106F60004268393F3B8F3B3FF9AE3D3F67C73F3FEC
:106F700070D8413F01E2433F03E4453F65DE473FB0
:106F800012D1493FF8BB4B3F029F4D3F207A4F3F04
:106F90003D4D513F4918533F31DB543FE595563F36
:106FA0005348583F6AF2593F1A945B3F532D5D3F57
:106FB00005BE5E3F2146603F97C5613F5A3C633F37
:106FC00059AA643F880F663FD86B673F3CBF683F54
:106FD000A7096A3F0C4B6B3F5E836C3F93B26D3FDA
:106FE0009ED86E3F73F56F3F0809713F5213723F91
:106FF0004714733FDD0B743F0BFA743FC6DE753FD9
:1070000007BA763FC58B773FF853783F9812793FA0
:107010009DC7793F02737A3FBE147B3FCDAC7B3F67
:10702000283B7C3FC9BF7C3FAC3A7D3FCCAB7D3F2A
:1070300023137E3FB0707E3F6DC47E3F580E7F3F6E
:107040006D4E7F3FAB847F3F0FB17F3F97D37F3F34
:1070500043EC7F3F11FB7F3F0000803F11FB7F3FF0
:1070600043EC7F3F97D37F3F0FB17F3FAB847F3FA0
:107070006D4E7F3F580E7F3F6DC47E3FB0707E3FA8
:1070800023137E3FCCAB7D3FAC3A7D3FC9BF7C3FF5
:10709000283B7C3FCDAC7B3FBE147B3F02737A3FE5
:1070A0009DC7793F9812793FF853783FC58B773F5A
:1070B00007BA763FC6DE753F0BFA743FDD0B743FAF
:1070C0004714733F5213723F0809713F73F56F3FC6
:1070D0009ED86E3F93B26D3F5E836C3F0C4B6B3F0F
:1070E000A7096A3F3CBF683FD86B673F880F663F80
:1070F00059AA643F5A3C633F97C5613F2146603FB0
:1071000005BE5E3F532D5D3F1A945B3F6AF2593FC7
:107110005348583FE595563F31DB543F4918533F9C
:107120003D4D513F207A4F3F029F4D3FF8BB4B3FB3
:1071300012D1493F65DE473F03E4453F01E2433F4B
:1071400070D8413F67C73F3FF9AE3D3F3B8F3B3F64
:107150004268393F233A373FF304353FC9C8323FCD
:10716000BB85303FDE3B2E3F4AEB2B3F1594293F3A
:107170005636273F25D2243F9967223FCBF61F3F43
:10718000D17F1D3FC6021B3FC07F183FD9F6153F78
:107190002A68133FCDD3103FDA390E3F6B9A0B3F6D
:1071A0009BF5083F824B063F3D9C033FE4E7003FD1
:1071B000275DFC3ECBE0F63EEA5AF13EBBCBEB3E10
:1071C0007533E63E4F92E03E80E8DA3E4136D53EEA
:1071D000CA7BCF3E53B9C93E15EFC33E491DBE3EE3
:1071E0002A44B83EEF63B23ED47CAC3E128FA63E3A
:1071F000E59AA03E86A09A3E32A0943E229A8E3E08
:10720000938E883EC07D823ECCCF783E7F9A6C3E86
:10721000135C603E0115543EC2C5473ECF6E3B3EF7
:10722000A2102F3EB5AB223E8340163E87CF093ECB
:1072300073B2FA3D2FBCE13D36BDC83D80B6AF3DCF
:1072400004A9963D752B7B3D2EFB483D2BC3163D77
:10725000B10AC93C920E493C00000000920E49BCA4
:10726000B10AC9BC2BC316BD2EFB48BD752B7BBD17
:1072700004A996BD80B6AFBD36BDC8BD2FBCE1BD6B
:1072800073B2FABD87CF09BE834016BEB5AB22BE2E
:10729000A2102FBECF6E3BBEC2C547BE011554BE65
:1072A000135C60BE7F9A6CBECCCF78BEC07D82BEC0
:1072B000938E88BE229A8EBE32A094BE86A09ABEBD
:1072C000E59AA0BE128FA6BED47CACBEEF63B2BE60
:1072D0002A44B8BE491DBEBE15EFC3BE53B9C9BED0
:1072E000CA7BCFBE4136D5BE80E8DABE4F92E0BE43
:1072F0007533E6BEBBCBEBBEEA5AF1BECBE0F6BEC1
:10730000275DFCBEE4E700BF3D9C03BF824B06BF88
:107310009BF508BF6B9A0BBFDA390EBFCDD310BFF8
:107320002A6813BFD9F615BFC07F18BFC6021BBF9E
:10733000D17F1DBFCBF61FBF996722BF25D224BFC7
:10734000563627BF159429BF4AEB2BBFDE3B2EBF15
:10735000BB8530BFC9C832BFF30435BF233A37BF3E
:10736000426839BF3B8F3BBFF9AE3DBF67C73FBFE8
:1073700070D841BF01E243BF03E445BF65DE47BFAC
:1073800012D149BFF8BB4BBF029F4DBF207A4FBF00
:107390003D4D51BF491853BF31DB54BFE59556BF32
:1073A000534858BF6AF259BF1A945BBF532D5DBF53
:1073B00005BE5EBF214660BF97C561BF5A3C63BF33
:1073C00059AA64BF880F66BFD86B67BF3CBF68BF50
:1073D000A7096ABF0C4B6BBF5E836CBF93B26DBFD6
:1073E0009ED86EBF73F56FBF080971BF521372BF8D
:1073F000471473BFDD0B74BF0BFA74BFC6DE75BFD5
:1074000007BA76BFC58B77BFF85378BF981279BF9C
:107410009DC779BF02737ABFBE147BBFCDAC7BBF63
:10742000283B7CBFC9BF7CBFAC3A7DBFCCAB7DBF26
:1074300023137EBFB0707EBF6DC47EBF580E7FBF6A
:107440006D4E7FBFAB847FBF0FB17FBF97D37FBF30
:1074500043EC7FBF11FB7FBF000080BF11FB7FBFEC
:1074600043EC7FBF97D37FBF0FB17FBFAB847FBF9C
:107470006D4E7FBF580E7FBF6DC47EBFB0707EBFA4
:1074800023137EBFCCAB7DBFAC3A7DBFC9BF7CBFF1
:10749000283B7CBFCDAC7BBFBE147BBF02737ABFE1
:1074A0009DC779BF981279BFF85378BFC58B77BF56
:1074B00007BA76BFC6DE75BF0BFA74BFDD0B74BFAB
:1074C000471473BF521372BF080971BF73F56FBFC2
:1074D0009ED86EBF93B26DBF5E836CBF0C4B6BBF0B
:1074E000A7096ABF3CBF68BFD86B67BF880F66BF7C
:1074F00059AA64BF5A3C63BF97C561BF214660BFAC
:1075000005BE5EBF532D5DBF1A945BBF6AF259BFC3
:10751000534858BFE59556BF31DB54BF491853BF98
:107520003D4D51BF207A4FBF029F4DBFF8BB4BBFAF
:1075300012D149BF65DE47BF03E445BF01E243BF47
:1075400070D841BF67C73FBFF9AE3DBF3B8F3BBF60
:10755000426839BF233A37BFF30435BFC9C832BFC9
:10756000BB8530BFDE3B2EBF4AEB2BBF159429BF36
:10757000563627BF25D224BF996722BFCBF61FBF3F
:10758000D17F1DBFC6021BBFC07F18BFD9F615BF74
:107590002A6813BFCDD310BFDA390EBF6B9A0BBF69
:1075A0009BF508BF824B06BF3D9C03BFE4E700BFCD
:1075B000275DFCBECBE0F6BEEA5AF1BEBBCBEBBE0C
:1075C0007533E6BE4F92E0BE80E8DABE4136D5BEE6
:1075D000CA7BCFBE53B9C9BE15EFC3BE491DBEBEDF
:1075E0002A44B8BEEF63B2BED47CACBE128FA6BE36
:1075F000E59AA0BE86A09ABE32A094BE229A8EBE04
:10760000938E88BEC07D82BECCCF78BE7F9A6CBE82
:10761000135C60BE011554BEC2C547BECF6E3BBEF3
:10762000A2102FBEB5AB22BE834016BE87CF09BEC7
:1076300073B2FABD2FBCE1BD36BDC8BD80B6AFBDCB
:1076400004A996BD752B7BBD2EFB48BD2BC316BD73
:10765000B10AC9BC920E49BC0000008000000000C5
:107660004FBB610567ACDD3F182D4454FB21E93F5A
:107670009BF681D20B73EF3F182D4454FB21F93F49
:10768000E2652F227F2B7A3C075C143326A6813CCF
:10769000BDCBF07A8807703C075C143326A6913C7A
:1076A000C4EB98999999C9BF711623FEC671BCBFE6
:1076B0006D9A74AFF2B0B3BF9AFDDE522DDEADBF4E
:1076C0002F6C6A2C44B4A2BF0D5555555555D53F66
:1076D000FF8300922449C23F6E204CC5CD45B73F81
:1076E000513DD0A0660DB13FEB0D76244B7BA93FF9
:1076F00011DA22E33AAD903F4C5555555555A53F0B
:107700007751C1166CC156BF9015CB19A001FA3E36
:10771000AD529C804F7E92BEC4B1B4BD9EEE213E60
:10772000D43888BEE9FAA8BD0000000000000000BF
:1077300000004054FB21F93F3163621A61B4D03D2F
:107740000000601A61B4D03D7370032E8A19A33B08
:107750000000002E8A19A33BC14920259A837B395A
:1077600000000000000000006E83F9A22915444EBD
:10777000D15727FCC0DD34F5999562DB4190433C3D
:10778000AB6351FE61C5BBDE3A6E24B7E0D24D4219
:10779000EA2E49061C92D1091CEB1DFE3EA729B119
:1077A000F53582E88444BB2E26709CE9417E5FB4A7
:1077B00039D69139F43953838B5F849C3B28F9BDCA
:1077C000FF97F81F0F9805DE8B112FEF1F6D0A5AD8
:1077D000CF7E366DB709CB27663F464F2DEA5F9EB9
:1077E000C7BA27757BF1E5EBF739073DEA92528A74
:1077F000B15FFB6B085D8D1F000000006E83F9A276
:107800002915444ED15727FCC0DD34F5999562DB2C
:107810004190433CAB6351FEA6F810111111813F1A
:10782000D561C119A0012ABF7DFEB157E31DC73E36
:10783000EB9C2B8AE6E55ABE7CD5CF5A3AD9E53D7A
:1078400073746172745461736B00000074696D65C8
:10785000725F7461736B0000636F6E736F6C655F52
:107860007461736B00000000696D755F7461736B08
:10787000000000006465746563745F7461736B007D
:10788000636F6D6D5F7461736B00000067696D629B
:10789000616C5F7461736B0073686F6F745F7461A8
:1078A000736B0000636861737369735F7461736BFA
:1078B0000000000073616D706C65733A20252E32F4
:1078C000662C20252E32662C20252E32662C202573
:1078D0002E32662C252E32662C20252E32662C2048
:1078E000252E32662C20252E32662C20252E32663F
:1078F0002C20252E32662C20252E32662C20252E7B
:10790000640D0A00646174615F73656E6454617331
:107910006B000000766F66615F73656E675461731C
:107920006B0000004479010800000020780400008A
:10793000940A0008847A010878040020C8DB00005B
:1079400008100108C132104201037124F41AAA017F
:107950000118B26422B02A20045AB804012EBA6475
:107960004C41100DE7416B3A58A08B3A7D04017CE5
:10797000160240AB03411009055308065804070FCF
:10798000160810820911160A15800B16650C1801CD
:107990000D5B80BF0802123F6914091E24E9180913
:1079A0001E10013A1EB54901087504091214023768
:1079B00003D2010B42FA438C09321441D202120F56
:1079C00012121219078ED80E9411581B1379D71B57
:1079D00008C1041AD1041AFD04133DD81B08450838
:1079E0001A8904131201140202021640830440573C
:1079F0002602010203010722040309041A03139D4E
:107A0000211B0897041A53041AC104134522420883
:107A1000130A0632021A404B11132DD2140829D032
:107A20004C0877D41C1AFD0C1321CF1B08DF04C1AE
:107A300013A1D11B085D041AE9041A4D041C0902A4
:107A4000438F1125C03209041B01020B13052416B4
:107A5000100105240110090104240202052406175F
:107A60000107058203081C100904C5320A2E070508
:107A7000010240072A8107A48101822DCDCC1C413F
:047A800004410000BD
:040000050800018965
:00000001FF
