:020000040800F2
:1000000048E200205D02000817BC00082B9E000893
:100010008BBA000875250008310A010800000000AD
:100020000000000000000000000000009D0100082A
:10003000D545000800000000F901000845D200087D
:1000400077020008770200087702000877020008AC
:10005000770200087702000877020008770200089C
:1000600077020008C9460008D34600087702000856
:100070005144000877020008770200087702000860
:100080007702000877020008770200088926000836
:10009000952500087702000877020008DD46000871
:1000A000770200087702000877020008770200084C
:1000B000770200087702000877020008770200083C
:1000C000770200087702000877020008770200082C
:1000D000770200080DE100087702000821E100081E
:1000E000770200087702000877020008770200080C
:1000F00077020008770200087702000877020008FC
:1001000077020008770200087702000877020008EB
:10011000770200087702000849D300087702000838
:10012000770200086144000877020008770200089F
:10013000770200087702000877020008E927000824
:10014000D126000877020008770200081DBC0008CD
:1001500071440008814400089144000835E100081A
:10016000770200087702000877020008770200088B
:1001700077020008770200087702000800000000FC
:100180007702000877020008DFF80CD000F08EFC40
:10019000004800471B46010848E200202C4B196824
:1001A0000868B0E8F04F80F30988BFF36F8F4FF015
:1001B000000080F3118870470000000008480068C4
:1001C000006880F308884FF0000080F3148862B65E
:1001D00061B6BFF34F8FBFF36F8F00DF00BF00BF6B
:1001E00008ED00E0DFF80C00016841F470010160E7
:1001F000704700BF88ED00E0EFF30980BFF36F8F19
:10020000134B1A681EF0100F08BF20ED108A20E96A
:10021000F04F106009B44FF0500080F31188BFF325
:100220004F8FBFF36F8F16F063FC4FF0000080F329
:10023000118809BC19680868B0E8F04F1EF0100F6B
:1002400008BFB0EC108A80F30988BFF36F8F704746
:1002500038000020EFF30580704700000648804713
:1002600006480047FEE7FEE7FEE7FEE7FEE7FEE79B
:10027000FEE7FEE7FEE7FEE72DD300088901000850
:100280009FED1A1AF5EE000A40EE010ABDEEE00AF3
:10029000F5EEC00A10EE100AF1EE10FA38BF401E5B
:1002A00000EE100A1349F7EE001AB8EEC00A30EE5D
:1002B000C00ADFED0F0A20EE200AFCEEC00A10EEA5
:1002C000900AC0F3080000EE900A01EB8000F8EEFF
:1002D000600A90ED011A70EE600A90ED000A71EE6E
:1002E000E01A21EE800A00EE810A704783F9223E6F
:1002F0000000004484810108DFED190AB5EEC00A50
:1003000060EE200ABDEEE01A11EE100AF1EE10FACE
:1003100038BF401E00EE100A1349F7EE001AB8EE7F
:10032000C00A30EEC00ADFED0F0A60EE200ABCEE14
:10033000E00A10EE100AC0F3080000EE100A01EB0C
:100340008000B8EE400A90ED011A70EEC00A90ED00
:10035000000A71EEE01A21EE800A00EE810A704771
:1003600083F9223E00000044848101082DE9F05FFA
:100370000546002092469B46884606468146402414
:100380001BE0284641464746224600F072FA534693
:100390005A46C01A914110D311461846224600F021
:1003A00059FA2D1A67EB01084F4622460120002119
:1003B00000F050FA17EB00094E41201EA4F1010491
:1003C000DFDC484631462A464346BDE8F09F40EA16
:1003D00001039B0703D009E008C9121F08C0042AC3
:1003E000FAD203E011F8013B00F8013B521EF9D2AA
:1003F0007047D2B201E000F8012B491EFBD27047D2
:100400000022F6E710B513460A4604461946FFF7E0
:10041000F0FF204610BD421C10F8011B0029FBD143
:10042000801A7047034611F8012B00F8012B002AAF
:10043000F9D1184670472DE9FE4F804681EA030046
:10044000C00F0C46009021F0004123F00045B8EBAE
:100450000200A94105D24046214690461C460B4663
:10046000024623F00040104347D0270DC7F30A008F
:10047000C3F30A510290401A019040286BDAC3F38B
:10048000130040F4801B0098924620B10023D2EB69
:10049000030A63EB0B0B01985946C0F1400250462A
:1004A00000F0D8F906460D4650465946019A00F02C
:1004B000F0F910EB08006141002487EA115284EA48
:1004C000E7731A4340D0009A62B3019A012A4FEAB7
:1004D000075215DC001B61EB02014FF0004202EAFB
:1004E0000752CDE90042001C41F5801132462B46EF
:1004F00000F076FA03B0BDE8F08F40462146F9E7F8
:10050000001B61EB0201001C41F5801300185B41E8
:100510002018A2F5001747EB030140EAD570B61981
:100520006D4111E06D084FEA360645EAC0754FEAA5
:100530000752001B61EB0201001C41F580114908C4
:100540004FEA30000019514132462B4603B0BDE856
:10055000F04F00F036BA0098012240000023D0EBA3
:10056000020263EBE073009821464FEAE074B8EBB7
:10057000000061EB0401E9E783F000435BE781F0F1
:10058000004158E72DE9FE4F81EA030404F00044DE
:1005900021F0004100944FF0000B23F0004350EA9B
:1005A00001045ED052EA03045BD0C3F30A54C1F3E2
:1005B0000A552C44A4F2F3340194A0FB0254C1F375
:1005C000130141F48011C3F3130343F4801301FBBF
:1005D000024400FB034E840A970A44EA815447EA26
:1005E0008357A4FB076802958D0A05FB07854FEA30
:1005F000932C04FB0C542705029D4FEA065847EA4A
:100600001637B5EB08056EEB070C870E920E47EA1E
:10061000811742EA8312A7FB0201B6EB0B0164EBE0
:1006200000042B0D43EA0C335E1844EB1C50DA46F1
:100630005146E7FB0201C5F313044FEA0B3343EACB
:1006400014534FEA0432019C43EA0603A4F10C045C
:100650000294009CCDE900B400F0C2F903B0BDE8FB
:10066000F08F00200146F9E72DE9F04D81EA0304FF
:1006700004F0004B21F0004514464FF0000A23F02F
:10068000004150EA050220D054EA01021DD0C5F312
:100690000A570246C5F31303C1F31300C1F30A5608
:1006A00040F4801543F48013A7EB0608101BD646D0
:1006B00008F2FD3873EB050002D308F1010801E0F0
:1006C00092185B41B8F1000F03DA00200146BDE843
:1006D000F08D00204FF48011064684460EE0171B73
:1006E00073EB050705D3121B63EB050306434CEAC6
:1006F000010C49084FEA300092185B4150EA0107AB
:10070000EDD152EA030012D082EA040083EA050127
:10071000084305D0101BAB4106D20122002306E09E
:1007200000224FF0004302E06FF0010253101AEB79
:1007300006004CEB085110EB0A0041EB0B01BDE841
:10074000F04D00F03EB90EB5C10F80EAE0700844EC
:10075000CA07002140F233438DE80E000A460B46DB
:1007600000F03EF903B000BD00F0004230F0004060
:100770000AD0C10D01F56071C0F3160042EA0151C3
:10078000C20840071143704700200146704700002F
:1007900030B5041E71F1000404DB4FF00044404208
:1007A00064EB0101141E73F1000405DB1C464FF0DD
:1007B0000043524263EB04038B4208BF824230BDC8
:1007C00030B5041E71F1000404DB4FF000444042D8
:1007D00064EB0101141E73F1000405DB1C464FF0AD
:1007E0000043524263EB0403994208BF904230BD7C
:1007F00001F0004330B421F0004150EA010206D07C
:100800000A0DA2F56072C1F31301002A02DC30BCAC
:1008100000207047440F44EAC104C100E01830BC16
:1008200000EBC25000F096B830B50B4601460020F0
:100830002022012409E021FA02F59D4205D303FAA2
:1008400002F5491B04FA02F52844151EA2F1010223
:10085000F1DC30BD202A04DB203A00FA02F100204E
:1008600070479140C2F1200320FA03F319439040EE
:100870007047202A04DB203A21FA02F00021704759
:1008800021FA02F3D040C2F12002914008431946F8
:100890007047202A06DBCB17203A41FA02F043EAE0
:1008A000E07306E041FA02F3D040C2F12002914029
:1008B00008431946704700000FB4002300B589B003
:1008C0000CA900910B996FF00042CB601E4B069370
:1008D0001E4B07930423CDE901321D4A08920246BC
:1008E0006B46002000F07AF909B05DF814FB70B592
:1008F00086B006464FF0FF300091CDE9010100209F
:1009000015460C4604903246694604A8FFF7D4FF0A
:1009100002460498211825B108B1084600E0204697
:100920002860049800280DD0002A02DD0098884233
:1009300008D0081B0094CDE901043246694604A89A
:10094000FFF7BAFF06B070BD150E0008330E0008A1
:10095000D10A00080029A8BF7047401C490008BF01
:1009600020F00100704710B4B0FA80FC00FA0CF0DF
:1009700050EA010404BF10BC704749B1CCF1200417
:1009800021FA04F411FA0CF118BF012121430843A4
:10099000A3EB0C01CB1D4FEA00614FEA102042BFD0
:1009A000002010BC704700EBC35010440029A4BFC6
:1009B00010BC7047401C490008BF20F0010010BC6B
:1009C000704710B5141E73F1000408DA401C41F1A1
:1009D000000192185B411A4301D120F0010010BDC3
:1009E0002DE9F04D92469B4611B1B1FA81F202E039
:1009F000B0FA80F220329046FFF72CFF04460F46F3
:100A000040EA0A0041EA0B0153465A46084313D014
:100A1000114653EA010019D0C8F140025046FFF7D1
:100A200028FF05460E46504659464246FFF712FF3C
:100A3000084305D0012004E020463946BDE8F08D8A
:100A40000020054346EAE0762C4337430A986305C5
:100A5000E40AA0EB08000022FD0A44EA47540A30E9
:100A600002D500200146E9E7010510196941DDE9D9
:100A7000084500196941BDE8F04DA2E7C1F30A52EB
:100A8000C1F3130140F2FF3341F480119A4202DABC
:100A900000200146704740F233439A42A2F23342AB
:100AA00002DC5242FFF7E5BEFFF7D4BE064C074D0D
:100AB00006E0E06840F0010394E80700984710342E
:100AC000AC42F6D3FFF764FB9C8C0108BC8C010898
:100AD000C0B24FF4F05100F0E9B900002DE9FF4F2A
:100AE000087881B09946FF2805D0491C2D2804D0EC
:100AF0000024002308E000230BE00124F9E703EBC6
:100B0000830300EB4303491C0878FF28F7D104B1A5
:100B10005B4200200090147801462D2C01D02B2C34
:100B200004D1521C2D2C12D00024009400251678DC
:100B3000FF2E0ED00A24A0FB04C801FB048100276D
:100B400000FB0711521C16EB0C006941EFE7012472
:100B5000EBE7994450EA01020ED00024AA4D264644
:100B6000DFF8A88200F0B6F982468B46B9F10000A2
:100B700009DAC9F100071BE001980021C0E9001162
:100B800005B0BDE8F08F074612E0F80707D022460F
:100B90002B4630464146FFF7F5FC0646884622467E
:100BA0002B4610461946FFF7EDFC04460D467F1014
:100BB000002FEAD1B9F1000F32464346504659465C
:100BC00002DAFFF751FD01E0FFF7DCFC009A0AB101
:100BD00081F00041019AC2E90001D1E72DE9FF4F00
:100BE0001F468DB0D7E901464FF0FF382E2045460D
:100BF0004FF000090B90B9696D1C0E988847396A4F
:100C0000824688470028F6D1BAF1FF3F0AD024F483
:100C1000D064002E11DDBAF12B0F08D0BAF12D0FE0
:100C20000BD102E0404611B0ABE744F48064B969EF
:100C30006D1C0E9888478246761E6946600501D570
:100C40002D2000E02B208DF8000001F1010B0DF1AB
:100C5000200809E0B9696D1C0E98884782460F98F4
:100C600044F40074761E0560002E02DDBAF1300FE8
:100C7000F0D00B998A453ED144F0800406E00F99EC
:100C8000681CA9F1010944F400740860B9696D1C7D
:100C9000761E0E98884782463028F0D02BE00B99BC
:100CA0008A4505D1200603D444F08004761E18E05E
:100CB000504611F0ABFB08B30DF11301761E44F45E
:100CC00000748B4508D2AAF130000BF8010B200606
:100CD00007D5A9F1010003E0200602D409F10100C3
:100CE0008146A00502D50F99681C0860B9696D1C82
:100CF0000E9888478246002ED1DC53E0002E51DD4D
:100D0000BAF1650F02D0BAF1450F4BD1A00549D514
:100D1000B9696D1C24F44074761E0E98884782468B
:100D2000002E0CDD2B2804D0BAF12D0F07D144F48E
:100D30008074B9696D1C0E9888478246761EE0055E
:100D400001D52D2100E02B2108F8011BCDF82C80C6
:100D500021E00DF12901761E44F4007488450CD27F
:100D6000AAF1300010F0FF0088F8000002D10B99C2
:100D7000884509D908F1010806E0E00501D52448B5
:100D800001E042F20F708146B9696D1C0E988847E8
:100D900082460F980560002E04DD504611F036FBA8
:100DA0000028D6D1F9690E988847FF208BF80000FB
:100DB00088F800000020069007904B466A4608A974
:100DC00006A8FFF78BFEA00502D46FF001002AE70A
:100DD00014F0240F0AD0E00714D1DDE906123868B8
:100DE000031D3B600068C0E900120BE0DDE906016D
:100DF000FFF7FEFC0146E00704D13868021D3A60A7
:100E00000068016028460EE7000024400000F03F23
:100E1000F1D8FFFF426842B1016811F8013B23B1EC
:100E2000521EC0E90012184670470121C160881E99
:100E3000704742685AB1C368016843B983688B42FE
:100E400005D0491E521CC0E90012002070474FF027
:100E5000FF3070470EB540F2334102910021CDE9D9
:100E600000110A460B46FFF7BBFD03B000BD70B58D
:100E7000C1F30A5201F000450024C1F3130140F20E
:100E8000FF3341F480119A4201DA002070BD40F234
:100E900033439A42A2F2334203DC5242FFF7E9FCA9
:100EA00000E090402C43F1D0404270BD7F2801D932
:100EB000002208E0064A02EB5002C007127800D177
:100EC000120902F00F020120904008407047000014
:100ED000688B01080EB540F2334202920022CDE940
:100EE00000221346FFF77CFD03B000BD70B58C18DF
:100EF00010F8015B15F0070301D110F8013B2A112E
:100F000006D110F8012B03E010F8016B01F8016B1A
:100F10005B1EF9D12B0705D40023521E0DD401F816
:100F2000013BFAE710F8013BCB1A921C03E013F8DF
:100F3000015B01F8015B521EF9D5A142D8D3002014
:100F400070BD10B52DED028BB0EE408AB0EE480AB0
:100F50000FF000FEBDEC028B10BD10B52DED028B25
:100F6000B0EE408AF0EE608AF0EE680AB0EE480A11
:100F700010F0EAF8BDEC028B10BD10B52DED028B20
:100F8000B0EE408AB0EE480AFFF77AF9BDEC028B6A
:100F900010BDF0EE400AF5EEC00AF1EE10FA02DDE7
:100FA000B0EE600A7047B1EE600AFBE718B19FED42
:100FB000020A80ED000A70470000000018B19FEDA2
:100FC000020A80ED000A704700001E4270B52DED48
:100FD0000C8B84B006460C4615469FED990AF0EE40
:100FE000408A9FED970AB0EE409A9FED950AF0EE89
:100FF00040BA9FED930AF0EE409A9FED910AB0EE51
:1010000040AA0EB104B11DB904B0BDEC0C8B70BD8B
:101010008C48FFF7CBFF8C48FFF7D0FF8A48D0ED14
:10102000000A9FED8A1A60EE810AB0EE600A00F0B5
:101030002DF9F0EE408A28EEA80AF0EE408A8248A8
:10104000D0ED000AB0EE001A60EE810A9FED7F1A23
:1010500060EE810AB0EE600A00F018F9B0EE409A36
:1010600029EE090AB0EE409ADFED790AB7EE000AE0
:1010700000EEA80ADFED770A00EEC90ADFED760A76
:1010800020EE200A754880ED000A6E4890ED000AB7
:10109000DFED730A80EE201AB7EE000A31EE000A87
:1010A00020EE000A6D48D0ED000A80EE801A6D48EF
:1010B00080ED001A94ED000AB5EEC00AF1EE10FAC8
:1010C0000DD194ED010AB5EEC00AF1EE10FA06D189
:1010D00094ED020AB5EEC00AF1EE10FA46D09FED8B
:1010E000580AB0EE408A0020019002900390D4ED9F
:1010F000000A60EEA00A94ED011AD4ED011A41EE47
:10110000210A94ED021AD4ED021A41EE210AB0EE42
:10111000600A00F0A9F8B0EE408A94ED000A20EED3
:10112000080A8DED010A94ED010A20EE080A8DED02
:10113000020A94ED020A20EE080A8DED030ADDEDA5
:10114000010AF1EE600AB0EE600AFFF7FAFEF0EE77
:10115000409A9DED031AF0EE410A9DED021AB0EEA1
:10116000410AFFF7FAFEB0EE40AA07E09FED340A0D
:10117000F0EE409A9FED320AB0EE40AA95ED000ADB
:10118000B5EEC00AF1EE10FA0DD195ED010AB5EEFB
:10119000C00AF1EE10FA06D195ED020AB5EEC00ACA
:1011A000F1EE10FA3CD0B0EE690A00F06FF8B0EE44
:1011B000408AB0EE690AFFF7E0FEB0EE40DAB0EE2A
:1011C0004A0A00F063F8F0EE40AAB0EE4A0AFFF7D0
:1011D000D4FEB0EE40BA28EE2A0AD5ED010A20EE80
:1011E000200AD5ED000A0DEE200A68EE0B0A95EDF7
:1011F000021A00EE810AB0EE40CA95ED010A20EE17
:101200000B0AD5ED020A0AEEE00AF0EE40CAF0EE53
:101210006C0AB0EE4C0AFFF7A0FEF0EE40BA03E015
:101220009FED070AF0EE40BAB0EE4A1AF0EE690AF6
:10123000B0EE6B0A304611F08DFE00BFE4E6000010
:1012400000000000AC040020B004002035FA8E3C01
:10125000C1BFAD3B9DF8C5362F7C1C41B4040020B6
:10126000506CC24AB804002010B52DED028BB0EED0
:10127000408AB0EE480A10F0EFFAB7EE001AC1EE5D
:10128000000AB0EE600ABDEC028B10BD10B52DED6A
:10129000028BB0EE408AB0EE480AFFF72DF8BDECA5
:1012A000028B10BD2DE9F0412DED028B9AB0054661
:1012B000B0EE408A0E4617469846002017901890C8
:1012C00019901490159016904DB146B13FB1B8F1F8
:1012D000000F04D0B5EEC08AF1EE10FA05D100205F
:1012E0001AB0BDEC028BBDE8F08196ED000A8DEDE1
:1012F000170A96ED010A8DED180A96ED020A8DED9A
:10130000190A97ED000A8DED140A97ED010A8DED8B
:10131000150A97ED020A8DED160A17AA14A9284698
:1013200011F06AFC402104A8FFF76AF80020009041
:10133000019002900390002417A904A815F03AF830
:1013400000BF30E004A800EB041090ED000AD5EDDA
:10135000000A20EE200A04A800EB0410D0ED010AD8
:1013600095ED011A00EE810A04A800EB0410D0EDFF
:10137000020A95ED021A00EE810A04A800EB04109F
:10138000D0ED030A95ED031A00EE810A20EE080A5B
:10139000F0EE000A80EE201A684600EB840080ED33
:1013A000001A601CC4B2042CCCDB002410E005EB56
:1013B000840090ED000A684600EB8400D0ED000A3E
:1013C00030EE200A05EB840080ED000A601CC4B2F8
:1013D000042CECDB284614F085FB012080E700009C
:1013E000F0EE401A9FED310AB0EE401A9FED2F0A41
:1013F000B0EE402A9FED2D0AF0EE402A00BFBDEE70
:10140000E10AB8EEC00A31EEC00AF0EE402ABDEEA5
:10141000E10A10EE100A4FF4B47190FBF1F201FBF7
:10142000120000EE100AB8EEC00A30EE220AF0EE0A
:10143000402A00BF00BFBDEEE00AB8EEC00A30EEA1
:10144000C00AB0EE402ABDEEE00A10EE100A90FB92
:10145000F1F201FB120000EE100AB8EEC00A30EE05
:10146000020AB0EE402A00BF32EEC20AB0EE401AC5
:101470009FED0F0AB4EEC01AF1EE10FA06DD9FEDF3
:101480000D0A31EE400AB0EE401A0CE09FED0A0A58
:10149000B4EEC01AF1EE10FA05D29FED060A31EE55
:1014A000000AB0EE401A30EE810A704700000000DA
:1014B000000034430000B443000034C310B500F012
:1014C000E5FD1D4800F0BEFD18B102201B49087063
:1014D00002E001201949087018480078022803D159
:1014E0004FF47A7005F0F8F80BF0A4FD0BF08CFDCA
:1014F00001F0BAFA09F062F902F046FF02F0ACFD21
:1015000003F0CEF80D48007802280CD103F06AFAF7
:1015100003F0D2FE0BF094FA15F0AEFC12F048FA8C
:1015200013F038F907E005480078012803D101F0ED
:1015300057FC01F0BBFF10BD2C7F00206002002093
:1015400005205349487108460068407A012802D1B5
:101550000320887110E04E480068407A032803D1C8
:1015600002204B49887107E049480068407A022808
:1015700002D104204649887145480068B0F902004C
:1015800000EE100AB8EEC00ADFED420A80EE201A23
:101590009FED410A21EE000A3D4880ED020A0068F5
:1015A000B0F9000000EE100AB8EEC00ADFED390A0B
:1015B00080EE201A9FED380A21EE000A344880EDB3
:1015C000030A0068B0F9060000EE100AB8EEC00A7F
:1015D000DFED320A20EE200A2D4880ED070A006870
:1015E000B0F90400404200EE100AB8EEC00ADFED88
:1015F0002C0A20EE200A264880ED080A40790528AA
:1016000044D101202249C8710846C079022806D178
:10161000244880780D2839D10120C87136E01C4853
:10162000C079012832D11F4880780D2803D10220CB
:101630001749C8712AE01B4880780E2804D01A4840
:1016400090F80D04012804D10120114981F83000DF
:101650001CE014480078022812D114480068401C8D
:101660001249086008460068322804D90120084958
:1016700081F830000AE00020054981F8300005E0DB
:101680000020034981F830000849086070470000D5
:10169000809200200000254400007A456F12833AB2
:1016A0006F12033BFF0100203C9600203402002013
:1016B00005205249487108460068407A012802D145
:1016C0000320887110E04D480068407A032803D158
:1016D00002204A49887107E048480068407A022899
:1016E00002D104204549887144480068B0F90200DD
:1016F00000EE100AB8EEC00ADFED410A80EE201AB3
:101700009FED400A21EE000A3C4880ED020A006885
:10171000B0F9000000EE100AB8EEC00A9FED381ACA
:10172000C0EE010A9FED370A20EE800A334880EDB3
:10173000030A0068B0F9060000EE100AB8EEC00A0D
:10174000DFED310A20EE200A2C4880ED070A006800
:10175000B0F90400404200EE100AB8EEC00ADFED16
:101760002B0A20EE200A254880ED080A407905283A
:1017700042D12248C079022807D1254880780D2817
:101780003AD101201D49C87136E01C48C0790128B2
:1017900032D11F4880780D2803D102201749C87123
:1017A0002AE01B4880780E2804D01A4890F80D04CF
:1017B000012804D10120114981F830001CE01448AF
:1017C0000078022812D114480068401C12490860B1
:1017D00008460068322804D90120084981F8300001
:1017E0000AE00020054981F8300005E000200349A7
:1017F00081F830000849086070470000809200209E
:101800000000254400007A456F12833A6F12033BB3
:10181000FF0100203C9600203802002010B5012274
:101820001021024805F05AF910BD000000000240E6
:1018300010B500221021024805F050F910BD00003B
:10184000000002407047000010B501221146024816
:1018500005F044F910BD00000004024010B500225C
:101860000121024805F03AF910BD000000040240D1
:10187000704710B50446204612F0A6FF10BD10B503
:101880000446204600F024FA10BD10B50024FFF7EE
:10189000D9FFFFF7EDFF11F0DFFC10B144F0800439
:1018A00002E011F03FFC044311F0CEFE10B144F011
:1018B000400402E011F04EFE0443204610BD00003B
:1018C0002DE9FC4105460E46174600200090019088
:1018D000FFF7AEFF922000F0D1F8062269461220F1
:1018E00000F0ACF8FFF79AFF9DF80100000200B28B
:1018F0009DF8001040EA010400EE104AB8EEC00A5C
:101900004C48D0ED000A20EE200A86ED000A9DF832
:101910000300000200B29DF8021040EA010400EE4C
:10192000104AB8EEC00A4348D0ED000A20EE200A63
:1019300086ED010A9DF80500000200B29DF8041032
:1019400040EA010400EE104AB8EEC00A3948D0ED72
:10195000000A20EE200A86ED020AFFF77FFF082228
:101960006946002000F06AF8FFF76EFF9DF800005E
:101970000F2838D19DF80300000200B29DF8021034
:1019800040EA010400EE104AB8EEC00A2A48D0ED41
:10199000000A20EE200A85ED000A9DF805000002ED
:1019A00000B29DF8041040EA010400EE104AB8EEBF
:1019B000C00A2148D0ED000A20EE200A85ED010A78
:1019C0009DF80700000200B29DF8061040EA0104ED
:1019D00000EE104AB8EEC00A1748D0ED000A20EE1B
:1019E000200A85ED020AFFF723FFA22000F046F847
:1019F00002226946222000F021F8FFF70FFF9DF830
:101A00000000C0009DF8011040EA6114B4F5806F39
:101A100002DBA4F5006004B200EE104AF8EEC00A42
:101A2000B4EE001AB3EE070A00EE810A87ED000A51
:101A3000BDE8FC81300100203401002070B506466D
:101A40000C46154646F0800000F018F806E05520D8
:101A500000F014F82070641C681EC5B2002DF6D189
:101A600070BD70B504460D4644F0800000F006F8E5
:101A7000552000F003F8287070BD000001B582B059
:101A80004FF47A70012301AA02A90090024807F0DE
:101A90000FF89DF804000EBD0C0C002070B5054633
:101AA0000C462846FFF7EAFF2046FFF7E7FF70BD28
:101AB00030B58BB005460C460694002007900120F7
:101AC000089000200190029003900490059001205E
:101AD00009900E200A9001A9284603F0B3FE08B130
:101AE00002F001FE0BB030BD70B504460D460F4943
:101AF0002068884204D100212046FFF7D9FF07E083
:101B00000B492068884203D10E212046FFF7D0FF01
:101B1000204604F018FB08B102F0E5FD29462046F6
:101B200003F0D6FD08B102F0DEFD70BD0064004098
:101B3000006800402DE9F04104460E4617469846DD
:101B400014B90120BDE8F0812660002084F824004B
:101B50002762C4F828804FF4807310223946201D74
:101B600012F02AF900250EE0094850F8250040B986
:101B700003213046FFF7B8FF054840F82540002014
:101B8000E0E7681CC5B2022DEEDB0120DAE70000B9
:101B9000B400002002460AB90120704709B90120AB
:101BA000FBE791620020F8E72DE9FF5F04468946D4
:101BB00092461D464FF0010B5746CDF80090002687
:101BC00000BF00BFEFF31080804600BF72B600BFB9
:101BD00025E0201D12F005F918B1002084F824003A
:101BE0001FE0A81B082803DB08208DF8040003E091
:101BF000A81BC0B28DF804003868CDF805007968DC
:101C0000CDF809109DF8040007449DF80400304405
:101C100086B26946201D12F0EBF84FF0000BAE4281
:101C2000D7DB00BF00BF00BF88F3108800BF00BF34
:101C300000BF94F8240030B9201D12F0CBF810B981
:101C4000204600F0D9FD584604B0BDE8F09F0000E2
:101C5000074800680749B0FBF1F0074908700448DD
:101C600000684FF47A71B0FBF1F0044908607047E6
:101C70003400002040420F00BC000020C0000020C3
:101C800070B50346002400210020002200254FF0FB
:101C9000E02675690D4E366803FB06F44FF0E0262A
:101CA000B16910E04FF0E026B06988420BD088425D
:101CB00002D20E1A324402E02E1A0E443244014679
:101CC000A24200D300E0EDE700BF70BDC0000020DD
:101CD00070B50346002400210020002200254FF0AB
:101CE000E02675690D4E367803FB06F44FF0E026CA
:101CF000B16910E04FF0E026B06988420BD088420D
:101D000002D20E1A324402E02E1A0E443244014628
:101D1000A24200D300E0EDE700BF70BDBC00002090
:101D200030B587B005460C46284600F011F80490FF
:101D30000020029002200690059404F089FD01A97C
:101D400002A804F0DDFC04F031FD07B030BD000056
:101D500001460020304A914203D2B1F1006F00D316
:101D600058E02E4A914204D22B4A914201D30120DD
:101D700050E02B4A914204D2284A914201D30220DA
:101D800048E0284A914204D2254A914201D30320D7
:101D900040E0254A914204D2224A914201D30420D4
:101DA00038E0224A914204D21F4A914201D30520D1
:101DB00030E01F4A914204D21C4A914201D30620CE
:101DC00028E01C4A914204D2194A914201D30720CB
:101DD00020E0194A914204D2164A914201D30820C8
:101DE00018E0164A914204D2134A914201D30920C5
:101DF00010E0134A914204D2104A914201D30A20C2
:101E000008E0B1F1016F04D20D4A914201D30B20D9
:101E100000E00B2070470000004000080080000830
:101E200000C00008000001080000020800000408CB
:101E3000000006080000080800000A0800000C085E
:101E400000000E08014600202D4A914204D2B1F153
:101E5000006F01D3104651E02A4A914204D2284A29
:101E6000914201D3274849E0274A914204D2254AAA
:101E7000914201D3244841E0244A914204D2224AAB
:101E8000914201D3214839E0214A914204D21F4AAC
:101E9000914201D31E4831E01E4A914204D21C4AAD
:101EA000914201D31B4829E01B4A914204D2194AAE
:101EB000914201D3184821E0184A914204D2164AAF
:101EC000914201D3154819E0154A914204D2134AB0
:101ED000914201D3124811E0124A914204D2104AB1
:101EE000914201D30F4809E00F4A914204D20D4AB2
:101EF000914201D30C4801E04FF0016070470000AF
:101F0000004000080080000800C000080000010830
:101F1000000002080000040800000608000008088D
:101F200000000A0800000C0800000E0870B5044606
:101F30000D461646B20021462846FEF748FA70BD07
:101F40002DE9F04104460D46164604F081FC1E487A
:101F500004602046FFF776FF1C4908601C480560B6
:101F600000201C49086023E01948006807683A46C9
:101F7000002315480168022004F022FC98B9124899
:101F80000068001D1049086011480068001D1049D4
:101F9000086010480068401C0E4908600846006848
:101FA000B04205D10AE004F001FC0120BDE8F08157
:101FB00005480068054909688842D5D900BF04F082
:101FC000F5FB0020F2E70000C4000020C80000205C
:101FD000CC000020D000002010B504460CB9012030
:101FE00010BD2260636021720020F9E730B504461D
:101FF0000D460CB9012030BD2560626005202072BD
:10200000E36000210AE0074850F8210020B90548A4
:1020100040F821400020EEE7481CC1B20A29F2DB5B
:102020000120E8E7E44E002070B504460D46164650
:102030002560666004202072D4E9000107F054FA9C
:10204000002070BD10B50446A28891B2206804F04B
:102050003DFD10BD42681AB902681268516310E074
:102060004268042A03D102681268916309E0426859
:10207000082A03D102681268D16302E0026812687C
:102080001164704710B504F02FFD10BD08B5FFF7BF
:10209000DFFD4FF48053344A03213448FFF79CFF9F
:1020A000334B012233493448FFF7A0FF082233495C
:1020B0003348FFF7B9FF042230493248FFF7B4FF35
:1020C00000222E493048FFF7AFFF00222F49304849
:1020D000FFF7AAFF08222F492F48FFF7A5FF082284
:1020E0002E492F48FFF7A0FF2E492F4800F0DEF8B9
:1020F0004FF480602D4B42102D4900902A4800F08B
:1021000026F900234FF400722A49274800F0ECF822
:1021100029492A4800F0CAF84FF48060284B421041
:1021200028490090254800F012F900234FF400726E
:102130002549224800F0D8F82449254800F0B6F88F
:1021400000231E222349224800F0CEF80023224A11
:1021500022492348FFF7EEFC0023224A2249234864
:10216000FFF7E8FC08BD0000000402402C7F0020BF
:10217000D1450108000002409C7F00203C0D00205A
:102180003C7F00204C7F00205C7F0020840D0020DD
:102190006C7F0020F40C00207C7F0020AC0C002021
:1021A0008C7F00205C0E0020AC7F00200C510020B2
:1021B0000C4F00200C550020CC0D0020E87F0020A3
:1021C0000C5900200C5700200C5D0020140E00203C
:1021D000248000200C5F00202A5F0020680B002074
:1021E000608000202A6F0020900B00208C8000204F
:1021F000F8B5044600262068006800F0100010289A
:1022000046D12068C06800F01000002840D0E06B84
:102210000068006820F00100E16B09680860002593
:102220002CE0214850F825000068006821688842A9
:1022300022D11D4850F82500C088E16B0968496823
:10224000401A86B2184850F82500C06848B11649AF
:1022500051F825108868144951F82510CA6831468C
:102260009047114850F82500C2880F4850F82500C3
:102270008168204607F036FD681CC5B2032DD0DB0F
:10228000E06B0068006840F00100E16B09680860DD
:1022900000BF00200090206800680090206840681F
:1022A000009000BF00BFF8BDB880002070B50446A4
:1022B0000D460CB9012070BD3C212046FEF7A0F868
:1022C000256000210AE0074850F8210020B90548A0
:1022D00040F821400020EEE7481CC1B20329F2DBA0
:1022E0000120E8E7B8800020F8B504460D46164600
:1022F0001F460CB90120F8BD01202071A560E680C1
:10230000E76000BF0020009020680068006800902F
:10231000206800684068009000BF00BF2068006827
:10232000C06840F0100021680968C860E288A168B0
:10233000206807F0D7FC0020DDE702460AB901203B
:10234000704709B90120FBE7D1600020F8E72DE9CB
:10235000F04104460E4617461D46DDF8188014B9B4
:102360000120BDE8F0810120207466612783656348
:10237000A4F83880002084F83A004246294604F147
:102380001C0011F0CDFD0020EBE72DE9F0470446DD
:102390008846174614B90120BDE8F087207C08B9AB
:1023A0000120F9E794F83A0090B9208BB84202DD99
:1023B0003D46002614E0208B218F0844B84204DDFE
:1023C000258B208B381A86B20AE0258B268F07E0F2
:1023D000208FB84202DD00253E4601E00025268F11
:1023E000002D0CDD2A4641466069FDF7F0FF012013
:1023F00084F83A002A466169206807F0A9FC002E9B
:102400000DDD08EB0501324604F11C0011F093FDCF
:1024100000F0FF09B14501D00120BDE700BF002059
:10242000BAE7000010B5FFF72DFE04464FF47A70AE
:10243000B4FBF0F0032800D210BD1C480068201A3D
:1024400040F6C411884208D9194800781949087023
:10245000164804601848046025E01648007810B358
:1024600015480068201A15490988884205D2962126
:102470004FF4FA7000F080F815E00F480068201A59
:102480000E4909880E4A12881144884204D200215C
:10249000084600F071F806E006480078401E05493D
:1024A00008700548046000BFC6E700002401002052
:1024B0001C0100202C010020280100201E0100200A
:1024C00020010020024A1080024A1180704700005B
:1024D0001E01002020010020014908707047000003
:1024E0001C01002070B52DED068B0446B0EE408A2D
:1024F00002F062FA0546606828B965602560002030
:10250000BDEC068B70BD6068281A2169884202D92B
:10251000A5600120F4E718EE100AFEF725F941EC5A
:102520001A0BB0EE4A0AF0EE6A0A0FF05DF8B0EE50
:10253000409AF0EE609A9FED0A0B53EC102B51EC91
:10254000190BFEF725F907D22068281AE16888429E
:1025500003D9A5600120D3E725600020D0E7000063
:102560000000000000004940002343608360C16018
:102570000261704700BFFEE770B504460D4604488F
:1025800000680068C46229460148FFF763FD70BD1A
:102590007C7F002010B5024803F0CFFA10BD000088
:1025A000680B002070B505460E461446281E09D05B
:1025B000A0F2052000B3A0F2FB2038B3B0F5007FF5
:1025C00036D12CE031461C4811F0EEFA062009F015
:1025D0004BFB194890ED080A184880ED7E0A164812
:1025E00090ED090A154880ED7F0A134890ED0A0A1C
:1025F000124880ED800A1CE01049D1F808023146EB
:1026000009F045FA052009F02FFB12E0A2B231468D
:102610000B4801F0C4FC0F2009F026FB09E0A2B230
:102620003146084801F0BBFC0E2009F01DFB00E01C
:1026300000BF00BF70BD0000D08500203C96002088
:10264000089F0020B4A3002070B504460E4615462E
:10265000B4F5C06F05D1AAB23146034801F09FFC22
:1026600000E000BF00BF70BDF8B4002070B50446A4
:102670000D462B4622464FF4E0610248FFF794FADC
:1026800070BD00006080002010B5024803F055FACC
:1026900010BD0000680B002070B504460D462B46A7
:1026A00022464FF4C0610248FFF77EFA70BD000079
:1026B0006080002070B504460D462B4622464FF43C
:1026C000A0610248FFF770FA70BD00006080002032
:1026D00010B5024803F031FA10BD0000900B002045
:1026E0002DE9F04104460D461746A4F201200828C2
:1026F00041D2DFE800F0040E182240402C3602F0F0
:1027000047F90646294609F0C2F9082009F0ACFA53
:1027100032E002F041F90646294609F0B8F90920ED
:1027200009F0A2FA28E002F03BF90646294609F032
:10273000AEF90A2009F098FA1EE002F035F90646D3
:10274000294609F0A4F90B2009F08EFA14E00BF0E9
:1027500055F90646294609F09AF90C2009F084FA41
:102760000AE00BF04FF90646294609F090F90C20D3
:1027700009F07AFA00E000BF00BFBDE8F081000078
:102780002DE9F04104460D46164640F20321601A39
:102790008C420DD005DCA4F2012038B101281DD1F6
:1027A00005E0012805D00E2818D112E000BF00BFB7
:1027B00000BF601EC7B2C7EBC7020A4901EB021196
:1027C0000868294609F063F9791CC8B209F04CFA87
:1027D00005E0F1B228460AF06BFC00E000BF00BF44
:1027E000BDE8F081DCAD002010B5024803F0A5F98A
:1027F00010BD0000900B002030B58BB004460CB922
:102800000BB030BD00BF00BFEFF31080054600BF26
:1028100072B600BF201D11F0DDFA00BB15E007A95C
:10282000201D11F0AAFA079801900020039004904F
:102830009DF820000590012084F824006B460DF1DE
:10284000210201A9206802F058FF206803F05AF91C
:1028500040B1201D11F0BEFA0028E0D002E00020B7
:1028600084F8240000BF00BF85F3108800BF00BFBC
:1028700000BF00BFC4E70346042B15D007DC7BB1C3
:10288000012B0ED0022B0DD0032B12D10BE0202BED
:102890000BD0212B0AD0222B09D0232B09D107E002
:1028A00008E007E006E005E004E003E002E001E004
:1028B00000E000BF00BF002070470020704700000C
:1028C00010B50022044905480BF0D7FE044903481F
:1028D0000BF0C4FE002010BD44CF002068C20020D1
:1028E00044C7002070B505460C460F4800682168B3
:1028F00008440D490860084600683C280AD208468A
:1029000000680A4A81180A480BF0A8FE08480BF034
:1029100071FE06E001200449087100200968034A9D
:102920005054002070BD00000004002044C7002067
:1029300068C200202DE9F04104460D460948D0F850
:10294000BC62D6F8140210B10120BDE8F0812A461D
:10295000214604480BF091FE02480BF041FF074668
:102960003846F2E768C2002010B503460C46002145
:10297000084610BD70B504460D46204614F034F9E3
:1029800070BD000070B504460D462A462146034836
:1029900001F005FB0E2009F067F970BD50BC002066
:1029A00070B500EB40040C4D05EB8404647862F3D1
:1029B000060400EB4005084E06EB85056C7000EB45
:1029C0004004354605EB8404616000EB400405EBF0
:1029D0008404A36070BD00009894002000BF2049CB
:1029E000086800F0FFF8002432E004EB44001D49C1
:1029F00001EB80004078C00940B304EB440001EBD8
:102A00008000806810B304EB4401164B03EB810196
:102A1000486804EB440103EB81018A680121904777
:102A2000A0B1552004EB44010E4A02F8210004EB4A
:102A30004400114601EB8000407820F0800004EB58
:102A4000440102EB8101487000F08CF9601CC4B2B3
:102A5000042CCADBFFF7E6FC0A2011F0B5FEBEE746
:102A6000809200209894002010B588B00024294B53
:102A70000C2229490120FFF793FF00F05BF800BF0B
:102A80001BE004EB4400254911F82000552812D121
:102A900004EB440001EB8000806860B104EB44016A
:102AA0001E4B03EB8101486804EB440103EB8101F9
:102AB0008A6800219047601CC4B2042CE1DB4FF40B
:102AC0007A7011F081FE16480068007A022811D150
:102AD00013480068407A02280CD11248006811F0AF
:102AE000CBFE1148006811F0C7FE00200C49487168
:102AF000887101E008B010BD1C220C4901A8FDF747
:102B000066FC002101A811F088FE0949086000BF99
:102B1000F0E7000089560008749400209894002083
:102B200080920020F401002050020020C0800108A3
:102B300064020020F8B50024002500BF4AE004EB41
:102B40004400264901EB8000407800F07F06F3172F
:102B500006EB93739A1004EB44030F4607EB8303D1
:102B600059681F4BE818FFF7E1F904EB44003946B8
:102B700001EB8000407800F07F00284485B21849BE
:102B8000681801226946FFF7D1F99DF8000004EBAF
:102B900044013A4602F82100681C85B204EB440067
:102BA000114611F82000552812D004EB440001EB27
:102BB0008000806860B104EB440001EB8000407845
:102BC00020F08000803004EB440102EB810148706A
:102BD000601CC4B2042CB2DBF8BD00009894002045
:102BE00000000A0870B5054600205749087012E039
:102BF0005548007800EB4000544901EB80004078D4
:102C0000C00918B100205249086070BD4E480078D4
:102C1000401C4D4908704C4800780428E8DB2846E1
:102C200009F0EEF904464B480078052823D2DFE886
:102C300000F0032356637800012C05D14448006856
:102C4000401C4349086002E00020414908604048B8
:102C50000068C82805D901203E49087000203C4979
:102C6000086032210846FFF72DFC1920FFF734FCDD
:102C700039480FF06FFF64E04FF4FA710846FFF730
:102C800021FC0120FFF728FC33480FF063FF022CE2
:102C900003D0032C01D0042C05D12D480068401C22
:102CA0002B49086002E00020294908602848006894
:102CB000C82813D9022C03D10220264908700AE043
:102CC000032C03D103202349087004E0042C02D113
:102CD00004202049087000201D49086031E00220CE
:102CE000FFF7FAFB1D480FF035FF00201849086078
:102CF00001201849087024E00320FFF7EDFB4FF096
:102D0000FF200FF027FF0020114908600120114922
:102D100008700E48407B20F0800080300B494873DB
:102D20000FE000200A49086001200A4908700C4899
:102D300008F01CFF0A4808F019FF094808F016FFC0
:102D400000BF00BF00BF60E7680200209894002029
:102D50006C02002070020020FF0000FF0000FFFF57
:102D60008C80002070B50024002500BF25E004EB16
:102D70004403184E06EB83035B7803F07F0204EBF9
:102D8000440306EB83035968134B5819FDF71FFBE7
:102D900004EB4400314601EB8000407800F07F00F6
:102DA000284485B20C4804EB4401324612F8211045
:102DB0004155681C85B2601CC4B2042CD7DB0121CC
:102DC0000648FEF7ADFF192203490448FFF7B8F89B
:102DD00070BD000098940020C894002000000A08EC
:102DE00038B501F001FB5D49086007F00BFC5B4959
:102DF00048605B488860002008739FED5A0A0846C7
:102E000080ED040A9FED580A80ED050A9FED560AF1
:102E100080ED060A9FED550A80ED070A9FED530AE3
:102E200080ED080A002421E0204600F093F9C4EB6D
:102E3000C4024A49243101EB02110860C4EBC40208
:102E40004649243101EB0211081DDFED482A9FEDB0
:102E5000472ADFED471AB1EE0A1ADFED460A9FED69
:102E6000460A032111F066FF601CC4B2042CDBDBB0
:102E7000DFED3E2AB0EE002ADFED3C1AB1EE001A7B
:102E8000DFED3E0A9FED3E0A03213E4811F052FF5E
:102E90000023642201210E2008F0C8FE03236422CF
:102EA0000121102008F0C2FE00236422012111201C
:102EB00008F0BCFE344B4FF480623449344801F0D2
:102EC0003FF934484FF48063334AAA2100903348D5
:102ED00001F08AF8324B4FF400723249324801F067
:102EE0002FF932484FF40073314AA5210090314840
:102EF00001F07AF80A2200212F480AF01BF80A2272
:102F000000212E480AF016F8642200212C480AF00D
:102F100011F82C4B4FF400722B492C4801F010F99A
:102F20001E2200212A480AF005F8284800F0F0FE89
:102F300028492948FFF701FA28492948FFF7FDF9F0
:102F400028492948FFF7F9F928492948FEF722FEC0
:102F500028490348FEF71EFE38BD0000B8AD00202A
:102F60008C800020D053FB430080A243000000006F
:102F7000CDCCCC3D0000FA4400007A460000484227
:102F8000000096439CAF0020B5260008F8B0002052
:102F90004CB00020350A0108A4B50020F8B4002088
:102FA0006D26000850BA0020A4B9002051C20008C4
:102FB000FCBC002050BC00209DD90008A1300008B6
:102FC00095D10008393F0008A8BF0020FCBE0020B2
:102FD0006D3900082144000824800020852900085C
:102FE000AC7F0020E1BE0008E87F002049260008F1
:102FF000608000208127000813480068807918B994
:103000000020114908731EE00F48006880790128EC
:1030100002D10D49087316E00B4800688079022838
:1030200002D1094908730EE0074800688079032837
:1030300002D10549087306E0034800688079042836
:1030400001D1014908737047B8AD002010B512488E
:10305000006890ED020A1048D0ED920A30EE200A86
:1030600080ED950A006890ED030A0B48D0ED930AB5
:1030700030EE200A80ED960AD0EDA00AF1EE600A4B
:10308000B0EE600ADFED050A00F5F27011F02CFDDC
:10309000014880ED970A10BDB8AD00200000000087
:1030A00030B52DED048B81B0054600F03BF80446A9
:1030B0001848D0F85402C4F801001648D0F8580255
:1030C000C4F805001348007B20701248406890ED5A
:1030D000020A10EE101A0846FDF746FB41EC190BE8
:1030E0009FED0D0B53EC102BFDF74CFA41EC180B38
:1030F000FDF77EFBC4F809000D2023460222AA2119
:103100000090074800F0BCFF002001B0BDEC048B2C
:1031100030BD0000B8AD00206666666666A64C400D
:103120004CB00020004870470A8100202DE9FC4186
:1031300004460D4616461F460549CDE900672B4655
:10314000224688684FF4007108F03AFDBDE8FC8122
:10315000B8AD0020014601EBC100024A02EB80003D
:1031600070470000E083002070B501F02FFE044698
:103170000DF090FC054654F8050F00EE100AB1EE74
:10318000400A174880EDA00A4068D0ED5A0A6068EE
:1031900000EE100A30EEC00A114880EDA20A406825
:1031A00090ED5B0A0E4880EDA30A4068D0ED5C0A02
:1031B000A06800EE100A30EEC00A094880EDA10AAE
:1031C000D4F815000649C1F84802D4F81900C1F82E
:1031D0004C02D4F81D00641FC1F8500270BD0000FD
:1031E000B8AD00200848006890ED020A0648D0ED0E
:1031F000920A30EE200A80ED950A006890ED040AEC
:10320000014880ED970A7047B8AD002010B52DED4C
:10321000048B4E48006890ED020A4C48D0ED920AAB
:1032200030EE200A80ED950A006890ED030A4748C9
:10323000D0ED930A30EE200A80ED960A90ED950AC3
:1032400010EE101A0846FDF78FFA41EC190BB0EE9C
:10325000490AF0EE690A0EF0C7F9B0EE408AF0EEC6
:10326000608A9FED3B0B53EC102B51EC180BFDF7D4
:103270008FFA22D2354890ED960A10EE101A0846C1
:10328000FDF772FA41EC190BB0EE490AF0EE690A4B
:103290000EF0AAF9B0EE408AF0EE608A9FED2C0B9A
:1032A00053EC102B51EC180BFDF772FA05D29FED81
:1032B0002A0A264880ED970A44E0244890ED950AB2
:1032C00010EE101A0846FDF74FFA41EC190BB0EE5C
:1032D000490AF0EE690A0EF087F9B0EE408AF0EE86
:1032E000608A9FED1E0B53EC102B51EC180BFDF771
:1032F0004FFA22D2154890ED960A10EE101A0846A1
:10330000FDF732FA41EC190BB0EE490AF0EE690A0A
:103310000EF06AF9B0EE408AF0EE608A9FED0F0B76
:1033200053EC102B51EC180BFDF732FA05D29FED40
:103330000A0A064880ED970A04E09FED070A034851
:1033400080ED970ABDEC048B10BD0000B8AD0020E5
:103350000000000000407F400000FA430000000031
:1033600000408F409FED060A064880ED950A9FEDCC
:10337000040A80ED960A9FED020A80ED970A7047D5
:1033800000000000B8AD002000BFFFF7EDFEFFF722
:1033900033FE4348007B012806D0022807D00328CB
:1033A00008D004280CD108E0FFF7DCFF09E0FFF7A4
:1033B0004DFE06E0FFF716FF03E0FFF727FF00E0F2
:1033C00000BF00BF364800F085F800243DE03548D6
:1033D00000EB840090ED000AC4EBC40130482430B7
:1033E00000EB011080ED1A0AC4EBC4022C49243111
:1033F00001EB021191ED1A1AF0EE410AC4EBC4027E
:103400002749243101EB02110968B1F9041001EEDA
:10341000101AB8EEC11AB0EE410AC4EBC40220493A
:10342000243101EB0211081D11F05EFBBDEEC00A54
:1034300010EE100A01B2C4EBC4021948243000EBAC
:103440000210A0F86C10601CC4B2042CBFDB14483E
:1034500000F05AF81248007B70B900200AE0002200
:10346000C0EBC0030E49243101EB0311A1F86C201D
:10347000411CC8B20428F2DB094CB4F9E031B4F9BC
:103480007021B4F90011B4F99000FFF74FFE0A2043
:1034900011F09AF9002012F0DFFF0349086074E789
:1034A000B8AD002018B000205803002000B587B048
:1034B0001C2206496846FCF78AFF0021684611F085
:1034C000ACF90349086007B000BD00001C81010889
:1034D0005403002010B50446094A0A49204600F06A
:1034E00019F994ED970AB0EE401A0548D0ED000A9C
:1034F000044890ED000A204608F068F810BD00006E
:10350000500300204C03002070B52DED0E8B0446B7
:103510009FED780AB0EE40EA9FED760AB0EE408A61
:103520009FED740AF0EE408A9FED720AB0EE409A69
:103530009FED700AF0EE409A08F084FE05461DB13A
:103540000E2000F035F920B19FED6B0AB0EE40EA95
:103550005AE0022D01D00C2D04D19FED680AB0EE87
:1035600040EA51E008F000FF008900EE100AB8EED2
:10357000400AB0EE409A08F0FBFE408900EE100AC7
:10358000B8EE400AF0EE409A9FED5D0AB4EEC09AA4
:10359000F1EE10FA14D2F1EE040AB4EEE09AF1EE74
:1035A00010FA04DDDFED560A89EE200A01E09FEDF6
:1035B000550ADFED510A60EE200AB0EE60EA23E022
:1035C0009FED510AF4EEC08AF1EE10FA18DDF4EE28
:1035D000E98AF1EE10FA08D279EEE80A9FED4A1A6C
:1035E00039EEC11A80EE810A01E09FED420ADFED5B
:1035F000420A9FED461A41EE000AB0EE60EA03E08F
:103600009FED430AB0EE40EA002627E0C6EBC60273
:1036100004F1240101EB0211B1F96C00FDF793F8FC
:1036200041EC1D0BB0EE4D0AF0EE6D0A0DF0DCFF23
:10363000B0EE40BAF0EE60BA18EE100AFDF794F85A
:1036400041EC1C0B53EC1B2BFCF7F5FE41EC1A0B69
:10365000FDF7CEF808EE100A701CC6B2042ED5DBBA
:10366000B4EECE8AF1EE10FA40DDCEEE080AB0EEEE
:10367000600AB4F9900000EE900AF8EEE00A60EEFD
:10368000800AFDEEE00A10EE900A01B2A4F8901054
:10369000B4F9000100EE900AF8EEE00A60EE800A4C
:1036A000FDEEE00A10EE900A01B2A4F80011B4F9A0
:1036B000700100EE900AF8EEE00A60EE800AFDEE7E
:1036C000E00A10EE900A01B2A4F87011B4F9E0011A
:1036D00000EE900AF8EEE00A60EE800AFDEEE00AE5
:1036E00010EE900A01B2A4F8E01100BFBDEC0E8B01
:1036F00070BD00000000000000007A4600007A471C
:1037000000004842CDCCCC3D0000204200409C4609
:1037100000A00C4770B52DED028B04460D461646F1
:1037200094EDA00ADFED1F0A80EE201AB0EE418A68
:10373000B0EE480AFCF7E0FD1B4880ED000A94ED6E
:10374000A00ADFED180A80EE201AB0EE418AB0EE32
:10375000480AFCF795FD154880ED000A94ED950A9E
:103760001148D0ED000AF1EE600A20EE200AD4EDF7
:10377000960A0E4890ED001A01EE200A86ED000A26
:1037800094ED950AD0ED000A20EE200AD4ED960AB9
:10379000054890ED001A01EE200A85ED000ABDEC07
:1037A000028B70BD333365423003002034030020A8
:1037B0000146044800EB0110C078012800D1704791
:1037C0000020FCE73093002038B505460C464FF446
:1037D000807000F0C5FA8DF800508DF8014002218C
:1037E000684600F0F1FA38BD2DE9F05F2DED028B4F
:1037F00004460D4616461F46B0EE408ADDE90EAB84
:10380000DDE90C891CB9BDEC028BBDE8F09F0F21EE
:103810002046FCF7F5FD2846FCF7FDFD032800D9FE
:10382000F1E729462046FCF7FDFD14F8030F20F0D0
:103830000700401C2070207820F0380028302070CD
:10384000208866F38910208007F57070B4F80510A1
:1038500060F38C01A4F8051008F51670E18860F398
:103860004F11E180B4F8010069F38E10A4F8010053
:103870000121608861F3CF106080A0886AF309009D
:10388000A08060786BF3850060709FED0A0A28EED7
:10389000000ABDEEC00A10EE100AA060E41E40F25D
:1038A000011000F05DFA0F21204600F08DFA00BFF4
:1038B000A9E7000000007A442DE9F05F04460D46B8
:1038C00016461F46DDE90CABDDE90A890CB9BDE8F7
:1038D000F09F0F212046FCF793FD2846FCF79BFD47
:1038E000032800D9F3E729462046FCF79BFD14F88E
:1038F000030F20F00700401C2070207820F03800D3
:103900002070208866F38910208007F57070B4F865
:10391000051060F38C01A4F8051008F51670E18815
:1039200060F34F11E18009F57070B4F8091060F38D
:103930008C01A4F809100AF51670618960F34F1123
:103940006181A0886BF30900A08061780E9860F314
:1039500085016170E41E40F2011000F001FA0F21B0
:10396000204600F031FA00BFB1E70000F0B52DEDC0
:10397000028B83B0074608F065FC0446204600F041
:10398000FBF904F5807000F0F1F912F049FB01F049
:103990001DFA06466948008801287BD168484078AE
:1039A00001280CD10221674800F0BAF9B7EE000AED
:1039B000644800F0BFF90220614948700EE0604899
:1039C000407858B904215F4800F0AAF99FED5E0ADB
:1039D0005C4800F0AFF90220594948705848807897
:1039E00001280CD10221594800F09AF9B7EE000ADB
:1039F000564800F09FF90220514988700EE0504867
:103A0000807858B90421514800F08AF99FED4E0A98
:103A10004E4800F08FF902204949887048480078E4
:103A200001280CD102214A4800F07AF9B7EE000AC9
:103A3000474800F07FF90220414908700EE04048F5
:103A4000007858B90421424800F06AF99FED3E0A17
:103A50003F4800F06FF90220394908703D4890ED69
:103A6000000ADFED3D0A30EE600A9FED3C1AC0EE21
:103A7000010A9FED3B1A9FED3B0A10EE810A3A487E
:103A800080ED000A334890ED000ADFED330A30EE96
:103A9000600A00E04CE0DFED310A80EE201A11EE02
:103AA000105A2846FCF760FE41EC180B9FED2F0BD7
:103AB00053EC102BFCF76CFE04D204212D4800F0CF
:103AC0002FF903E002212B4800F02AF9214890ED5C
:103AD000000ADFED210A30EE600ADFED200A80EEF9
:103AE000201AB5EEC01AF1EE10FA04D29FED220AA8
:103AF0001D4880ED000A6FF4ED7000901A4890EDBB
:103B0000000ABDEEC00A10EE100A03B26FF4ED72A7
:103B10001A49184800F036F919480146094A0C4B71
:103B2000CDE900210290094A1649124800F072F9C5
:103B3000002003B0BDEC028BF0BD00007602002037
:103B4000FC0100209595002000000000A4950020B5
:103B5000B3950020E401002000007A440000C8442E
:103B60000000434400009143840200203333333388
:103B70003333D33F2C950020000091C3DEFEFFFFBE
:103B80001C960020FE9500202DE9F05F04460D46AE
:103B900016461F46DDE90CABDDE90A890CB9BDE824
:103BA000F09F0F212046FCF72BFC2846FCF733FC46
:103BB000032800D9F3E729462046FCF733FC14F824
:103BC000030F20F00700401C2070207820F0380000
:103BD00008302070208866F38910208007F5707007
:103BE000B4F8051060F38C01A4F8051008F5167000
:103BF000E18860F34F11E18009F57070B4F80910A5
:103C000060F38C01A4F809100AF51670618960F35D
:103C10004F116181A0886BF30900A08061780E9834
:103C200060F385016170E41E40F2011000F098F825
:103C30000F21204600F0C8F800BFB0E72DE9F05F83
:103C400004460D4616461F46DDE90B8ADDF828902E
:103C50000CB9BDE8F09F2D212046FCF7D1FB28468A
:103C6000FCF7D9FB032804D84046FCF7D4FB1E28F8
:103C700000D9EEE729462046FCF7D4FB14F8030FE1
:103C800020F00700401C2070207820F038003830E9
:103C90002070208866F38910208007F57070B4F8D2
:103CA000051060F38C01A4F8051009F51670E18881
:103CB00060F34F11E180B4F801006AF38E10A4F8AC
:103CC00001004046FCF7A7FB618860F3CF116180DB
:103CD000A1880D9860F30901A18061780E9860F3C6
:103CE00085016170E41E414604F10F00FCF79AFB68
:103CF0004FF4887000F034F84046FCF78CFB0F302E
:103D00001FFA80FB5946204600F05EF800BFA0E78E
:103D100000B970470149086000BFFAE718010020A8
:103D200008B1082900DD7047027961F3850202714C
:103D300000BFF8E720B1C178C1F3C201052900D066
:103D40007047DFED060A60EE200AFDEEE00A10EE95
:103D5000901AC0F80B1000BFF2E7000000007A4490
:103D60000149088070470000100100200149888047
:103D70007047000010010020014948807047000092
:103D80001001002070B5049C00B970BD01F570757C
:103D9000068965F38C06068102F51675B0F8096090
:103DA00065F34F16A0F8096003F57075868965F311
:103DB0008C06868104F51675B0F80D6065F34F1614
:103DC000A0F80D6000BFE0E738B505460C460E4888
:103DD000006800B938BD0D480D490A68026089883D
:103DE000818022462946801DFCF7F1FAA01D80B291
:103DF000064B40F20132A52100900348006800F014
:103E00003FF900BFE6E700001801002061810020B3
:103E1000100100202DE9F04F8BB0074688469146EF
:103E20009A460024A3460497CDF81480CDF8189044
:103E3000CDF81CA0149808901598099016980A902F
:103E40003A4E002007E004A951F8201009B1611C86
:103E5000CCB2411CC8B20728F5DB012C05D1A34622
:103E600040F20110FFF77CFF1CE0022C05D1A346B5
:103E70004FF48170FFF774FF14E0052C06DC4FF05F
:103E8000050B40F20310FFF76BFF0BE0072C06DC7D
:103E90004FF0070B4FF48270FFF762FF02E00BB0A8
:103EA000BDE8F08F2248016831608088B080B61D7F
:103EB000002518E004A850F8250090B104A850F897
:103EC0002500C07820F00700801C04A951F82510B7
:103ED000C87004A850F825100F223046FCF777FA76
:103EE0000F36681CC5B2072DE4DB5C4510DA0020F4
:103EF000009001900290039007E00F22694630463F
:103F0000FCF765FA0F36601CC4B25C45F5DB00BFF8
:103F1000C4EB0410801D054B40F20132A521009036
:103F20000448006800F0ACF800BFB8E761810020E9
:103F3000100100201801002070B504460D462A46E5
:103F400021460248FEF721FA70BD0000AC7F002038
:103F50002DE9FF470446884699460C9D05F1090066
:103F600086B2802E03DD002004B0BDE8F08704F1A6
:103F7000210787F80080A7F801503846BDF80810DF
:103F8000E18405210FF0B2F82A464946F81DFCF7F6
:103F90001EFA314638460FF093F83046E4E770B524
:103FA00004460E46154604B970BD04F108000FF032
:103FB0003EFFA84205DD2A46314604F108000FF015
:103FC000BAFF00BFF0E7000070B50648456804E09E
:103FD0002C46204600F0D8F86D6802488542F7D19B
:103FE00070BD0000E00000202DE9F04704460E46B9
:103FF00017469846DDF820900CB9BDE8F0870D48CB
:10400000456803E0A54200D1F7E76D68094885429D
:10401000F8D10146204610F0F9FA84F820604246B3
:10402000394604F108000FF07BFFC4F8A89000BFE8
:10403000E3E70000E000002000BFFFF7C5FF00F04D
:1040400041F8012010F0C0FB002012F005FA0149F0
:104050000860F2E75C02002000B587B01C22064928
:104060006846FCF7B4F90021684610F0D6FB034916
:10407000086007B000BD0000A480010858020020BD
:104080002DE9F84304460E4617469846089D0CB99C
:10409000BDE8F88304F108000FF0C9FEA8420FDD67
:1040A00043463A46314620460095FFF751FF814688
:1040B0004A4604F1210104F108000FF03CFF00BF63
:1040C00000BFE5E72DE9F041A0B080216846FCF78C
:1040D00097F90026B04600271848456827E02C4687
:1040E00004F108000FF07AFF86B2FEB1D4F8A80000
:1040F00050B1D4F8A80080478046B04501DA404668
:1041000000E03046074600E03746802F00DD80277C
:104110003A46694604F108000FF0B2FED4F8A40054
:1041200020B139466846D4F8A42090476D6803480A
:104130008542D4D120B0BDE8F0810000E800002025
:104140002DE9F04104460F4690461E460CB9BDE8E5
:10415000F0810C48456803E0A54200D1F7E76D689F
:1041600008488542F8D10146204610F04FFA4246F1
:10417000394604F108000FF0D3FEC4F8A46000BF74
:10418000E5E70000E800002070B5044600258AE05D
:1041900004F108000FF04EFE054694F821000628B1
:1041A0007BD2DFE800F003141F353F5794F820005E
:1041B000A84209D1012084F82100618C481C608448
:1041C00004F12600455401E0002060846AE0A584E3
:1041D000618C481C608404F126004554022084F858
:1041E00021005FE0A08C40EA0520A084618C481C7F
:1041F000608404F126004554A08C772803D2032064
:1042000084F8210003E0002084F82100608449E064
:10421000618C481C608404F126004554042084F815
:1042200021003FE0618C481C608404F12600455465
:10423000608C05280DD1052104F1260012F0BCFC8C
:1042400018B1052084F8210003E0002084F8210043
:10425000608427E0618CA08C0930814205D2618C9A
:10426000481C608404F126004554618CA08C093000
:10427000814210D3002084F821006084A08C00F1DA
:10428000090104F1260012F079FC20B104F12601A5
:1042900020460CF0B7FB05E0FFE7002084F8210082
:1042A000608400BF00BF04F108000FF097FE0028F3
:1042B0007FF46EAF70BD000000BF08F05DF82F48BE
:1042C000007920B101281BD002283FD130E000F056
:1042D0007DFD007801280CD000F078FD007840B119
:1042E0000120264908710420487102208871C87194
:1042F00005E001202149487188710220C87126E03B
:104300001E480068007A032802D108F069F80EE020
:104310001A480068007A012802D1FDF7C9F906E0C1
:1043200016480068007A022801D1FDF709F90EE06D
:104330001120FFF73DFA18B900201049087104E078
:1043400000200E4948718871C87100E000BF00BFAD
:104350001120FFF72DFA10B1022008490871074813
:10436000162201680648FCF732F8142010F02CFAE7
:10437000002012F071F8034908609EE78092002047
:10438000B4920020F801002000B587B007F04CFF80
:1043900010490860002008710120887148710220CE
:1043A000C871002081F830004B210B4811F0FCFB54
:1043B0004B210A4811F0F8FB1C2209496846FCF71A
:1043C00006F80021684610F028FA0649086007B090
:1043D00000BD00008092002004020020180200208E
:1043E00050800108F40100200048704780920020AE
:1043F000F8B504460D4607F017FF06462A46214643
:1044000007F059FE23460122AA2104480095FFF730
:1044100037FE112007F028FCF8BD00005C9A002050
:10442000F8B504460D4607F0FFFE06462A4621462B
:1044300007F041FE23460122AA2104480095FFF718
:104440001FFE112007F010FCF8BD00004CB000204A
:1044500010B5024801F060FF10BD0000640F00209D
:1044600010B5024801F058FF10BD0000C40F002035
:1044700010B5024801F050FF10BD0000A40E00204E
:1044800010B5024801F048FF10BD000024100020C4
:1044900010B5024801F040FF10BD0000040F0020DD
:1044A0000146087810381823B0FBF3F20848805C06
:1044B000C865032A05D908686FF30900001D8865DF
:1044C00003E008686FF309008865886D7047000095
:1044D000E47C0108014600208A6A8B69CBB932B1BD
:1044E000012A0DD0022A03D0032A10D10EE000BF0A
:1044F000CB6A03F08073B3F1807F00D1012007E025
:10450000CB6AB3F1C07F00D1012001E000E000BF21
:1045100034E08B69B3F5005F1AD132B1012A07D0BC
:10452000022A03D0032A11D10AE000BF01200EE0C5
:10453000CB6A03F08073B3F1807F00D1012006E0E5
:10454000CB6AB3F1C07F00D1012000E000BF15E0CD
:1045500032B1012A05D0022A04D0032A0CD103E08B
:1045600000BF00BF012008E0CB6A03F08073B3F105
:10457000807F00D1012000E000BF00BF704730B550
:104580000468246824F4802405682C60046863604F
:104590008468402C04D10468A2600468E16003E0F0
:1045A0000468A1600468E26030BD0000F0EE400ADB
:1045B0009FED061AB0EE410A9FED051A20EE811A12
:1045C000F0EE410AB0EE600A704700000000000003
:1045D000E02E65427047000000BFFDF753FD054621
:1045E000FF260024012026E02A4901EB001149683A
:1045F000691A284A02EB00129268914215D925499E
:1046000001EB0011097881B10121224A02EB00126D
:10461000D170204901EB00118978B1420ADA1D49B5
:1046200001EB00118E78C4B204E00021194A02EBBC
:104630000012D170401C1328D6DBCCB1154901EB18
:104640000411087BFDF748FF124800EB0410807846
:1046500018B911480EF07EFA11E00E4800EB041074
:10466000807801280BD16FF0FF000EF073FA06E09E
:104670004FF0FF200EF06EFA0020FDF72DFFFDF742
:10468000D1FE0A2010F0A0F8002011F0E5FE034949
:104690000860A2E7309300200000FFFF54020020D2
:1046A00000B587B01C2206496846FBF790FE002142
:1046B000684610F0B2F80349086007B000BD00007A
:1046C000888001085002002010B5082002F0F6F89A
:1046D00010BD10B5102002F0F1F810BD10B520206B
:1046E00002F0ECF810BD72B600BFFEE710B5002274
:1046F00001B909E0012901D10A0205E0022901D12D
:104700000A0201E04FF440720E4B1B6823F4407321
:104710000C4C236023461B681343236023461B680D
:1047200023F07803236023461B68022444EAC00474
:104730002343044C236023461B6843F480332360E7
:1047400010BD0000103C02401C48006800F40070DE
:10475000B0B11A48006820F400701849086000BF22
:104760000846006840F4006008600846006820F4CD
:104770000060086000BF0846006840F400700860F0
:104780000E48006800F48060B0B10C48006820F466
:1047900080600A49086000BF0846006840F4805005
:1047A00008600846006820F48050086000BF084692
:1047B000006840F48060086070470000003C0240E0
:1047C0000A4A126822F44072084B1A601A461268AC
:1047D00042F004021A601A4612684FF4803343EA2A
:1047E00000231A43014B1A6070470000103C02403E
:1047F000074A126822F44072054B1A601A46126882
:104800001A601A46126842F001021A60017070477D
:10481000103C024010B50A49096821F44071084C67
:1048200021602146096841F44071216021460968F0
:1048300041F0010121600260BFF36F8F436010BD42
:10484000103C0240084A126822F44072064B1A607B
:104850001A46126842F480721A601A46126842F0D0
:1048600001021A6001807047103C0240084A126839
:1048700022F44072064B1A601A46126842F4007223
:104880001A601A46126842F001021A60016070470D
:10489000103C02402348006800F0100040B122485C
:1048A000C06940F010002049C86110201D4908600F
:1048B0001C48006800F0200040B11B48C06940F06F
:1048C00008001949C8612020164908601548006889
:1048D00000F0400040B11448C06940F004001249A3
:1048E000C86140200F4908600E48006800F0800051
:1048F00040B10D48C06940F002000B49C8618020FA
:10490000084908600748006800F0020040B1064806
:10491000C06940F020000449C861022001490860D4
:10492000704700000C3C02400800002070B50446AF
:10493000002500201449C86102F0D6F8054609E0B8
:10494000601C38B124B102F0CFF8401BA04201D95D
:10495000032070BD0D48006800F480300028EFD1BE
:104960000A48006800F0010010B101200749086002
:104970000648006800F0F20018B1FFF78BFF012035
:10498000E7E70020E5E70000080000200C3C0240BB
:1049900000487047BC84002000487047E084002035
:1049A0000048704704850020004870472885002093
:1049B00000487047C480002010B502F095F810BD83
:1049C00010B52C4454B108220549204606F022FABD
:1049D000042203491031304606F01CFA10BD0000D5
:1049E000E603002008B5FFF7FFFC5649086005F014
:1049F00009FE54494860544888600120487300F01B
:104A0000D5FA5049486100F0BBFA4E49C1F8080296
:104A100040F6F8014B48018341F25421A0F81012EE
:104A20009FED4A0A80ED070A9FED480A80ED850A4E
:104A30009FED470A80ED080A9FED460A80ED090ABE
:104A4000B3EE0E0A80ED860ABAEE0A0A80ED870AF6
:104A5000DFED412A9FED402ADFED3F1A9FED3F1A1F
:104A6000DFED3D0A9FED3E0A032100F5267010F0B0
:104A700061F9DFED392A9FED382ADFED371A9FED16
:104A8000391ADFED390A9FED390A0321384810F051
:104A900051F9DFED382A9FED302ADFED371A9FED0F
:104AA000371ADFED370AB3EE0E0A0321354810F04E
:104AB00041F90FF0D5F80023642201210E2007F000
:104AC000B5F804234FF4FA720121122007F0AEF872
:104AD000002364220121112007F0A8F82A4B4FF48B
:104AE00080622A492A48FFF72BFB2A484FF480634B
:104AF000294AAA2100902948FFF776FA14220021BA
:104B0000274808F017FA27484FF40073264AA521D2
:104B100000902648FFF768FA25492648FDF70DFC66
:104B200025492648FDF709FC25492648FDF705FCDF
:104B300025490548FDF72EF824492548FDF72AF8B0
:104B400008BD00003C960020608000200000343D3D
:104B50000000B4420000B4C2000000000000204287
:104B60000000FA44000070420000FA4500007A4656
:104B700038990020000048420AD7233C9A99193EF0
:104B8000CDCCCC3DC497002099260008089B00207E
:104B90005C9A0020350A0108B49F0020089F00207D
:104BA000154D000851C2000860A40020B4A30020E5
:104BB000F14300082480002075290008AC7F002004
:104BC000E1BE0008E87F0020A5250008E1260008D6
:104BD0008C8000201D48407B1C4988730846006873
:104BE000407910B9002048732EE0184800684079D9
:104BF000012802D11549487326E01448006840791D
:104C0000022802D1114948731EE01048006840791B
:104C1000032802D10D49487316E00C48006840791A
:104C2000042802D1094948730EE008480068407919
:104C3000052802D10549487306E004480068407918
:104C4000062801D101494873704700003C960020B6
:104C500010B52DED028B03212C4880F8281001217E
:104C600080F820129FED2A0AB0EE408A9FED280AB4
:104C7000F0EE408A90ED0B0A0068D0ED080A30EEA5
:104C8000200AB0EE408A214890ED890A0068D0EDF4
:104C9000070A30EE200AF0EE408A1C4890ED0D0A1B
:104CA000F0EE400AB0EE480AFCF79AFB174880ED98
:104CB0000B0A90ED8B0AF0EE400AB0EE680AFCF7A2
:104CC0008FFB124880ED890A00BF90ED890AD0ED74
:104CD000870AB4EEE00AF1EE10FA04D890ED870AE4
:104CE00080ED890A0DE0094890ED890AD0ED860A29
:104CF000B4EEE00AF1EE10FA03DB90ED860A80EDE7
:104D0000890A00BFBDEC028B10BD00003C9600205C
:104D100000000000F8B5074600F058F804460BF014
:104D2000B9FE0546FEF7FEF906462348407B207093
:104D30002148D0F82802C4F80100307804280BD1AB
:104D40001D4890ED0C0ADFED1D0A30EE200A10EE32
:104D5000100AC4F8050003E01748006BC4F805000A
:104D60001548D0F82C0244F8090F1348406B6060D6
:104D70001148D0F83002A0600F4890ED7F0ADFEDB7
:104D8000100A60EE200A9FED0F1A80EE810A10EEE5
:104D9000100AE060084890F80E042074A868C4F86F
:104DA0001D00093C2A2023460322AA210090064820
:104DB000FFF766F90020F8BD3C960020E17A8C41AF
:104DC00000003443DB0F49405C9A002000487047E4
:104DD0001781002010B52948807B012807D0FA21CF
:104DE000274810F0E1FEFA21264810F0DDFE0221EE
:104DF000224880F82012042180F828100146886893
:104E000021490EF0A6FE1D4890ED0C0A80ED0B0A1C
:104E10001C4810F0A9FEF7EE000A30EEC00A174851
:104E2000D0ED8A0A20EE200A80ED890A90ED8A0AE8
:104E3000B0EEC00AF0EE000AB4EEE00AF1EE10FAAD
:104E40001BD80F4810F090FEF7EE000A30EEC00AB3
:104E50000A48D0ED0C0A20EE200A80ED0B0A90EDF6
:104E60000C0AB0EEC00AF0EE080AB4EEE00AF1EE69
:104E700010FA02D804200149487310BD3C96002066
:104E8000A0020020B4020020D0850020417E027ED6
:104E900091421FD0017E41B9B0F9F41100EE101A11
:104EA000B8EEC00A80ED070A14E0017E012902D0A5
:104EB000017E032904D190ED090A80ED070A09E07B
:104EC000017E022902D0017E042903D190ED080A57
:104ED00080ED070A017E4176704710B504462046F2
:104EE000FFF7D4FF207E68B994ED070ABDEEC00A33
:104EF00010EE100A00B2A4F8F40104F12C0000F046
:104F000073FB3CE0207E01281BD194ED782AF0EE63
:104F1000421A94ED0A2AB0EE421A94ED092AF0EEF4
:104F2000420A94ED072AB0EE420A04F12C0000F088
:104F300066FBBDEEC00A10EE100A00B2A4F8F40140
:104F40001DE0207E02281AD194ED782AF0EE421A54
:104F500094ED0A2AB0EE421A94ED082AF0EE420AC5
:104F600094ED072AB0EE420A04F12C0000F047FB52
:104F7000BDEEC00A10EE100A00B2A4F8F40110BD94
:104F800000487047988400207CB505460C460020F8
:104F900000900549019000232246886840F2FF11E5
:104FA00006F00EFE7CBD00003C96002000487047D5
:104FB0007084002010B52DED028B9FED320AB0EE0B
:104FC000408A9FED300AF0EE408A03212E4880F897
:104FD0002810012180F82012FEF7A4F804462A4880
:104FE000006890ED080A2848D0ED0B0A30EE200A40
:104FF000B0EE408A207804280CD1234890ED0D0AA9
:10500000F0EE400AB0EE480AFCF7EAF91E4880EDDF
:105010000B0A0BE01C4890ED0D0AF0EE400AB0EED2
:10502000480AFCF7DDF9184880ED0B0A164890EDA8
:10503000890A0068D0ED070A30EE200A124880ED98
:10504000890A00BF90ED890AD0ED870AB4EEE00A24
:10505000F1EE10FA04D890ED870A80ED890A0DE090
:10506000094890ED890AD0ED860AB4EEE00AF1EE27
:1050700010FA03DB90ED860A80ED890A00BFBDECD3
:10508000028B10BD000000003C96002003212C483C
:1050900080F82810012180F8201290ED0B0A00689A
:1050A000D0ED080A30EE200A254880ED0B0A90ED7D
:1050B000890A0068D0ED070A30EE200A204880ED0A
:1050C000890A00BF90ED0B0AD0ED090AB4EEE00AA0
:1050D000F1EE10FA04D890ED090A80ED0B0A0DE00C
:1050E000174890ED0B0AD0ED080AB4EEE00AF1EE95
:1050F00010FA03DB90ED080A80ED0B0A00BF00BF39
:105100000F4890ED890AD0ED870AB4EEE00AF1EE7F
:1051100010FA04D890ED870A80ED890A0DE008485E
:1051200090ED890AD0ED860AB4EEE00AF1EE10FAAD
:1051300003DB90ED860A80ED890A00BF704700000E
:105140003C96002010B52048D0ED7E0AB0EE600AF3
:10515000FFF72CFA1C4880ED0C0A0246B2F8102228
:1051600011B20246D2F80822128810B206F00BFDE6
:1051700000EE100AB8EEC00A1348D0ED850A20EE02
:10518000200A80ED8A0A406890ED5C0A0E4880EDA6
:105190000D0A406890ED5A0A0B4880ED8B0A406872
:1051A00090ED020ADFED090A20EE200A064880EDA4
:1051B0000E0A406890ED010ADFED040A20EE200A95
:1051C000014880ED8C0A10BD3C960020E12E65421E
:1051D00000BFFFF7B7FFFFF7FDFC3048407B072813
:1051E00017D2DFE800F01604070A0D101300FFF7CE
:1051F000F1FD0FE0FFF72CFD0CE0FFF747FF09E0A2
:10520000FFF7D8FE06E000F077F803E005F004FDB4
:1052100000BF00BF00BF0120214908701F481030A7
:10522000FFF75BFE1F48FFF758FE1C48407B28BB7A
:105230001A48A0300FF060FD1B480FF05DFD1948C3
:1052400090300FF059FD1748F4300FF055FD154818
:1052500080380FF051FD00211048A0F80412A0F88A
:10526000FC130146886811490EF045FC01211048E5
:1052700001F02CFC10B9012001F004FB074AB2F93F
:10528000FC13B2F90402FFF77FFE0A200FF09CFA2C
:10529000002011F0E1F8074908609AE73C960020E9
:1052A000F00200204498002040970020D085002084
:1052B000000002409002002000B587B0FA210A48A1
:1052C00010F072FCFA21094810F06EFC1C2208490B
:1052D0006846FBF77CF8002168460FF09EFA054906
:1052E000086007B000BD0000A0020020B40200204A
:1052F000DC8001088802002010B52DED068B03210B
:10530000AB4880F82810012180F820129FEDA90AEF
:10531000B0EE408A9FEDA70AF0EE408A0BF0BAFB90
:105320000446207F012877D1207F18B10020A24AAF
:1053300010605060A07F01283BD19FED9E0A9F48DE
:1053400080ED000A9A48006890ED070A30EE280ABE
:10535000F0EE408A9A4890ED010A954880EDF90AEE
:105360009FED940A80EDFA0A606800EE100AF0EEF4
:10537000080A08EEA00A8E4880ED890A206800EE2F
:10538000100A8B480068D0ED080A30EE200A8848E1
:1053900080ED0B0AE07F012803D1854981F80D04D7
:1053A00003E00020824981F80D040120854908703E
:1053B000DBE000207E4981F80D04084690ED0B0AE1
:1053C0000068D0ED080A30EE200AB0EE408A0846A8
:1053D00090ED0D0AF0EE400AB0EE480AFCF700F836
:1053E000734880ED0B0A90ED890A0068D0ED070A3A
:1053F00030EE200A6E4880ED890A00BF90ED890AE0
:10540000D0ED870AB4EEE00AF1EE10FA05D890ED7F
:10541000870A80ED890A0EE00EE0654890ED890A62
:10542000D0ED860AB4EEE00AF1EE10FA03DB90ED5F
:10543000860A80ED890A98E000205D4981F80D0414
:105440005D48D0E90020521C40F100005A49C1E9F2
:1054500000200846D0E9003032229A1A70F100008C
:1054600054D30020574908703221534AC2E9001032
:1054700055480068FBF778F99FED540B53EC102B5F
:10548000FAF7D9FFFBF7B4F94F4908604B480068B9
:10549000FBF76AF99FED4F0B53EC102BFAF7CBFF9C
:1054A000FBF7A6F945490860084690ED000AFAF7AF
:1054B00023FFF1EE080AB2EE041A51EE000A474843
:1054C000C0ED000A3A4890ED0B0A0068D0ED080ADA
:1054D00030EE200AB0EE408A18EE100AFBF744F9CD
:1054E0009FED3F0B53EC102BFAF7A5FFFBF780F96C
:1054F00008EE100A2E4890ED0D0AF0EE400AB0EECC
:10550000480AFBF76DFF2A4880ED0B0A284890ED0A
:10551000890A0068D0ED070A30EE200A244880EDA1
:10552000890A2E4890ED000A214880ED890A00BFC3
:1055300090ED890AD0ED870AB4EEE00AF1EE10FA98
:1055400004D890ED870A80ED890A0DE0184890EDA7
:10555000890AD0ED860AB4EEE00AF1EE10FA03DB18
:1055600090ED860A80ED890A00BF00BF104890EDDB
:10557000890AD0ED870AB4EEE00AF1EE10FA04D8F9
:1055800090ED870A80ED890A0DE0094890ED890ABF
:10559000D0ED860AB4EEE00AF1EE10FA03DB90EDEE
:1055A000860A80ED890A00BFBDEC068B10BD0000A5
:1055B0003C9600200000000098020020F402002029
:1055C0003C9A002000030020F802002000000000A8
:1055D000000000007B14AE47E17AB43FFC020020DB
:1055E0009A9999999999E93F10B5044604F1640094
:1055F0000FF082FB04F1C8000FF07EFB10BD10B568
:105600002DED048B0446B0EE408AF0EE608AB0EED9
:10561000419AF0EE619A84ED4B8AC4ED4C8A2046A3
:1056200010F0ECFB94ED1C0AD4ED510A20EE200A98
:1056300084ED260A94ED4B1AF0EE410A94ED4C1AD3
:10564000B0EE410A04F164000FF04EFA94ED270A1F
:10565000D4ED260A30EE200A30EE290A84ED4D0AF8
:1056600084ED4E9A94ED4D1AF0EE410A94ED4E1AE7
:10567000B0EE410A04F1C8000FF036FA94ED400A8A
:10568000BDEC048B10BD000070B505460C462E46DF
:1056900024B9304605F04CF8002070BD012C12D121
:1056A000304604F097FF09480088401C07490880ED
:1056B00008460088B0F5FA6F03DD0020088001205D
:1056C000EBE70020E9E70020E7E700007202002096
:1056D00010B5024692F82030012B01D0022B06D1E2
:1056E00010684069084314686061002010BD506A6A
:1056F00040F4802050620120F8E7F0B504460D46E2
:105700001E4694F8207020688368A86800B900E0FD
:1057100000BF012F01D0022F7DD103F0806030B98E
:1057200003F0006018B903F0805000287ED0C3F366
:105730000161012088403060A86860B9B5F800C0F8
:10574000E86840EA4C5C206800F5C07000EB01108E
:10575000C0F800C00FE0D5E901C040EACC00D5F8A0
:105760000CC040EA0C00D4F800C00CF5C07C0CEB77
:10577000011CCCF80000D5F810C0206800F5C070FE
:1057800000EB0110C0F804C0287D01280ED120686C
:1057900000F5C07000EB0110406840F4807C206888
:1057A00000F5C07000EB0110C0F804C0D07900060D
:1057B00092F806C040EA0C4092F805C040EA0C207E
:1057C00092F804C040EA0C00D4F800C00CF5C07C8C
:1057D0000CEB011CCCF80C00D078000692F802C04B
:1057E00040EA0C4092F801C040EA0C2092F800C058
:1057F00040EA0C00D4F800C00CF5C07C0CEB011C96
:10580000CCF80800206800F5C07000EB01100068BB
:1058100040F0010C01E00FE008E0206800F5C070E6
:1058200000EB0110C0F800C00020F0BD606A40F439
:10583000001060620120F8E7606A40F48020606236
:105840000120F2E7F0B504460A4694F82050012DF5
:1058500001D0022D7ED1424901F50071086840F067
:1058600001000860086820F47C5008600868566AE7
:1058700040EA06200860107D00F01F06012000FAB3
:1058800006F3C8699843C861A1F50071D069C8B929
:10589000D1F80C029843C1F80C02908880B2968926
:1058A00040EA064601F51070576940F837601088E5
:1058B00080B2168940EA064601F51070576900EB80
:1058C000C7004660D069012819D1D1F80C021843ED
:1058D000C1F80C02908880B2168840EA064601F5AD
:1058E0001070576940F83760908980B2168940EA95
:1058F000064601F51070576900EBC70046609069D5
:1059000028B9D1F804029843C1F8040204E0D1F8A0
:1059100004021843C1F80402106928B9D1F814022E
:105920009843C1F8140204E0D1F814021843C1F8F6
:105930001402106A012804D1D1F81C021843C1F8DE
:105940001C02D1F8000220F00100C1F80002002082
:10595000F0BDFFE7606A40F4802060620120F7E755
:105960000064004010B50446204600F087FB10BDDF
:1059700070B5044694F82050012D01D0022D7DD140
:1059800051B92068C06800F0030080B9606A40F433
:1059900000106062012070BD2068006900F0030003
:1059A00028B9606A40F4001060620120F3E72068C3
:1059B00000F5D87000EB0110006800F00400906062
:1059C000906840B9206800F5D87000EB01100068BD
:1059D000400D106007E0206800F5D87000EB011062
:1059E0000068C0085060206800F5D87000EB011016
:1059F000006800F00200D060206800F5D87000EB6D
:105A00000110406800F00F00082802D30820106140
:105A100008E0206800F5D87000EB0110406800F045
:105A20000F001061206800F5D87000EB011040688D
:105A300000F47F40000A9061206800F5D87000EB08
:105A400001104068000C5061206800F5D87000EB30
:105A5000011080681870206800F5D87000EB011004
:105A6000806800F47F40000A5870206800F5D87004
:105A700000EB0110806800F47F0000E03CE0000CC7
:105A80009870206800F5D87000EB01108068000E57
:105A9000D870206800F5D87000EB0110C06818714C
:105AA000206800F5D87000EB0110C06800F47F405A
:105AB000000A5871206800F5D87000EB0110C0682A
:105AC00000F47F00000C9871206800F5D87000EB9E
:105AD0000110C068000ED87131B92068C06840F06C
:105AE00020002668F06005E02068006940F0200092
:105AF0002668306100204EE7606A40F480206062D2
:105B0000012048E70146002091F82020012A01D019
:105B1000022A11D10B689B6803F0806303B1401C1B
:105B20000B689B6803F0006303B1401C0B689B6823
:105B300003F0805303B1401C70472DE9F05F044629
:105B40000025206846692068D0F80490206887689E
:105B50002068D0F80CA02068D0F810B02068D0F8E9
:105B6000188006F00100002855D007F00100C0B1F0
:105B700001202168886007F0020018B1204600F07B
:105B800013FB0EE007F0040010B145F4006508E0D7
:105B900007F0080010B145F4805502E0204600F0FF
:105BA00001FB07F48070C8B14FF4807021688860F1
:105BB00007F4007018B1204600F010FB0EE007F467
:105BC000806010B145F4005508E007F4006010B1A2
:105BD00045F4804502E0204600F0FEFA07F48030EC
:105BE000C8B14FF480302168886007F4003018B1E4
:105BF000204600F00DFB0EE007F4802010B145F4C4
:105C0000004508E007F4002010B145F4803502E0BB
:105C1000204600F0FBFA06F0080038B10AF0100048
:105C200020B145F4007510202168C86006F004001A
:105C300040B10AF0080028B108202168C860204659
:105C400000F02DFA06F0020038B12068C06800F0BC
:105C5000030010B1204600F023FA06F0400038B1EE
:105C60000BF0100020B145F4806510202168086118
:105C700006F0200040B10BF0080028B10820216890
:105C80000861204600F034FA06F0100038B12068B0
:105C9000006900F0030010B1204600F02BFA06F472
:105CA000003040B109F0100028B110202168486090
:105CB000204600F047FA06F4803040B109F00800B1
:105CC00028B1082021684860204600F0B9FA06F49F
:105CD000004088B309F0040078B306F4807020B166
:105CE00008F0010008B145F0010506F4007020B18C
:105CF00008F0020008B145F0020506F4806020B10A
:105D000008F0040008B145F0040506F40060A0B1F5
:105D100008F0700088B108F07000402817D006DC49
:105D200010280BD020280CD0302819D10CE0502896
:105D300010D0602814D110E01DE019E045F00805EE
:105D40000FE045F010050CE045F0200509E045F0B6
:105D5000400506E045F0800503E045F4807500E06D
:105D600000BF00BF2068806920F070002168886152
:105D70000420216848602DB1606A28436062204693
:105D8000FFF7F0FDBDE8F09F70B504460CB90120A7
:105D900070BD94F8200010B9204600F0AFF82068DC
:105DA000006840F001002168086000F09DFE054693
:105DB0000DE000F099FE401B0A2808D9606A40F403
:105DC00000306062052084F820000120E0E72068B0
:105DD000406800F001000028EBD02068006820F047
:105DE00002002168086000F07FFE05460DE000F02B
:105DF0007BFE401B0A2808D9606A40F400306062CC
:105E0000052084F820000120C2E72068406800F0E7
:105E100002000028EBD1207E012806D1206800680E
:105E200040F080002168086005E02068006820F0EC
:105E3000800021680860607E012806D12068006823
:105E400040F040002168086005E02068006820F00C
:105E5000400021680860A07E012806D12068006803
:105E600040F020002168086005E02068006820F00C
:105E7000200021680860E07E012806D120680068C3
:105E800020F010002168086005E02068006840F0FC
:105E9000100021680860207F012806D12068006872
:105EA00040F008002168086005E02068006820F0E4
:105EB000080021680860607F012806D1206800681A
:105EC00040F004002168086005E02068006820F0C8
:105ED000040021680860D4E90201084321690843ED
:105EE000616908436168491E08432168C861002050
:105EF0006062012084F82000002049E710B586B0D8
:105F00000446142101A8FAF77BFA56492068884212
:105F100049D155480068401C53490860084600684C
:105F200001280FD100BF002000905048006840F0C9
:105F300000704E4908600846006800F0007000904C
:105F400000BF00BF00BF0020009048481038006824
:105F500040F008004549103908600846006800F024
:105F60000800009000BF00BF0320019002200290B3
:105F700000200390032004900920059001A93C48CB
:105F800000F0AAFC00220521132001F0F7F91320EC
:105F900001F0E0F900220521142001F0EFF91420AE
:105FA00001F0D8F95CE033492068884258D100BF3D
:105FB000002000902D48006840F080602B49086068
:105FC0000846006800F08060009000BF00BF2648CF
:105FD0000068401C244908600846006801280FD169
:105FE00000BF002000902148006840F000701F4969
:105FF00008600846006800F00070009000BF00BF15
:1060000000BF0020009019481038006840F00200DE
:106010001649103908600846006800F00200009038
:1060200000BF00BF6020019002200290002003907A
:10603000032004900920059001A90F4800F04CFCB2
:10604000002205213F2001F099F93F2001F082F95B
:1060500000220521402001F091F9402001F07AF959
:1060600006B010BD0064004004000020403802402B
:10607000000C02400068004000040240014600207D
:1060800091F82020012A01D0022A02D100234B627C
:1060900004E04B6A43F480234B6201207047704751
:1060A00030B589B005466B4602AA00212846FFF7A5
:1060B0005FFC002416E00D4850F8240000680068DA
:1060C000296888420CD1094850F82400806A38B108
:1060D000064951F82410069A02988B6A6946984737
:1060E000601CC4B2022CE6DB09B030BDB400002055
:1060F0007047000030B589B005466B4602AA002102
:106100002846FFF735FC002416E00D4850F824001F
:1061100000680068296888420CD1094850F82400BA
:10612000806A38B1064951F82410069A02988B6AA1
:1061300069469847601CC4B2022CE6DB09B030BD4A
:10614000B4000020704770B5044694F82000012880
:1061500022D1022084F820002068006820F001008D
:106160002168086000F0C0FC05460DE000F0BCFCB2
:10617000401B0A2808D9606A40F40030606205209C
:1061800084F82000012070BD2068406800F0010004
:106190000028EBD16062F6E7606A40F4002060629C
:1061A0000120F0E77047000070B5054600240EE0BE
:1061B000084850F82400006800682968884204D123
:1061C000044951F82400FCF717FB601CC4B2022CF0
:1061D000EEDB70BDB40000207047000070B50546CE
:1061E00000240EE0084850F8240000680068296880
:1061F000884204D1044951F82400FCF7FDFA601CE0
:10620000C4B2022CEEDB70BDB40000207047000069
:1062100070B5054600240EE0084850F824000068D8
:1062200000682968884204D1044951F82400FCF729
:10623000E3FA601CC4B2022CEEDB70BDB400002097
:10624000704770B50446A56D00F04EFC064694F804
:106250003500022808D08020606500BF002084F847
:10626000340000BF012070BD2068006820F01600D7
:10627000216808602068406920F08000216848613A
:10628000206C08B9A06C28B12068006820F00800D4
:10629000216808602068006820F00100216808601B
:1062A00010E000F021FC801B05280BD92020606540
:1062B000032084F8350000BF002084F8340000BFBC
:1062C0000320D0E72068006800F001000028E8D132
:1062D00094F85C103F208840A860012084F83500C5
:1062E00000BF002084F8340000BF00BFBBE70146B8
:1062F00091F83500022803D08020486501207047BE
:10630000052081F835000868006820F001000A685F
:1063100010600020F3E70000F8B50446002000906C
:106320008C4800684FF41651B0FBF1F7A56D2E684C
:1063300094F85C1008208840304098B120680068CC
:1063400000F0040070B12068006820F004002168AB
:10635000086094F85C1008208840A860606D40F0E8
:106360000100606594F85C1001208840304068B1FD
:106370002068406900F0800040B194F85C10012072
:106380008840A860606D40F00200606594F85C1081
:1063900004208840304068B12068006800F00200A6
:1063A00040B194F85C1004208840A860606D40F013
:1063B0000400606594F85C1010208840304078B389
:1063C0002068006800F0080050B394F85C101020BA
:1063D0008840A8602068006800F4802080B12068B0
:1063E000006800F4002028B9206CC8B12046216C58
:1063F000884715E0A06C98B12046A16C88470FE053
:106400002068006800F4807028B92068006820F0D7
:10641000080021680860206C10B12046216C884774
:1064200094F85C10202088403040002865D0206817
:10643000006800F0100000285FD094F85C10202065
:106440008840A86094F83500052828D120680068A5
:1064500020F01600216808602068406920F0800064
:1064600021684861206C08B9A06C28B120680068D8
:1064700020F008002168086094F85C103F208840F4
:10648000A860012084F8350000BF002084F83400A3
:1064900000BF206D10B12046216D8847F8BD2068EF
:1064A000006800F4802080B12068006800F40020BB
:1064B00028B9606C10B12046616C88471DE0E06B24
:1064C000D8B12046E16B884717E02068006800F4E7
:1064D000807068B92068006820F0100021680860AA
:1064E000012084F8350000BF002084F8340000BF8C
:1064F000E06B10B12046E16B8847606D38B3606D8A
:1065000000F00100F0B1052084F835002068006833
:1065100020F001002168086000BF0098401C009036
:10652000B84200D905E02068006800F001000028AA
:10653000F3D100BF012084F8350000BF002084F8AB
:10654000340000BFE06C10B12046E16C884700BF0A
:10655000A4E70000340000202DE9F04104460025A6
:1065600000F0C2FA074614B90120BDE8F081606A64
:1065700000B100BF022084F8350000BF002084F87D
:10658000340000BF2068006820F001002168086026
:106590000AE000F0A9FAC01B052805D92020606593
:1065A000032084F83500E0E72068006800F001006F
:1065B0000028EED12068056821480540D4E9010192
:1065C0000843E16808432169084361690843A169F8
:1065D0000843E1690843216A08430543606A0428C7
:1065E00003D1D4E90B010843054320680560206806
:1065F000456925F00705606A0543606A04280DD1E6
:10660000A06A0543E06A48B12046FDF763FF28B160
:1066100040206065012084F83500A6E720684561C8
:106620002046FDF73DFF064694F85C103F20884069
:10663000B06000206065012084F83500002094E7F8
:106640003F8010F02DE9F04704460D4616461F46E0
:106650004FF00008D4F8589000BF94F83400012897
:1066600002D10220BDE8F087012084F8340000BF89
:1066700094F83500012825D1022084F83500002047
:1066800060653B46324629462046FDF778FF94F880
:106690005C103F208840C9F808002068006840F07E
:1066A000160021680860206C28B12068006840F05E
:1066B0000800216808602068006840F00100216837
:1066C000086006E000BF002084F8340000BF4FF0EF
:1066D00002084046C6E7000070B5044600F004FA20
:1066E00006462546681C10B104480078054400BFE2
:1066F00000F0FAF9801BA842FAD370BD30000020E8
:106700002DE9F04104460F46002600BF2548007ED3
:10671000012802D10220BDE8F0810120214908763C
:1067200000BF4CF25030FEF701F90546002D31D183
:10673000401E3860206801280FD1207C6168FEF778
:106740003FF84CF25030FEF7F1F805461648006865
:1067500020F00400144908601AE0A66812E0217CC9
:106760003046FDF7C3FF4CF25030FEF7DFF8054628
:106770000D48006820F07A000B4908600DB13E60BA
:1067800005E0761CD4E902100844B042E7D800BF07
:10679000FDF7DAFF00BF00200249087600BF284657
:1067A000B9E7000008000020103C024003480068E0
:1067B00040F000400149086000207047103C024052
:1067C0002DE9F0410646884614461D4600BF1E4886
:1067D000007E012802D10220BDE8F08101201A4983
:1067E000087600BF4CF25030FEF7A0F807461FBBFA
:1067F00026B9E1B24046FDF7FBFF12E0012E04D1BD
:10680000A1B24046FEF71EF80BE0022E04D121464D
:106810004046FEF72BF804E022462B464046FDF7A3
:10682000F9FF4CF25030FEF781F807460748006840
:1068300020F001000549086000BF002002490876E9
:1068400000BF3846C8E7000008000020103C0240A6
:1068500000200949096801F0004159B10749064A79
:106860000C3A1160064911600349096801F00041C2
:1068700001B1012070470000103C02402301674530
:10688000AB89EFCD70B50546002412E00A4850F8F8
:1068900024004068A8420AD1074850F82400007A32
:1068A000052804D1044951F82410C8688047601CA9
:1068B000C4B20A2CEADB70BDE44E002010B50446D9
:1068C00004480068204020B1024804602046FFF7D9
:1068D000D9FF10BD143C0140F8B502460B46002517
:1068E000002400200021D6E0012606FA01F51E68EA
:1068F00006EA0504AC4274D11E7906F00306012EA7
:1069000004D01E7906F00306022E13D190684F00C2
:106910000326BE40B0434F00DE68BE403043906067
:10692000506801268E40B0431E79C6F300168E4093
:10693000304350601E7906F00306032E09D0D0685C
:106940004F000326BE40B0434F009E68BE40304318
:10695000D0601E7906F00306022E13D1CF0802F193
:10696000200656F827004E07F70E0F26BE40B0430C
:106970004F07FF0E1E69BE403043CF0802F12006CC
:1069800046F8270010684F000326BE40B0431E792A
:1069900006F003064F00BE40304310605E6806F408
:1069A0004036002E76D000BF002600963C4E36685A
:1069B00046F480463A4F3E603E46366806F48046CE
:1069C000009600BF00BF374E8F0856F827008E078D
:1069D000370F0F26BE40B043334EB24202D10026DD
:1069E00024E057E0314EB24201D101261EE0304E84
:1069F000B24201D1022619E02E4EB24201D1032645
:106A000014E02D4EB24201D104260FE02B4EB242CB
:106A100001D105260AE02A4EB24201D1062605E040
:106A2000284EB24201D1072600E008268F073F0F0B
:106A3000BE4030431B4E8F0846F82700224E306878
:106A4000A0435E6806F4801606B120431E4E3060F7
:106A5000361D3068A0435E6806F4001606B1204378
:106A6000194E361D3060184E361F3068A0435E68E0
:106A700006F4003606B12043134E361F3060361F31
:106A80003068A0435E6806F4803606B120430E4E9F
:106A9000083E3060491C1029FFF426AFF8BD000005
:106AA000443802400838014000000240000402401F
:106AB00000080240000C0240001002400014024096
:106AC00000180240001C0240083C014002461369C5
:106AD0000B400BB1012000E0002070470AB181613A
:106AE00001E00B04836170470148006870470000B3
:106AF0002800002070B504460CB9012070BD94F840
:106B00003D0028B9002084F83C00204600F010FB2E
:106B1000242084F83D002068006820F001002168EE
:106B200008602068006840F4004021680860206820
:106B3000006820F400402168086001F02DFC054643
:106B40005C496068884206D85B48854201D20120D2
:106B500007E0002005E05948854201D2012000E00D
:106B60000020012800D1C9E75548B5FBF0F62068A0
:106B7000406820F03F003043216848604D4960681C
:106B8000884201D8701C07E04FF4967070434FF4B0
:106B90007A71B0FBF1F0401C2168096A21F03F01D5
:106BA00008432168086243496068884214D8681E17
:106BB00061684900B0FBF1F0401CC0F30B000428F1
:106BC00001D204203DE0681E61684900B0FBF1F08D
:106BD000401CC0F30B0034E0A06838B9681E61683F
:106BE00001EB4101B0FBF1F0401C0AE0681E616856
:106BF00001EBC10202EB0111B0FBF1F0401C40F4CB
:106C00008040C0F30B0008B901201AE0A06848B921
:106C1000681E616801EB4101B0FBF1F0401CC0F35C
:106C20000B000CE0681E616801EBC10202EB011170
:106C3000B0FBF1F0401CC0F30B0040F4804040F486
:106C400000402168C9694CF6FF72914308432168EE
:106C5000C861D4E9070108432168096821F0C0012F
:106C6000084321680860D4E9031008432168896853
:106C700048F2FF329143084321688860D4E9050156
:106C800008432168C96821F0FF0108432168C860F2
:106C90002068006840F0010021680860002020643E
:106CA000202084F83D000020206384F83E0000BFCF
:106CB00024E70000A086010080841E0000093D003A
:106CC00040420F002DE9FC5F04460F46904699466E
:106CD000DDE90CAB0E9EFFF707FF054694F83D007B
:106CE000202870D119230122B5492046009503F0D0
:106CF00010FA10B10220BDE8FC9F00BF94F83C00E0
:106D0000012801D10220F6E7012084F83C0000BFF1
:106D10002068006800F0010028B92068006840F091
:106D20000100216808602068006820F40060216884
:106D30000860222084F83D00402084F83E000020B6
:106D40002064C4F824A0A4F82AB0608D20859D4852
:106D5000E0624B46424639462046CDE9006503F0E5
:106D600085F808B10120C6E7208D88B900BF002052
:106D7000019020684069019020688069019000BFFF
:106D800000BF2068006840F400702168086040E09F
:106D9000208D012818D12068006820F480602168C7
:106DA000086000BF002001902068406901902068C1
:106DB0008069019000BF00BF2068006840F4007047
:106DC0002168086025E0F8E0208D022816D12068AF
:106DD000006820F48060216808602068006840F442
:106DE00000602168086000BF0020019020684069B1
:106DF000019020688069019000BF0AE000BF002078
:106E0000019020684069019020688069019000BF6E
:106E100000BFC3E0208D03287ED8208D012815D126
:106E20002A463146204603F050FA08B1012062E7B5
:106E300020680069616A0870606A401C6062208D89
:106E4000401E2085608D401E6085A7E0208D0228B1
:106E50002AD1334600225C492046009503F059F9B7
:106E600008B1012047E72068006840F400702168FD
:106E7000086020680069616A0870606A401C60628E
:106E8000208D401E2085608D401E60852068006931
:106E9000616A0870606A401C6062208D401E208517
:106EA000608D401E608579E03346002246492046C9
:106EB000009503F02EF908B101201CE72068006856
:106EC00020F480602168086020680069616A0870A9
:106ED000606A401C6062208D401E2085608D401ECF
:106EE00060853346002238492046009503F011F9A9
:106EF00008B10120FFE62068006840F400702168B6
:106F0000086020680069616A0870606A401C6062FD
:106F1000208D401E208500E010E0608D401E6085C1
:106F200020680069616A0870606A401C6062208D98
:106F3000401E2085608D401E60852FE02A46314628
:106F4000204603F0C2F908B10120D4E620680069A8
:106F5000616A0870606A401C6062208D401E208556
:106F6000608D401E608520684069C0F38000A8B134
:106F7000208D032805D12068006820F480602168F6
:106F8000086020680069616A0870606A401C60627D
:106F9000208D401E2085608D401E6085208D00283C
:106FA0007FF438AF202084F83D00002084F83E00B4
:106FB00000BF84F83C0000BF9DE602209BE6000075
:106FC000020010000000FFFF040001002DE9FC5F3B
:106FD00004460F4690469946DDE90CAB0E9EFFF73E
:106FE00083FD054694F83D0020287DD11923012218
:106FF0004D492046009503F08CF810B10220BDE801
:10700000FC9F00BF94F83C00012801D10220F6E764
:10701000012084F83C0000BF2068006800F00100F7
:1070200028B92068006840F00100216808602068E5
:10703000006820F4006021680860212084F83D0089
:10704000402084F83E0000202064C4F824A0A4F866
:107050002AB0608D20853548E0624B46424639466D
:107060002046CDE9006502F0B1FF08B10120C6E776
:1070700031E02A463146204603F06CF950B1206CCD
:10708000042805D12068006840F400702168086079
:107090000120B4E7606A007821680861606A401CDA
:1070A0006062208D401E2085608D401E60852068B6
:1070B0004069C0F3800070B1208D60B1606A0078D3
:1070C00021680861606A401C6062208D401E208536
:1070D000608D401E6085208D0028CAD12A46314629
:1070E000204602F0E3FF00E01CE050B1206C0428D1
:1070F00005D12068006840F4007021680860012014
:107100007DE72068006840F4007021680860202056
:1071100084F83D00002084F83E0000BF84F83C0065
:1071200000BF6CE702206AE7020010000000FFFFCA
:1071300010B586B00446142101A8F9F761F92A496F
:10714000206888424DD100BF002000902748006889
:1071500040F00400254908600846006800F004007B
:10716000009000BF00BF00BF0020009008460068EC
:1071700040F0010008600846006800F0010000903F
:1071800000BF00BF4815019012200290012003901B
:10719000032004900420059001A91548FFF79CFBEB
:1071A0004FF4807001901220029001200390032080
:1071B00004900420059001A90E48FFF78DFB00BF45
:1071C0000020009009481030006840F40000074992
:1071D000103108600846006800F40000009000BF0D
:1071E00000BF06B010BD0000005C00403038024017
:1071F0000008024000000240034800680349097883
:107200000844014908607047280000203000002031
:1072100010B50D48006840F400700B49086008463E
:10722000006840F4806008600846006840F48070A0
:107230000860032000F0E0F8002000F007F800F0FC
:107240005FF8002010BD0000003C02402DE9F04135
:1072500088B004460027B84600BF002001902348AC
:10726000006840F01000214908600846006800F0FE
:107270001000019000BF00BF02A903A801F064F84C
:10728000069F1FB901F088F8054602E001F084F876
:1072900045001748B5FBF0F0A0F101081548164964
:1072A000086040F2E7311448C160C0F80480002152
:1072B00001618160816101F07BFD064696B90E484F
:1072C00001F00AFE06466EB9362000F043F8102C95
:1072D00007D200222146362000F050F8074804600B
:1072E00000E00126304608B0BDE8F0814038024099
:1072F00040420F0000100040841000202C000020AD
:1073000008B500BF002000901148006840F480409C
:107310000F4908600846006800F48040009000BFF4
:1073200000BF00BF00200090081F006840F08050A0
:10733000091F08600846006800F08050009000BFF8
:1073400000BF00220F21901E00F018F808BD0000B9
:10735000443802400146084600280DDB00BF00BF4C
:1073600000F01F0301229A4043099B0003F1E02330
:10737000C3F8002100BF00BF00BF70472DE9F05FD8
:1073800080460D461646002709F0C8FB07463946D9
:107390002A46334601F00700C0F1070ABAF1040F8C
:1073A00002D94FF0040A01E0C0F1070AD14600F10A
:1073B000040ABAF1070F02D24FF0000A01E0A0F16F
:1073C000030AD4464FF0010A0AFA09FAAAF1010A9F
:1073D0000AEA020A0AFA0CFA4FF0010B0BFA0CFB4C
:1073E000ABF1010B0BEA030B4AEA0B0421464046C2
:1073F00009F09CFBBDE8F09F00BF00F00702064BC0
:1074000019684FF6FF031940044B0B4343EA02216E
:10741000014B196000BF70470CED00E00000FA0559
:10742000704702461068416200207047F0B503467D
:1074300015461868446A21B944EA05401E68B062DE
:1074400019E01868806A04EB1044002208E018680C
:1074500000F5827050F8220004EB1044501CC2B2B8
:10746000481E9042F3D844EA0547186800F5827038
:107470004E1E40F826700020F0BD10B50446D4F82A
:10748000E00407F028FE10BD70B504460D4605EB7C
:10749000C50304F1140101EB8301CA682946D4F83D
:1074A000E00407F00BFD70BD70B504460D4605EB1A
:1074B000C50304F5157101EB8301CA682946D4F8A8
:1074C000E00407F083FD70BD10B50446D4F8E00475
:1074D00007F004FE10BD2DE9F04104460D4605F00D
:1074E0008000802808D105F00F0000EBC00104F1F6
:1074F000140000EB810607E005F00F0000EBC0016F
:1075000004F5157000EB81063146206809F03CF85F
:1075100007463846BDE8F08170B504460E4606F0D1
:10752000800080280AD106F00F0000EBC00104F1B2
:10753000140000EB81050120687009E006F00F00DF
:1075400000EBC00104F5157000EB810500206870A8
:1075500006F00F00287000BF94F89404012801D1B0
:10756000022070BD012084F8940400BF29462068E1
:1075700008F098FB00BF002084F8940400BF00BF0F
:10758000EFE770B504460E4606F00F0021798842F9
:1075900001D9012070BD06F0800080280AD106F0D4
:1075A0000F0000EBC00104F1140000EB8105012085
:1075B000687009E006F00F0000EBC00104F51570DB
:1075C00000EB8105002068700020A87006F00F0015
:1075D000287000BF94F89404012801D10220D9E753
:1075E000012084F8940400BF2946206808F058FD63
:1075F00000BF002084F8940400BF00BFCAE7024621
:1076000001F00F0000EBC00302F5157000EB8300E2
:10761000406970472DE9F04705460E4690461F46E3
:107620004FF0000906F0800080280AD106F00F0014
:1076300000EBC00105F1140000EB81040120607033
:1076400009E006F00F0000EBC00105F5157000EB36
:1076500081040020607006F00F002070C8F30A005B
:10766000A0602771607808B120786083022F01D173
:107670000020607100BF95F89404012802D1022017
:10768000BDE8F087012085F8940400BF21462868F2
:1076900008F014FA00BF002085F8940400BF4846A3
:1076A000EEE72DE9F04105460E461746984606F0EE
:1076B0000F0000EBC00105F5157000EB8104E760D9
:1076C000C4F8108000206061607006F00F00207028
:1076D000A879012800D1E761AA792146286808F035
:1076E00073FD0020BDE8F08170B504460D4605F03D
:1076F0000F002179884201D9012070BD05F080007A
:1077000080280AD105F00F0000EBC00104F114003D
:1077100000EB81060120707007E005EBC50104F560
:10772000157000EB8106002070700120B07005F02C
:107730000F00307000BF94F89404012801D102209A
:10774000DBE7012084F8940400BF3146206808F08C
:10775000EEFC05F00F0028B9A17904F29C422068E4
:1077600008F066FC00BF002084F8940400BF00BF4E
:10777000C3E72DE9F04105460E461746984606F048
:107780000F0000EBC00105F1140000EB8104E7607D
:10779000C4F81080002060610120607006F00F00C6
:1077A0002070A879012800D1E761AA7921462868CC
:1077B00008F00AFD0020BDE8F0812DE9FE4F0446E7
:1077C000D4F800B05E46206808F0C0FF002874D1ED
:1077D000206808F0FAFF08B9BDE8FE8F40F60800FF
:1077E0008059C0F30D20C4F8D404206808F0EDFFE0
:1077F00000F00200022805D12068406900F0020074
:1078000021684861206808F0E0FF00F010001028AF
:1078100045D12068806920F0100021688861DBF87C
:10782000209009F00F0000EBC00104F5157000EB8B
:10783000810AC9F3434002281AD147F6F07009EAD9
:10784000000030B3C9F30A125846DAF80C1008F0F9
:10785000C1FFC9F30A11DAF80C000844CAF80C0099
:10786000C9F30A11DAF814000844CAF8140010E049
:10787000C9F3434006280CD1082204F29C41584623
:1078800008F0A8FFC9F30A11DAF814000844CAF88E
:1078900014002068806940F0100021688861206829
:1078A00008F093FF00F40020B0F5002F7BD10025F5
:1078B000206808F05AFF029072E0E1E2029800F0BE
:1078C0000100002868D0E9B2206808F071FF804606
:1078D00008F0010048B1012106F5306000EB4510C9
:1078E00081602946204604F0FDF908F008000828C8
:1078F00009D1082106F5306000EB4510816029466A
:10790000204604F0BDF908F01000102805D1102120
:1079100006F5306000EB4510816008F00200022897
:1079200024D1DBF8140000F08000802807D140F655
:107930000400805940F4806140F60400815105EB59
:10794000C50104F5157000EB810A9AF803000128BF
:1079500006D100208AF80300E9B2204600F09BFA25
:10796000022106F5306000EB4510816008F0200030
:10797000202805D1202106F5306000EB45108160FC
:1079800008F40050B0F5005F06D14FF4005106F541
:10799000306000EB451081606D1C02984008029039
:1079A000029800288AD1206808F00FFF00F4802098
:1079B000B0F5802F7DD1206808F0CDFE0290002523
:1079C0009AE0029800F00100002873D0E9B2206824
:1079D00008F0D5FE804608F00100F0B305F00F0175
:1079E00001208840019040F634008159019821EA35
:1079F000000040F634018851012106F5106000EBCB
:107A000045108160A079012824D105EBC50104F15E
:107A1000140000EB810005EBC502C16804F11400FD
:107A200000EB82008068014405EBC50204F11400FC
:107A300000EB8200C1606DB905EBC50104F11400D3
:107A400000EB8100006928B904F29C420121206802
:107A500008F0EEFAE9B2204600E001E0FFF714FD7D
:107A600008F00800082805D1082106F5106000EB91
:107A70004510816008F01000102805D1102106F58E
:107A8000106000EB4510816008F04000402805D1EF
:107A9000402106F5106000EB4510816008F00200FF
:107AA00002281DD12946584608F013FE05EBC501F2
:107AB00001E025E01CE004F1140000EB810A9AF8D3
:107AC0000300012806D100208AF80300E9B220460D
:107AD00000F0D8F9022106F5106000EB4510816036
:107AE00008F08000802803D12946204604F09CF944
:107AF0006D1C029840080290029800287FF461AF44
:107B0000206808F062FE00F00040B0F1004F1CD188
:107B100040F60400805920F0010140F60400815134
:107B200094F8CC04012807D1002084F8CC0400216B
:107B30002046FFF775FC02E0204600F0D1FA2068ED
:107B4000406900F0004021684861206808F03DFE6F
:107B500000F40060B0F5006F0ED140F608008059C7
:107B600000F0010010B1204600F012FB20684069CF
:107B700000F4006021684861206808F026FE00F4E7
:107B80008050B0F5805F7ED140F60400805920F02F
:107B9000010140F6040081511021206808F099FD90
:107BA000002732E04FF67F3106F5106000EB4710FA
:107BB000816006F5106000EB4710006820F40011AA
:107BC00006F5106000EB471001604FF67F3106F5B7
:107BD000306000EB4710816006F5306000EB471025
:107BE000006820F4001106F5306000EB47100160DA
:107BF00006F5306000EB4710006840F0006106F5C4
:107C0000306000EB471001607F1C2079B842C9D872
:107C100040F61C00805940F0011140F61C008151D3
:107C2000E07B70B1D6F8840840F00B01C6F88418E8
:107C300040F64400805940F00B0140F64400815169
:107C40000FE040F61400805942F22B01084340F641
:107C500014018851081F805940F00B014FF4016056
:107C60008151D6F8000820F4FE60C6F80008A1791A
:107C700004F29C42206808F0DBF92068406900F4B7
:107C80008050216800E000E04861206808F09DFD18
:107C900000F40050B0F5005F17D1206807F076FFC0
:107CA000206808F040FDE07100F070FB0090E27980
:107CB0002068009908F010FE204600F0F9F92068CD
:107CC000406900F4005021684861206808F07DFD9B
:107CD00000F00800082808D1204600F008FA2068C3
:107CE000406900F0080021684861206808F06DFDD7
:107CF00000F08000802818D1DBF8180020F0800008
:107D0000CBF8180001250DE005EBC50104F5157051
:107D100000EB8100C078012803D1E9B22046FFF7CB
:107D2000DAFB6D1C2079A842EED8206808F04DFDE2
:107D300000F48010B0F5801F2DD1012522E006F55A
:107D4000106000EB4510D0F8009005EBC50104F180
:107D5000140000EB81000079012812D109F00040E5
:107D6000B0F1004F0DD1012105EBC50204F1140063
:107D700000EB8200C170E8B240F080012046FFF7BE
:107D8000AAFB6D1C2079A842D9D82068406900F46C
:107D9000801021684861206808F017FD00F4001089
:107DA000B0F5001F44D1012538E006F5306000EB46
:107DB0004510D0F8009005EBC50104F5157000EBF7
:107DC00081000079012828D109F00040B0F1004F6E
:107DD00023D194F8D40400F00100C9F30041884293
:107DE0001BD1012105EBC50204F5157000EB8200E3
:107DF000C170DBF8180040F08000CBF81800DBF809
:107E0000140000F0800040B940F60400805940F4AE
:107E1000007140F60400815103E06D1C2079A842F6
:107E2000C3D800BF2068406900F400102168486191
:107E3000206808F0CAFC00F08040B0F1804F08D103
:107E40002046FFF71AFB2068406900F08040216857
:107E50004861206808F0B9FC00F0040004280FD144
:107E60002068D0F8049009F00400042802D12046CC
:107E7000FFF72AFB2068406840EA09002168486053
:107E800000BFA9E470B504460D462946D4F8E004C5
:107E900007F090F970BD70B504460D462946D4F838
:107EA000E00407F0ABF970BDF8B504460CB9012049
:107EB000F8BD266894F8950428B9002084F8940445
:107EC000204600F0A1F8032084F89504B6F1A04FF5
:107ED00001D10021A171206808F0A2F8207C8DF862
:107EE000000094E80F0007F065FE20B1022084F83E
:107EF00095040120DCE70021206808F09BFC20B1FC
:107F0000022084F895040120D2E7002531E0012108
:107F100005EBC50204F1140000EB8200417005EB93
:107F2000C50104F1140000F8215005EBC50100EB78
:107F300081004583002105EBC50204F1140000EB2C
:107F40008200017105EBC50204F1140000EB820010
:107F5000816005EBC50204F1140000EB8200C160F2
:107F600005EBC50204F1140000EB82000161681CFE
:107F7000C5B22079A842CADC00252AE0002105EB21
:107F8000C50204F5157000EB8200417005EBC501D8
:107F900004F5157000F82150002105EBC50200EB37
:107FA0008200017105EBC50204F5157000EB82003B
:107FB000816005EBC50204F5157000EB8200C1601D
:107FC00005EBC50204F5157000EB82000161681C29
:107FD000C5B22079A842D1DC207C8DF8000094E85D
:107FE0000F0007F029FF20B1022084F8950401203A
:107FF0005EE700206074012084F89504206807F093
:1080000009FF002054E7000010B586B00446142193
:1080100001A8F8F7F5F92068B0F1A04F42D100BFF0
:10802000002000902048006840F001001E490860D0
:108030000846006800F00100009000BF00BF4FF448
:10804000C050019002200290002003900320049071
:108050000A20059001A91548FEF73EFC00BF124812
:10806000001D006840F080000F49091D086000BF36
:10807000002000900C481430006840F480400A4909
:10808000143108600846006800F48040009000BF8A
:1080900000BF00BF002205214320FFF76FF94320F6
:1080A000FFF758F906B010BD30380240000002401A
:1080B00070B504460125E07908B9002506E0E079AD
:1080C000022801D1012501E0FCF70DFB2946D4F877
:1080D000E00407F03DF9D4F8E00407F0E3F870BDE0
:1080E00010B50446D4F8E00407F013F910BD10B53C
:1080F0000446D4F8E00407F017F910BD70B5044643
:108100000D4600BF94F89404012801D1022070BDEF
:10811000012084F8940400BF65742946206808F0A3
:10812000BDFB00BF002084F8940400BF00BFEEE751
:1081300010B5044604F29C41D4F8E00407F01FF99E
:1081400010BD70B50446256800BF94F8940401285A
:1081500001D1022070BD012084F8940400BFE868BA
:1081600000F0400030B1607B012803D1A86B40F4DF
:108170008030A863206808F07DFA206807F038FE98
:1081800000BF002084F8940400BF00BFE2E70000B5
:1081900010B50446D4F8E00407F04EF92068D0F892
:1081A000000E40F001002168C1F8000EE07A28B10D
:1081B0000348006840F006000149086010BD000057
:1081C00010ED00E070B504460D460CB9012070BDFD
:1081D0005848006800F00700A84209D255490D70C0
:1081E0000846006800F00700A84201D00120EEE731
:1081F000207800F0020002281DD1207800F0040051
:10820000042805D14C48006840F4E0504A49086011
:10821000207800F00800082805D14748006840F49D
:108220006040454908604448006820F0F000A168BB
:10823000084341490860207800F00100A8B3606855
:10824000012807D13C4808380068C0F34040B8B95D
:108250000120BCE76068022802D06068032807D1CB
:10826000354808380068C0F3406048B90120AEE7DF
:10827000314808380068C0F3400008B90120A6E77B
:108280002D48006820F00300616808432A4908600F
:10829000FEF72AFC064609E0FEF726FC801B41F2A9
:1082A0008831884202D9032091E707E0224800681C
:1082B00000F00C006168B0EB810FEDD11D48006843
:1082C00000F00700A84209D91A490D700846006855
:1082D00000F00700A84201D0012078E7207800F0E4
:1082E0000400042807D11448006820F4E050E16835
:1082F000084311490860207800F00800082808D1D8
:108300000D48006820F46040216940EAC1000A4934
:10831000086000F061F808490968C1F30311074AD1
:10832000515CC8400649086006480068FEF78EFFA9
:1083300000204CE7003C024008380240EC7C010879
:10834000340000202C0000200F2202600D4A126829
:1083500002F0030242600B4A126802F0F0028260EF
:10836000084A126802F4E052C260064A126802F437
:108370006042D2080261044A126802F007020A60F1
:108380007047000008380240003C02400148006885
:10839000704700003400002000B5FFF7F7FF0449E4
:1083A0000968C1F38221034A515CC84000BD000046
:1083B00008380240FC7C010800B5FFF7E7FF0449DC
:1083C0000968C1F34231034A515CC84000BD000056
:1083D00008380240FC7C01082DE9F0470024002504
:1083E0000026A1462548006800F00C0020B10428B2
:1083F00005D008283AD105E0DFF8849039E0DFF8AD
:10840000849036E01D48001F006800F03F041B48C0
:10841000001F006800F4800078B11A481749091F4E
:108420000968C1F38811A0FB0170014622460023B0
:108430003846F7F79BFF05460EE011480F49091F24
:108440000968C1F38811A0FB017001462246002390
:108450003846F7F78BFF05460848001F0068C0F351
:108460000140401C4600B5FBF6F902E0DFF8109031
:1084700000BF00BF4846BDE8F08700000838024052
:108480000024F400001BB700F8B504460CB9012025
:10849000F8BD207800F00100002874D0F948006889
:1084A00000F00C0004280DD0F648006800F00C0025
:1084B000082813D1F348001F006800F48000B0F5CD
:1084C000800F0BD1EF4808380068C0F34040002807
:1084D00059D06068002856D10120D9E700BF6068F4
:1084E000B0F5803F08D1E7480838006840F4803094
:1084F000E449083908601EE06068B0F5A02F0DD18E
:10850000E0480838006840F48020DE4908390860F7
:108510000846006840F4803008600CE0D94808380C
:10852000006820F48030D7490839086008460068A0
:1085300020F48020086000BF606890B1FEF7D4FA94
:10854000054606E0FEF7D0FA401B642801D9032057
:108550009EE7CC4808380068C0F340400028F1D0BE
:1085600011E0FEF7C1FA054606E0FEF7BDFA401B32
:10857000642801D903208BE7C24808380068C0F39B
:1085800040400028F1D1207800F0020002285FD19D
:10859000BC48006800F00C0058B1BA48006800F010
:1085A0000C0008281CD1B748001F006800F48000A8
:1085B000B0B9B44808380068C0F3400020B1E068A2
:1085C000012801D0012063E7AE480838006820F098
:1085D000F800216940EAC100AA490839086037E07B
:1085E000E06800B30120A8490860FEF77DFA05465F
:1085F00006E0FEF779FA401B022801D9032047E77D
:10860000A04808380068C0F340000028F1D09D4819
:108610000838006820F0F800216940EAC100994953
:108620000839086014E0002097490860FEF75CFAFA
:10863000054606E0FEF758FA401B022801D9032040
:1086400026E7904808380068C0F340000028F1D1C0
:10865000207800F0080008282CD16069A8B101201A
:108660008A490860FEF740FA054606E0FEF73CFA44
:10867000401B022801D903200AE782486C300068B9
:10868000C0F340000028F1D014E000207F490860CA
:10869000FEF72AFA054606E0FEF726FA401B0228F6
:1086A00001D90320F4E677486C300068C0F340003D
:1086B0000028F1D1207800F00400042870D10027B0
:1086C00070483830006800F0805090B900BF00203A
:1086D00000906C483830006840F08050694938316B
:1086E00008600846006800F08050009000BF00BF9E
:1086F00001276748006800F48070B0B964480068DA
:1087000040F4807062490860FEF7EEF9054606E025
:10871000FEF7EAF9401B022801D90320B8E65C48BD
:10872000006800F480700028F2D000BFA068012823
:1087300008D154486830006840F001005149683160
:1087400008601DE0A06805280DD14E48683000681B
:1087500040F004004B49683108600846006840F06A
:10876000010008600CE047486830006820F0010014
:108770004449683108600846006820F00400086039
:1087800000BFA068A8B1FEF7AFF9054609E0FEF703
:10879000ABF9401B41F28831884202D9032077E6C9
:1087A00026E0384868300068C0F340000028EED06A
:1087B00013E0FEF799F9054608E0FEF795F9401B2E
:1087C00041F28831884201D9032061E62D486830A2
:1087D0000068C0F340000028EFD1012F07D12948DD
:1087E0003830006820F0805026493831086000BFDA
:1087F000A069002845D02348006800F00C00082834
:108800005DD0A069022845D100201F490866FEF707
:108810006BF9054606E0FEF767F9401B022801D90F
:10882000032035E6174808380068C0F34060002888
:10883000F1D1D4E907010843616A40EA81110122BC
:10884000A06AC2EB500041EA00412C20005D41EAE1
:1088500000600C49091F086001200B490866FEF7FB
:1088600043F9054606E0FEF73FF9401B022801D90F
:1088700003200DE6034808380068C0F34060002874
:10888000F1D049E00838024000004742800E4742DC
:1088900000700040002021490866FEF725F90546D2
:1088A00006E0FEF721F9401B022801D90320EFE57D
:1088B0001B480068C0F340600028F2D12CE0A0699A
:1088C000012800D1E4E51648001D0668A0690128CA
:1088D00020D006F48001E06981421BD106F03F01FF
:1088E000206A814216D147F6C0703040616AB0EB11
:1088F000811F0FD106F440310122A06AC2EB500063
:10890000B1EB004F06D106F070612C20005DB1EB99
:10891000006F01D00120BBE50020B9E5000047420F
:108920000038024010B504460CB9012010BD606A41
:1089300038B96068B0F5827F00D105E00021E161BF
:1089400002E00021216161610021A16294F85100DF
:1089500028B9002084F85000204600F047F8022093
:1089600084F851002068006820F040002168086009
:10897000A08800F48270218901F404410843A18990
:1089800001F400610843217C01F002010843217DCC
:1089900001F001010843218B01F400710843217F9C
:1089A00001F0380108432021095D01F080010843EE
:1089B000218D01F400510843216808600421A06959
:1089C00001EA104094F8241001F0100108432168D6
:1089D00048602068C06920F400602168C8610020F8
:1089E0006065012084F8510000209FE710B586B033
:1089F0000446142101A8F7F703FD2949206888429D
:108A00004CD100BF002000902648006840F4805000
:108A1000244908600846006800F48050009000BFB8
:108A200000BF00BF002000901E481438006840F0CE
:108A300002001C49143908600846006800F0020072
:108A4000009000BF00BF00BF0020009008460068F3
:108A500040F0010008600846006800F00100009046
:108A600000BF00BF18200190022002900020039058
:108A7000032004900520059001A90B48FDF72CFF69
:108A80008020019002200290002003900320049097
:108A90000520059001A90548FDF71EFF06B010BD91
:108AA000003001404438024000040240000002400F
:108AB0002DE9FE4F04460F4690461D460C9E0120B0
:108AC0000190FEF711F8814694F851B06068029069
:108AD000AA46BBF1010F0BD00298B0F5827F04D1FA
:108AE000A06810B9BBF1040F02D00220BDE8FE8FD0
:108AF0001FB1B8F1000F00D00DB90120F6E700BF9B
:108B000094F85000012801D10220EFE7012084F8F9
:108B1000500000BF94F85100042802D0052084F8CA
:108B2000510000206065C4F83880E587A587276379
:108B3000E586A586206460642068006800F0400037
:108B4000402805D02068006840F040002168086097
:108B5000E068B0F5006F52D1606810B1BAF1010F52
:108B600009D1206B00882168C860206B801C2063BD
:108B7000E08E401EE0863BE02068806800F0020046
:108B8000022810D1E08E70B1019801280BD1206B22
:108B900000882168C860206B801C2063E08E401E26
:108BA000E086002001902068806800F0010068B134
:108BB000E08F58B12068C068A16B0880A06B801C52
:108BC000A063E08F401EE08701200190FDF78CFF3D
:108BD000A0EB0900B0420BD3701C48B1012084F80F
:108BE000510000BF002084F8500000BF03207DE743
:108BF000E08E0028C0D1E08F0028BDD152E060682F
:108C000010B1BAF1010F09D1206B00782168087307
:108C1000206B401C2063E08E401EE0863CE0206814
:108C2000806800F00200022810D1E08E70B1019837
:108C300001280BD1206B007821680873206B401C41
:108C40002063E08E401EE08600200190206880684E
:108C500000F0010068B1E08F58B12068C068A16BD6
:108C60000870A06B401CA063E08F401EE0870120CD
:108C70000190FDF739FFA0EB0900B04201D3701C51
:108C800000B94EB9012084F8510000BF002084F8DB
:108C9000500000BF032029E7E08E0028BFD1E08FFD
:108CA0000028BCD14A463146204603F01FFD40B1A2
:108CB0002020606500BF002084F8500000BF012024
:108CC00014E7A06850B900BF002000902068C06879
:108CD000009020688068009000BF00BF012084F8E9
:108CE000510000BF002084F8500000BF606D08B143
:108CF0000120FBE60020F9E67047704730B50246D8
:108D00000B4600BF92F83C00012801D1022030BD83
:108D1000012082F83C0000BF022082F83D0010686C
:108D200044681068816824F070041868044310686F
:108D30004460184D1068A8421BD01068B0F1804FF5
:108D400017D0154D1068A84213D0144D1068A842D2
:108D50000FD0134D1068A8420BD0124D1068A842D6
:108D600007D0114D1068A84203D0104D1068A842DA
:108D700005D121F08001586801431068816001200D
:108D800082F83D0000BF002082F83C0000BF00BF19
:108D9000BDE7000000000140000400400008004062
:108DA000000C004000040140004001400018004059
:108DB00010B504460CB9012010BD94F83D0028B947
:108DC000002084F83C00204600F026F8022084F8B9
:108DD0003D00211D206804F0BFFA012084F8460000
:108DE00000BF84F83E0001213F200155402001557D
:108DF0004120015500BF00BF012084F842004320FC
:108E00000155442001554520015500BF012084F83B
:108E10003D000020D0E7000008B52A4A01689142D1
:108E20000FD100BF002100912749096841F00101DD
:108E3000254A11601146096801F00101009100BF47
:108E40003FE0224A0168914211D100BF0021009108
:108E50001D49091F096841F002011B4A121F1160D8
:108E60001146096801F00201009100BF29E0184A8B
:108E70000168914211D100BF002100911249091FE0
:108E8000096841F00801104A121F11601146096873
:108E900001F00801009100BF13E00E4A0168914201
:108EA0000FD100BF002100910749096841F400314A
:108EB000054A11601146096801F40031009100BFB4
:108EC00000BF08BD000001404438024000040040DB
:108ED000000C004000440140014691F83D0001288B
:108EE00001D001207047022081F83D000868C06869
:108EF00040F001000B68D8601A4B086898421BD0FC
:108F00000868B0F1804F17D0174B0868984213D00B
:108F1000164B086898420FD0154B086898420BD042
:108F2000144B0868984207D0134B0868984203D046
:108F3000124B086898420CD10868806800F007025C
:108F4000062A0CD00868006840F001000B68186021
:108F500005E00868006840F001000B681860002018
:108F6000C0E700000000014000040040000800408D
:108F7000000C004000040140004001400018004087
:108F80002DE9F04104460D46002700BF94F83C004F
:108F9000012802D10220BDE8F081012084F83C00C4
:108FA00000BF022084F83D002068866826F077061E
:108FB00026F47F46206886602868502833D00CDC71
:108FC000202850D004DC00284BD0102851D149E093
:108FD000302849D040284CD139E060282DD0702865
:108FE00007D0B0F5805F03D0B0F5005F41D10DE050
:108FF00041E0D5E902136A68206804F02EFA20687F
:10900000866846F077062068866034E0D5E902136A
:109010006A68206804F021FA2068806840F4804083
:109020002168886027E0EA686968206804F006FB28
:109030005021206804F01CFA1DE0EA686968206885
:1090400004F00FFB6021206804F012FA13E0EA68D4
:109050006968206804F0F2FA4021206804F008FAF8
:1090600009E000BF00BF00BF2968206804F000FAD3
:1090700001E0012700BF00BF012084F83D0000BFD0
:10908000002084F83C0000BF384684E7704770B584
:1090900004462068C5682068066906F002000228B8
:1090A00019D105F00200022815D1401F216808617E
:1090B000012020772068806900F0030018B1204665
:1090C000FFF7E4FF05E0204600F03CF9204600F001
:1090D00009FA0020207706F00400042819D105F0D1
:1090E0000400042815D1C0432168086102202077BC
:1090F0002068806900F4407018B12046FFF7C6FF71
:1091000005E0204600F01EF9204600F0EBF90020B3
:10911000207706F00800082819D105F00800082873
:1091200015D1C04321680861042020772068C069F8
:1091300000F0030018B12046FFF7A8FF05E0204625
:1091400000F000F9204600F0CDF90020207706F06D
:109150001000102819D105F01000102815D1C043B7
:1091600021680861082020772068C06900F44070F9
:1091700018B12046FFF78AFF05E0204600F0E2F82C
:10918000204600F0AFF90020207706F0010048B13A
:1091900005F0010030B16FF0010021680861204640
:1091A00000F028FA06F08000802809D105F0800040
:1091B000802805D1C043216808612046FFF79CFD47
:1091C00006F04000402809D105F04000402805D1B4
:1091D000C04321680861204600F018FA06F020001C
:1091E000202809D105F02000202805D1C04321689E
:1091F00008612046FFF781FD70BD000010B586B004
:109200000446142101A8F7F7FBF845492068884275
:109210001DD100BF002000904248006840F00400CB
:10922000404908600846006800F00400009000BF54
:1092300000BF881501900220029000200390049046
:109240000220059001A93848FDF746FB66E0374942
:10925000206888421ED100BF00200090314800687D
:1092600040F008002F4908600846006800F0080038
:10927000009000BF00BF4FF4804001900220029098
:109280000020039004900220059001A92848FDF7D2
:1092900023FB43E02749206888421ED100BF0020FD
:1092A00000902048006840F080001E490860084691
:1092B000006800F08000009000BF00BF4FF4E05055
:1092C000019002200290002003900490022005905B
:1092D00001A91948FDF700FB20E0184920688842E1
:1092E0001CD100BF002000900E48006840F0200014
:1092F0000C4908600846006800F02000009000BF9C
:1093000000BF4020019002200290002003900490B2
:109310000320059001A90A48FDF7DEFA06B010BD4A
:1093200000040040303802400008024000080040BD
:10933000000C0240000C0040001C024000440140B0
:109340000014024070472DE9F04104460D461646D0
:10935000002700BF94F83C00012802D10220BDE89C
:10936000F081012084F83C0000BF36B1042E1BD0F0
:10937000082E31D00C2E5ED145E02946206804F03D
:1093800081F82068806940F00800216888612068C1
:10939000806920F00400216888612068806929695B
:1093A00008432168886148E02946206804F0A2F853
:1093B0002068806940F400602168886120688069C5
:1093C00020F480602168886120688069296940EA0A
:1093D00001202168886130E02946206804F0C8F83F
:1093E0002068C06940F008002168C8612068C06931
:1093F00020F004002168C8612068C0692969084319
:109400002168C86119E02946206804F0EDF8206859
:10941000C06940F400602168C8612068C06920F418
:1094200080602168C8612068C069296940EA01201C
:109430002168C86101E0012700BF00BF00BF002014
:1094400084F83C0000BF384689E710B504460CB9E3
:10945000012010BD94F83D0028B9002084F83C009C
:10946000204600F025F8022084F83D00211D2068E8
:1094700003F072FF012084F8460000BF84F83E002C
:1094800001213F200155402001554120015500BFD9
:1094900000BF012084F842004320015544200155BB
:1094A0004520015500BF012084F83D000020D0E791
:1094B00008B50A4A016891420FD100BF002100910E
:1094C0000749096841F00401054A1160114609681D
:1094D00001F00401009100BF00BF08BD000800407A
:1094E000403802407047000070B504460D4615B97B
:1094F00094F83E000BE0042D02D13F20005D06E011
:10950000082D02D14020005D01E04120005D0128CE
:1095100001D0012070BD1DB9022084F83E000EE08C
:10952000042D03D102213F20015508E0082D03D16D
:1095300002214020015502E0022141200155012273
:109540002946206803F078FF23492068884203D029
:1095500022492068884201D1012000E0002028B182
:109560002068406C40F40040216848641A49206833
:1095700088421BD02068B0F1804F17D0184920686E
:10958000884213D01749206888420FD016492068B6
:1095900088420BD011492068884207D013492068BF
:1095A000884203D01249206888420CD12068806824
:1095B00000F00706062E0CD02068006840F001007D
:1095C0002168086005E02068006840F0010021681B
:1095D000086000209EE700000000014000040140F8
:1095E0000004004000080040000C00400040014022
:1095F0000018004010B5044603492068884201D194
:10960000FDF7FAFD10BD00000010004070477047E4
:10961000704700002DE9F84F04462068056820686F
:10962000C668206847694FF00009CA4605F00F096F
:10963000B9F1000F0AD105F0200038B106F0200082
:1096400020B1204604F00BFBBDE8F88FB9F1000F04
:109650007CD007F0010018B906F49070002875D08E
:1096600005F0010030B106F4807018B1606C40F074
:109670000100606405F0040030B107F0010018B18A
:10968000606C40F00200606405F0020030B107F049
:10969000010018B1606C40F00400606405F008003F
:1096A00048B106F0200010B907F0010018B1606C55
:1096B00040F008006064606C002846D005F020008F
:1096C00028B106F0200010B1204604F0C8FA206846
:1096D0004069C0F3801A606C00F0080010B9BAF15C
:1096E000000F2DD0204604F061FA2068406900F098
:1096F0004000402820D100BF00BF2168143151E84C
:10970000001F21F040002168143141E80002002AC6
:10971000F3D100BFE06B50B17F48E16B0865E06BAF
:10972000FCF7E5FD88B1E06B016D88470DE0204650
:10973000FFF76EFF09E009E02046FFF769FF04E04C
:109740002046FFF765FF002060647DE7206B01285D
:1097500078D105F01000002874D006F01000002821
:10976000FAD000BF002000902068006800902068B8
:109770004068009000BF00BF2068406900F04000D2
:10978000402870D1E06B006840681FFA80F8B8F19B
:10979000000F58D0A08D404555DDA4F82E80E06B19
:1097A000C069B0F5807F43D000BF00BF21680C3195
:1097B00051E8001F21F4807021680C3141E800025B
:1097C000002AF3D100BF00BF00BF2168143151E867
:1097D000001F21F001002168143141E80002002A35
:1097E000F3D100BF00BF00BF2168143151E8001F52
:1097F00021F040002168143141E80002002AF3D131
:1098000000BF202084F842000020206300BF00BF7A
:1098100021680C3151E8001F21F0100021680C3143
:1098200041E80002002AF3D100BFE06BFCF709FD1C
:1098300002206063A08DE28D801A81B22046FFF77E
:10984000E6FE0EE052E0A08D40450AD1E06BC06913
:10985000B0F5807F05D102206063A18D2046FFF71F
:10986000D6FEF1E6FFE7A08DE18D401A1FFA80F8E1
:10987000E08DD0B3B8F1000F37D000BF00BF216832
:109880000C3151E8001F21F4907021680C3141E83F
:109890000002002AF3D100BF00BF00BF21681431CD
:1098A00051E8001F21F001002168143141E8000255
:1098B000002AF3D100BF202084F84200002020635A
:1098C00000BF00BF21680C3151E8001F21F01000DB
:1098D00021680C3141E80002002AF3D100BF0220C8
:1098E000606341462046FFF792FEADE605F080003A
:1098F00030B106F0800018B1204604F0D7FBA3E693
:1099000005F0400030B106F0400018B1204604F0E8
:1099100083F999E600BF97E60DDA000810B5044612
:109920000CB9012010BDA06900B100E000BF94F89F
:10993000410028B9002084F84000204600F02AF8B1
:10994000242084F841002068C06820F40050216879
:10995000C860204604F002FA2068006920F49040B4
:10996000216808612068406920F02A002168486168
:109970002068C06840F400502168C860002060641E
:10998000202084F8410084F842000020606300BF7A
:10999000C8E7000010B586B00446142101A8F6F708
:1099A0002FFDC149206888427ED100BF0020009071
:1099B000BE48006840F01000BC49086008460068D6
:1099C00000F01000009000BF00BF00BF002000901A
:1099D000B6481438006840F00200B44914390860F1
:1099E0000846006800F00200009000BF00BF00BF02
:1099F000002000900846006840F00100086008461A
:109A0000006800F00100009000BF00BF80200190BE
:109A1000022002900020039003200490072005906C
:109A200001A9A348FCF758FF4FF4007001900220F1
:109A3000029000200390032004900720059001A9C4
:109A40009C48FCF749FF9C489C4908604FF0006027
:109A50004860002199488160C1604FF480610161D4
:109A60000021416181614FF48071C161090201628D
:109A700000214162FCF770FD08B1FAF734FE00BF27
:109A80008E48E063846300BF8B4830308C490860A7
:109A90004FF0006048604021894881600021C1602A
:109AA0004FF48061016100E01BE0002141618161B0
:109AB000C1614FF48031016200214162FCF74CFD2D
:109AC00008B1FAF710FE00BF7D48A063846300BFB1
:109AD000002205212520FDF751FC2520FDF73AFC49
:109AE000E0E07849206888425CD100BF0020009007
:109AF0006E48001F006840F480206C49091F086010
:109B00000846006800F48020009000BF00BF00BF3E
:109B10000020009065481438006840F00400634954
:109B2000143908600846006800F00400009000BF87
:109B300000BF4FF44060019002200290002003908B
:109B4000032004900720059001A95F48FCF7C4FE9C
:109B50005E485F4908604FF00060486000215C4843
:109B60008160C1604FF480610161002141618161C8
:109B70004FF48071C1610902016200214162FCF76A
:109B8000EBFC08B1FAF7AFFD00BF5148E063846316
:109B900000BF002205212720FDF7F0FB2720FDF75D
:109BA000D9FB7FE04B49206888427BD100BF002071
:109BB00000903E48006840F020003C49086008469C
:109BC000006800F02000009000BF00BF00BF002030
:109BD000009036481438006840F04000334914398A
:109BE00008600846006800F04000009000BF00BF19
:109BF0004FF4844001900220029000200390032043
:109C000004900820059001A93348FCF765FE2A4816
:109C10006038324908608005486000212F48816023
:109C2000C1604FF4806101610021416181614FF4A5
:109C30008071C1610902016200214162FCF78CFC64
:109C400008B1FAF750FD00BF2448E063846300BF09
:109C500019481830224908604FF0206048604021C0
:109C60001F4881600021C1604FF4806101610021C3
:109C700041618161C1614FF4803101620021416223
:109C8000FCF76AFC08B1FAF72EFD00BF1448A06388
:109C9000846300BF002205214720FDF76FFB4720AA
:109CA000FDF758FB06B010BD0010014044380240DB
:109CB000000402400000024088640240A40E00201C
:109CC000040F0020004800400008024028600240C5
:109CD000640F00200014014000180240C40F00204F
:109CE0002410002070B504460D46164694F8420034
:109CF00020280BD105B10EB9012070BD00202063D2
:109D000032462946204604F03FF9F6E70220F4E700
:109D100010B501460022002012E00B4B53F8203012
:109D20001B681B680C68A34208D1074B53F820300E
:109D3000DB88CC6B246864681B1B9AB2431CD8B2C6
:109D40000328EADB10BD0000B88000207047000047
:109D5000F7B50446154694F8410020283ED10198F5
:109D600000B10DB90120FEBD01982062A584E584F3
:109D700000206064212084F841001948A16BC86369
:109D80001848A16B08641848A16BC8640020A16B37
:109D9000086501AE23681A1D31682B46A06BFCF7DD
:109DA00051FC30B110206064202084F84100012073
:109DB000D9E76FF040002168086000BF00BF21684C
:109DC000143151E8001F41F080002168143141E84E
:109DD0000002002AF3D100BF0020C4E70220C2E73E
:109DE00047DB00089FDB00081FDA000870B5054656
:109DF0000026002412E00B4850F824000068006898
:109E00002968884208D1074850F82460002086F865
:109E10003A00304604F024F9601CC4B2032CEADB9B
:109E200070BD0000B8800020704700BFFEE701460B
:109E300008684069C0F38020B0B16FF480600A68A0
:109E4000506100200863202081F83D00002081F847
:109E50003E00086C40F00400086400BF002081F858
:109E60003C0000BF012070470020FCE72DE9F843CB
:109E700004460F4615469946DDE9088620680068C5
:109E800040F48060216808602068006840F48070B9
:109E900021680860434600224FF0011120460096D9
:109EA00000F037F960B12068006800F48070B0F508
:109EB000807F02D14FF4007020640320BDE8F88356
:109EC00007F0FE0021680861334642463E492046BD
:109ED00000F07EF908B10120F0E700BF00200090FB
:109EE00020684069009020688069009000BF00BF32
:109EF00032464146204600F02DFA50B1206C04282D
:109F000005D12068006840F40070216808600120D5
:109F1000D4E7B9F1010F03D1E8B22168086117E075
:109F2000C5F307202168086132464146204600F00B
:109F300011FA50B1206C042805D12068006840F463
:109F40000070216808600120B8E7E8B22168086164
:109F500032464146204600F0FDF950B1206C0428FD
:109F600005D12068006840F4007021680860012075
:109F7000A4E72068006840F48070216808604346C8
:109F800000224FF001112046009600F0C2F858B1AF
:109F90002068006800F48070B0F5807F02D14FF433
:109FA00000702064032089E7F8B240F001002168C6
:109FB0000861334642460449204600F009F908B1D9
:109FC00001207BE7002079E7020001002DE9F8433A
:109FD0000446884615469946DDE90867206800680A
:109FE00040F4807021680860334600224FF0011170
:109FF0002046009700F08DF860B12068006800F4FA
:10A000008070B0F5807F02D14FF40070206403208F
:10A01000BDE8F88308F0FE00216808613B4632463F
:10A020002149204600F0D4F808B10120F0E700BF34
:10A0300000200090206840690090206880690090AE
:10A0400000BF00BF3A463146204600F083F950B1C8
:10A05000206C042805D12068006840F40070216855
:10A0600008600120D4E7B9F1010F03D1E8B22168FB
:10A07000086117E0C5F30720216808613A463146B8
:10A08000204600F067F950B1206C042805D1206803
:10A09000006840F40070216808600120B8E7E8B269
:10A0A000216808610020B3E70200010070B5044692
:10A0B0000D46164625E02046FFF7B9FE08B10120FF
:10A0C00070BD681CE8B1FCF70FFD801BA84200D8EA
:10A0D000BDB920684069C0F3800090B900202063BA
:10A0E000202084F83D00002084F83E00206C40F0E1
:10A0F0002000206400BF002084F83C0000BF012045
:10A10000DEE720684069C0F380000028D3D000203B
:10A11000D6E72DE9F04104460D4617461E46DDF808
:10A12000188038E0701CA8B3FCF7DEFCA0EB080038
:10A13000B04200D876BBC5F3074001280AD1206899
:10A140004069A9B20840A9B2884201D101200BE0C0
:10A15000002009E020688069A9B20840A9B28842BD
:10A1600001D1012000E00020B84214D1002020637A
:10A17000202084F83D00002084F83E00206C40F050
:10A180002000206400BF002084F83C0000BF0120B4
:10A19000BDE8F081FFE7C5F3074001280AD1206838
:10A1A0004069A9B20840A9B2884201D101200BE060
:10A1B000002009E020688069A9B20840A9B288425D
:10A1C00001D1012000E00020B842ABD00020DFE741
:10A1D0002DE9F04104460D4616461F4658E020681A
:10A1E0004069C0F38020E8B12068006840F4007046
:10A1F000216808606FF48060216848610020206356
:10A20000202084F83D00002084F83E00206C40F0BF
:10A210000400206400BF002084F83C0000BF01203F
:10A22000BDE8F081701C90B3FCF75EFCC01BB0422F
:10A2300000D866BBC5F3074001280AD120684069F1
:10A24000A9B20840A9B2884201D101200BE0002048
:10A2500009E020688069A9B20840A9B2884201D10A
:10A26000012000E0002090B900202063202084F825
:10A270003D00002084F83E00206C40F02000206467
:10A2800000BF002084F83C0000BF0120C8E7FFE7C2
:10A29000C5F3074001280AD120684069A9B20840E7
:10A2A000A9B2884201D101200BE0002009E020681A
:10A2B0008069A9B20840A9B2884201D1012000E01A
:10A2C000002000288BD00020AAE770B504460D4678
:10A2D000164637E020684069C0F30010A0B16FF067
:10A2E00010002168486100202063202084F83D0090
:10A2F000002084F83E00206C206400BF002084F819
:10A300003C0000BF012070BDFCF7EEFB801BA842A3
:10A3100000D8BDB920684069C0F3801090B9002012
:10A320002063202084F83D00002084F83E00206C4B
:10A3300040F02000206400BF002084F83C0000BFF3
:10A340000120E0E720684069C0F380100028C1D0F8
:10A350000020D8E770B504460D46164625E0204695
:10A36000FFF765FD08B1012070BD681CE8B1FCF77E
:10A37000BBFB801BA84200D8BDB920684069C0F370
:10A38000C01090B900202063202084F83D000020F8
:10A3900084F83E00206C40F02000206400BF0020C4
:10A3A00084F83C0000BF0120DEE720684069C0F36C
:10A3B000C0100028D3D00020D6E70000364991ED28
:10A3C000000A364981ED000A354991ED000A32490B
:10A3D00081ED000A91ED000A3249D1ED000A20EE2C
:10A3E000200A2E49D1ED000A2E4991ED011A00EE06
:10A3F000810AD0ED000A91ED021A00EE810A284987
:10A4000081ED000A244991ED010A244981ED010AF8
:10A41000234991ED010A204981ED010A91ED010ADC
:10A420002049D1ED000A20EE200A1C49D1ED010A95
:10A430001C4991ED011A00EE810AD0ED010A91ED5F
:10A44000021A00EE810A164981ED010A124991EDC6
:10A45000020A124981ED020A114991ED020A0E49E0
:10A4600081ED020A91ED020A0E49D1ED000A20EEBB
:10A47000200A0A49D1ED020A0A4991ED011A00EEBB
:10A48000810AD0ED020A91ED021A00EE810A044918
:10A4900081ED020A70470000C8830020BC830020C1
:10A4A000D48300201C800108F0B50546059C0020DF
:10A4B0007FE093ED050A00EB4006404F07EB860670
:10A4C000D6ED000A20EE200AD3ED060A00EB400686
:10A4D00007EB860696ED011A00EE810AD3ED070A16
:10A4E00000EB400607EB860696ED021A00EE810AA5
:10A4F000334E06EB8006D6ED000A30EE200A05EB5F
:10A50000800686ED000A93ED010A00EB40062D4F10
:10A5100007EB8606D6ED000A20EE200AD3ED020AEC
:10A5200000EB400607EB860696ED011A00EE810A65
:10A53000D3ED030A00EB400607EB860696ED021A00
:10A5400000EE810A204E06EB8006D6ED000A30EEC2
:10A55000200A01EB800686ED000A94ED010A00EB6B
:10A5600040061A4F07EB8606D6ED000A20EE200AB9
:10A57000D4ED020A00EB400607EB860696ED011AC1
:10A5800000EE810AD4ED030A00EB400607EB8606D5
:10A5900096ED021A00EE810A0D4E06EB8006D6ED0E
:10A5A000000A30EE200A02EB800686ED000A461C07
:10A5B000F0B20328FFF67DAFF0BD00005C01002083
:10A5C0008C83002080010020A4830020A4010020AF
:10A5D000B083002000B502460849094800F016F88B
:10A5E000074890ED000A82ED000A90ED010A82ED25
:10A5F000010A90ED020A82ED020A00BDDC81002012
:10A600008C83002000487047DC81002000B101B934
:10A61000704790ED000AD1ED000A9FED0E1A01EE91
:10A62000600A80ED000A90ED010AD1ED010A9FED6C
:10A63000091A01EE600A80ED010A90ED020AD1EDDF
:10A64000020A9FED051A01EE600A80ED020A00BFC2
:10A65000DEE7000052499D396F12033A08B502E067
:10A6600064200AF0B1F8F7F710F90028F8D102E0F9
:10A6700064200AF0A9F809F0CDFD0028F8D1254A98
:10A68000A2F10C01101DF7F71BF9234809F01CFE7D
:10A690002148001F1F4B103B204AA2F10C010090E3
:10A6A000A1F10C00FFF700FF1C4AA2F10C0101F11F
:10A6B0002000F6F78BFC1948183890ED030A18486B
:10A6C00080ED000A174880ED000A174880ED000A67
:10A6D0001248183890ED040A114880ED010A11481B
:10A6E00080ED010A104880ED010A0C48183890ED01
:10A6F000050A0B4880ED020A0A4880ED020A0A4862
:10A7000080ED020A094B1A1F191DA1F58C7009F082
:10A7100081FC08BD6883002080830020F481002034
:10A72000D4830020C8830020BC8300201C83002029
:10A7300090ED000A0E4981ED000A90ED010A81EDCD
:10A74000010A90ED020A81ED020A91ED000A094921
:10A7500081ED000A064991ED010A064981ED010AE1
:10A76000034991ED020A034981ED020A7047000096
:10A77000988300208C83002008B50AF044F80090EC
:10A7800000BF9FED0B0A00F0A7F80A480068D0ED63
:10A79000090AB0EE600A00F049F8022168460AF0A2
:10A7A0001FF800200BF058FE03490860E9E700009D
:10A7B0006F12033B480200204402002000B587B01E
:10A7C000FFF74CFFFFF71EFF0F490860DFED0F2A70
:10A7D0009FED0E2ADFED0E1A9FED0E1ADFED0E0A29
:10A7E0009FED0E0A03210E480AF0A4FA1C220D491F
:10A7F0006846F5F7ECFD002168460AF00EF80A49B4
:10A80000086007B000BD0000480200200000000002
:10A81000CDCC4C3E0000C8440080894500A08C454A
:10A82000CC9200206C8001084002002010B52DED74
:10A83000028BB0EE408A21480078F8B1DFED200AA3
:10A84000B0EE480A1F480AF04FF91E4890ED0E0A74
:10A85000B5EEC00AF1EE10FA03D29FED1B0A80EDAF
:10A860000E0A184890ED0E0ABCEEC00A10EE100A4F
:10A8700084B221461548F7F7EDFB1CE09FED100A66
:10A88000B4EEC08AF1EE10FA10DD11480078401CD9
:10A890000F49087008460078C82807DD01200749DD
:10A8A00008709FED0C0A074880ED0B0A41F28731D2
:10A8B0000648F7F7CFFBBDEC028B10BD4C02002021
:10A8C00000002042CC920020000000006C7F00209D
:10A8D0004D02002000401C4500B52DED020B2DED72
:10A8E000108B85B0C44AA2F10C01101DF6F7E8FFE9
:10A8F000C24809F0E9FCC148001FBF4B103BC04AE9
:10A90000A2F10C010090A1F10C00FFF7CDFDBA48B7
:10A91000103890ED040ABA48183880ED090A0C3056
:10A92000FFF74CFDB64BB74AA3F118019DED150A90
:10A9300001F12C00F6F7B6FCB34B1A1F191DA1F557
:10A940008C7009F067FBAE48183890ED4F0A10EE96
:10A95000101A0846F5F708FF41EC1D0BB0EE4D0A42
:10A96000F0EE6D0A06F04CFEB0EE40BAF0EE60BAC2
:10A97000A348183890ED080A10EE101A0846F5F7AB
:10A98000F3FE41EC1C0B53EC1B2BF5F7FBFD41ECEC
:10A99000180B9B48183890ED4F0A10EE101A084615
:10A9A000F5F7E2FE41EC1D0BB0EE4D0AF0EE6D0A3C
:10A9B00006F00EFDB0EE40BAF0EE60BA90481838DE
:10A9C00090ED060A10EE101A0846F5F7CDFE41ECA0
:10A9D0001C0B53EC1B2BF5F7D5FD41EC1A0B53EC7C
:10A9E000182BF5F728FD41EC190BF5F701FF874906
:10A9F00008608348183890ED4F0A10EE101A084688
:10AA0000F5F7B2FE41EC1C0BB0EE4C0AF0EE6C0A0E
:10AA100006F0DEFCB0EE40AAF0EE60AA78481838E6
:10AA200090ED500A10EE101A0846F5F79DFE41EC25
:10AA30001E0BB0EE4E0AF0EE6E0A06F0E1FDB0EE2F
:10AA400040CAF0EE60CA6E48183890ED080A10EE61
:10AA5000101A0846F5F788FE41EC1D0B53EC1C2B31
:10AA6000F5F790FD41EC1B0B53EC1A2BF5F78AFD23
:10AA700041EC190B6248183890ED500A10EE101A8C
:10AA80000846F5F771FE41EC1D0BB0EE4D0AF0EEF5
:10AA90006D0A06F09DFCB0EE40BAF0EE60BA584880
:10AAA000183890ED070A10EE101A0846F5F75CFE0C
:10AAB00041EC1C0B53EC1B2BF5F764FDCDE90001B9
:10AAC0004F48183890ED500A10EE101A0846F5F766
:10AAD0004BFE41EC1D0BB0EE4D0AF0EE6D0A06F098
:10AAE0008FFDB0EE40BAF0EE60BA4548183890EDF0
:10AAF0004F0A10EE101A0846F5F736FE41EC1F0B10
:10AB0000B0EE4F0AF0EE6F0A06F07AFDB0EE40DAD2
:10AB1000F0EE60DA3A48183890ED060A10EE101A96
:10AB20000846F5F721FE41EC1E0B53EC1D2BF5F703
:10AB300029FD41EC1C0B53EC1B2BF5F723FD41ECDD
:10AB40001A0B9DED000B53EC102BF5F774FC53EC36
:10AB5000192BCDE902019DED020B51EC100BF5F71D
:10AB60000BFD41EC180BF5F743FE29490860274817
:10AB70000068F5F7F9FD41EC190B254890ED000A46
:10AB8000B1EE400A10EE100AF5F7EEFD41EC1A0B9B
:10AB9000B0EE491AF0EE691AB0EE4A0AF0EE6A0A0F
:10ABA00006F0DAF9B0EE408AF0EE608A51EC180B4C
:10ABB000F5F71EFE12491839C1F84C01084690ED10
:10ABC0004F0ADFED140A20EE200A80ED5A0A90EDBC
:10ABD000510ADFED100A20EE200A80ED5C0A90EDAC
:10ABE000500ADFED0C0A20EE200A80ED5B0A05B06A
:10ABF000BDEC108B0CBD000068830020808300201A
:10AC0000F4810020D48300201C830020CC0100208C
:10AC1000D0010020E12E654210B52DED028B0321FD
:10AC2000774880F82810022180F820129FED750ADD
:10AC3000F0EE408A9FED730AB0EE408A05F02AFFDD
:10AC40000446207F01287AD1207F18B100216E4A66
:10AC500011605160A07F012832D16948006890EDF1
:10AC6000070A30EE080AB0EE408A684890ED010A03
:10AC7000634880EDF90A606800EE100AF0EE080AF9
:10AC800008EE200A5E4880ED890A206800EE100A6E
:10AC90005B480068D0ED080A30EE200A584880ED85
:10ACA0000B0AE07F012803D1554981F80D0403E028
:10ACB0000020534981F80D040120554908707CE0BB
:10ACC0004F4890ED0B0A0068D0ED080A30EE200ADC
:10ACD000F0EE408A4A4890ED0D0AF0EE400AB0EEE0
:10ACE000680AF6F77DFB464880ED0B0A90ED890A6D
:10ACF0000068D0ED070A30EE200A414880ED890A4D
:10AD000000BF90ED890AD0ED870AB4EEE00AF1EEBB
:10AD100010FA04D890ED870A80ED890A0DE03848D2
:10AD200090ED890AD0ED860AB4EEE00AF1EE10FA51
:10AD300003DB90ED860A80ED890A3EE0FFE73048AC
:10AD400090ED0B0A0068D0ED080A30EE200AF0EE14
:10AD5000408A2B4890ED0D0AF0EE400AB0EE680AEA
:10AD6000F6F73EFB264880ED0B0A90ED890A006855
:10AD7000D0ED070A30EE200A214880ED890A00BF95
:10AD800090ED890AD0ED870AB4EEE00AF1EE10FAF0
:10AD900004D890ED870A80ED890A0DE0184890EDFF
:10ADA000890AD0ED860AB4EEE00AF1EE10FA03DB70
:10ADB00090ED860A80ED890A00BF00BF104890ED33
:10ADC000890AD0ED870AB4EEE00AF1EE10FA04D851
:10ADD00090ED870A80ED890A0DE0094890ED890A17
:10ADE000D0ED860AB4EEE00AF1EE10FA03DB90ED46
:10ADF000860A80ED890A00BFBDEC028B10BD000001
:10AE00003C96002000000000980200203C9A0020A0
:10AE10000003002030B50B46002100BF16E00A24D5
:10AE2000B4EB107F05D9302404EB107403F8114003
:10AE300005E0412404EB10740A3C03F811400001C2
:10AE400000254C00641C1D554C1CE1B29142E6DB10
:10AE500030BD000010B50F480F490860032048605E
:10AE600000210D488160C1604FF4102101614FF451
:10AE70000011416100210176012141768176C17680
:10AE80000021017701214177FAF77EFF08B1F9F738
:10AE90002AFC10BD00640040680B002010B50F486C
:10AEA0000F4908600320486000210D488160C1609F
:10AEB0004FF4102101614FF400114161002101762E
:10AEC000012141768176C176002101770121417708
:10AED000FAF75AFF08B1F9F706FC10BD0068004008
:10AEE000900B002008B500BF0020009022480068A9
:10AEF00040F48000204908600846006800F48000A3
:10AF0000009000BF00BF00BF00200090084600680E
:10AF100040F4001008600846006800F4001000903B
:10AF200000BF00BF002205210C20FCF727FA0C20EF
:10AF3000FCF710FA002205213920FCF71FFA39200E
:10AF4000FCF708FA002205214420FCF717FA4420F8
:10AF5000FCF700FA002205214520FCF70FFA4520F6
:10AF6000FCF7F8F9002205214620FCF707FA4620F5
:10AF7000FCF7F0F908BD00003038024000B587B09A
:10AF80001C2206496846F5F722FA0021684609F0B6
:10AF900044FC0349086007B000BD0000C87C0108FC
:10AFA0000000002000B587B0142102A8F5F728FAA8
:10AFB00000BF002001907148006840F002006F4916
:10AFC00008600846006800F00200019000BF00BF62
:10AFD00000BF002001900846006840F04000086073
:10AFE0000846006800F04000019000BF00BF00BFAD
:10AFF000002001900846006840F001000860084603
:10B00000006800F00100019000BF00BF00BF0020F9
:10B0100001900846006840F0080008600846006893
:10B0200000F00800019000BF00BF00BF00200190A9
:10B030000846006840F0040008600846006800F018
:10B040000400019000BF00BF00BF0020019008462F
:10B05000006840F0800008600846006800F080004A
:10B06000019000BF00BF00BF0020019008460068AB
:10B0700040F0200008600846006800F020000190C1
:10B0800000BF00BF002240213D48FBF727FD002202
:10B0900010213C48FBF722FD002201213A48FBF732
:10B0A0001DFD40200290012003900490059002A90C
:10B0B0003348FBF711FC082002904FF40410039072
:10B0C0000120049002A92E48FBF706FC07200290FD
:10B0D00000200390049002A92C48FBF7FDFB0120FF
:10B0E0000290002003900120049002A92548FBF75C
:10B0F000F3FB1020029001200390002004900590A3
:10B1000002A92048FBF7E8FB302002904FF488109A
:10B1100003900120049002A91C48FBF7DDFB4FF4CB
:10B1200080500290002003900120049002A916484C
:10B13000FBF7D2FB012002900390002004900590C1
:10B1400002A91148FBF7C8FB002205210920FCF7E2
:10B1500015F90920FCF7FEF8002205210A20FCF76A
:10B160000DF90A20FCF7F6F8002205211720FCF75C
:10B1700005F91720FCF7EEF807B000BD30380240A3
:10B180000018024000000240000402400008024093
:10B1900010B50B480B4908600B484860002109486E
:10B1A0008160C1604FF48041016100214161816192
:10B1B000C1610162FBF79EFC08B1F9F794FA10BD7A
:10B1C000005C0040B80B0020801A060010B50F4844
:10B1D0000F4908604FF48270486000210C4881607C
:10B1E000C16002210161012141614902816138216F
:10B1F000C16100210162416281620A21C162FDF7E1
:10B2000091FB08B1F9F76FFA10BD00000030014062
:10B210000C0C002000B587B01C216846F5F7F0F84B
:10B2200015481649086000204860002113488160D5
:10B2300041F28731C160002101618161FDF7B8FDF4
:10B2400008B1F9F750FA0D48FEF7FFF808B1F9F721
:10B250004AFA6020009000200190029004900022A1
:10B2600069460648FEF76FF808B1F9F73CFA03485B
:10B27000FDF7C4FF07B000BD00440140840D00206D
:10B2800000B587B0002003900490059006900190CF
:10B290000290154815490860A7204860002113480E
:10B2A000816044F61F61C1600021016141618161DB
:10B2B000FDF77EFD08B1F9F716FA4FF480500390C0
:10B2C00003A90A48FDF75CFE08B1F9F70CFA002063
:10B2D0000190029001A90548FDF710FD08B1F9F7AA
:10B2E00002FA07B000BD000000000140640C00201D
:10B2F00000B58DB0002009900A900B900C9007903B
:10B3000008901C216846F5F77BF820482049086022
:10B310000020486000211E48816042F2CF01C160D8
:10B32000002101618161FDF743FD08B1F9F7DBF907
:10B330004FF48050099009A91548FDF721FE08B186
:10B34000F9F7D1F91248FEF780F808B1F9F7CBF90F
:10B3500000200790089007A90D48FDF7CFFC08B121
:10B36000F9F7C1F96020009000200190029004904C
:10B37000082269460648FDF7E6FF08B1F9F7B3F978
:10B380000348FDF73BFF0DB000BD00000004004086
:10B39000AC0C002000B589B00020079008901C215B
:10B3A0006846F5F72DF8184818490860532048609A
:10B3B00000211648816044F61F61C16000210161CF
:10B3C0008161FEF742F808B1F9F78DF90020079086
:10B3D000089007A90D48FDF791FC08B1F9F783F92A
:10B3E000602000900020019002900490082269469D
:10B3F0000648FDF7A8FF08B1F9F775F90348FDF70E
:10B40000FDFE09B000BD000000080040F40C002063
:10B4100000B58DB0002009900A900B900C90079019
:10B4200008901C216846F4F7EBFF2848284908607B
:10B43000002048600021264881604FF6FF71C160FE
:10B44000002101618161FDF7B3FC08B1F9F74BF907
:10B450004FF48050099009A91D48FDF791FD08B1EE
:10B46000F9F741F91A48FDF7F0FF08B1F9F73BF990
:10B4700000200790089007A91548FDF73FFC08B188
:10B48000F9F731F9602000900020019002900490BB
:10B49000002269460E48FDF756FF08B1F9F723F977
:10B4A000042269460A48FDF74EFF08B1F9F71BF977
:10B4B000082269460648FDF746FF08B1F9F713F977
:10B4C0000348FDF79BFE0DB000BD0000000C0040DE
:10B4D0003C0D002010B50B480B4908604FF4E130DB
:10B4E0004860002108488160C16001610C21416110
:10B4F00000218161C161FEF711FA08B1F9F7F3F893
:10B5000010BD000000100140CC0D002010B50B480C
:10B510000B4908600B484860002109488160C16000
:10B520004FF4806101610C21416100218161C161A1
:10B53000FEF7F4F908B1F9F7D6F810BD004800405D
:10B54000140E0020A086010010B50B480B490860BE
:10B550004FF4E1304860002108488160C16001611A
:10B560000C21416100218161C161FEF7D7F908B169
:10B57000F9F7B9F810BD0000001401405C0E00207E
:10B5800010B500220D490E4803F055FC08B1F9F73B
:10B59000AAF80C490A4803F090FF08B1F9F7A3F89C
:10B5A0000949074803F04EF808B1F9F79CF8044838
:10B5B00004F086F808B1F9F796F810BDB003002042
:10B5C00068C200202C0400200804002030B52DEDB6
:10B5D0000A8B85B00446B0EE408AF0EE608AB0EE89
:10B5E000419A94ED060AD4ED050A30EE200AF0EEF9
:10B5F000000A80EE201A94ED070A31EE400AD4EDDD
:10B60000080A30EE600ADFEDFD0A80EE201AFC48E1
:10B6100080ED001A94ED060AD4ED050A30EE200AFA
:10B62000F0EE000A80EE201A94ED070A31EE400A8F
:10B63000D4ED080A30EE200ADFEDF00A80EE201A81
:10B64000F04880ED001A94ED060AD4ED050A30EEBC
:10B65000200AB0EE001AC0EE010A94ED070A30EE9F
:10B66000800AD4ED080A30EE600ADFEDE40A80EECD
:10B67000201AE54880ED001A94ED060AD4ED050A7B
:10B6800070EE200AB0EE001A80EE810AD4ED070AAF
:10B6900030EE200AD4ED080A30EE200ADFEDD70A9A
:10B6A00080EE201AD94880ED001A94ED040ADFEDEF
:10B6B000D80A20EE200ADFEDD70A80EE801AD6489D
:10B6C00080ED001A00BF9FEDD50AB4EEC08AF1EEFE
:10B6D00010FA04D89FEDD10AB0EE408A0AE09FED3F
:10B6E000D00AB4EEC08AF1EE10FA03DB9FEDCC0A6B
:10B6F000B0EE408A00BF00BF9FEDC80AF4EEC08ADA
:10B70000F1EE10FA04D89FEDC50AF0EE408A0AE087
:10B710009FEDC30AF4EEC08AF1EE10FA03DB9FED51
:10B72000C00AF0EE408A00BF00BF9FEDBE0AB4EE33
:10B73000C09AF1EE10FA04D89FEDBA0AB0EE409A22
:10B740000AE09FEDB90AB4EEC09AF1EE10FA03DBFD
:10B750009FEDB50AB0EE409A00BFDFEDB49A38EE27
:10B76000280AA748D0ED000A09EE600AAA48D0EDE1
:10B77000000A20EE200A8DED010AB1EE480A30EEF3
:10B78000280AA048D0ED000A09EE600AA248D0EDD0
:10B79000000A20EE200A8DED020A38EE680A9A4867
:10B7A000D0ED000A09EE600A9B48D0ED000A20EEB9
:10B7B000200A8DED030AB1EE480A30EE680A93487C
:10B7C000D0ED000A09EE600A9348D0ED000A20EEA1
:10B7D000200A8DED040A606AB0F9040000EE100A38
:10B7E000B8EEC00A9FED8B1AC0EE010AB3EE030A51
:10B7F00080EE801A11EE105A2846F4F7B5FF41EC9E
:10B800001B0B9FED8B0B53EC102BF4F7BBFE41ECA5
:10B810001A0BF4F7EDFFC4F8700294200059B0F948
:10B82000040000EE100AF8EEC00A9FED7A1A80EECE
:10B83000810AF3EE030A80EE201A11EE105A284610
:10B84000F4F792FF41EC1B0B9FED790B53EC102B9F
:10B85000F4F798FE41EC1A0BF4F7CAFF4FF41D7190
:10B860000851D4F80401B0F9040000EE100AB8EE53
:10B87000C00A9FED681AC0EE010AB3EE030A80EE1B
:10B88000801A11EE105A2846F4F76EFF41EC1B0B9C
:10B890009FED670B53EC102BF4F774FE41EC1A0B81
:10B8A000F4F7A6FF4FF41E710851D4F87401B0F9F3
:10B8B000040000EE100AF8EEC00A9FED561A80EE62
:10B8C000810AF3EE030A80EE201A11EE105A284680
:10B8D000F4F74AFF41EC1B0B9FED550B53EC102B7B
:10B8E000F4F750FE41EC1A0BF4F782FF4FF41F718E
:10B8F000085194ED9C0AD4ED9D0A30EE200AD4ED57
:10B900009E0A30EE600AD4ED9F0A70EE600AB0EE37
:10B91000001A80EE810A9FED481AC0EE010A9FEDE1
:10B92000470A80EE801A84ED961A94ED9C0AD4EDB5
:10B930009D0A30EE600AD4ED9E0A30EE200AD4ED66
:10B940009F0A30EE600AB0EE001AC0EE010A9FEDC9
:10B950003A1A80EE810ADFED390A80EE201A84ED72
:10B96000951A002540E019EE900AF4F7FDFE41EC2F
:10B970001A0B01A800EB850090ED000A10EE101ADA
:10B980000846F4F7F1FE41EC1C0BB0EE4C0AF0EE69
:10B990006C0A05F029FEB0EE40BAF0EE60BA53EC46
:10B9A0001A2B51EC1B0BF4F70BFF1BD201A800EB79
:10B9B000850090ED000A10EE101A0846F4F7D4FE48
:10B9C00041EC1B0BB0EE4B0AF0EE6B0A05F00CFEDF
:10B9D000B0EE40AAF0EE60AA51EC1A0BF4F708FFA3
:10B9E00009EE900A681CC5B2042DBCDB9FED140A59
:10B9F000F4EEC09AF1EE10FA3DDD23E033336542F8
:10BA00003C030020380300204003002044030020B2
:10BA10003694573D000070424803002000007AC56C
:10BA200000007A45000096C3000096430000000025
:10BA3000BC96900F7A6A7F40F304B53F00007A44C9
:10BA400000D004465FED020A80EEA91AB0EE410A6A
:10BA500000200DE001A901EB8001D1ED000A60EEAC
:10BA6000800A01A901EB8001C1ED000A411CC8B2A6
:10BA70000428EFDB00BF04F5007001A92EC9603077
:10BA80002EC005B0BDEC0A8B30BD00BFFEE770B51F
:10BA900004460D4604B970BDE069401CE061E069F0
:10BAA000322804D22946204600F058F8F3E7294608
:10BAB000204600F003F800BFEDE700000288428056
:10BAC0004A780B7842EA0322028002884388D21A1D
:10BAD000B2F5805F09DDC268521EC26002884388E9
:10BAE000D21AA2F50052826113E002884388D21A6A
:10BAF00012F5805F09DAC268521CC260028843886E
:10BB0000D21A02F50052826103E002884388D21AF9
:10BB100082610388C26803EB4232038CD21A02614D
:10BB200090ED040AB8EEC00ADFED0B0A80EE201A91
:10BB3000BDEEC10A80ED050ACA788B7842EA03227D
:10BB400012B282804A790B7942EA032212B2C28091
:10BB50008A79027270470000610BB6414A780B780F
:10BB600042EA032202800288028470471CB5044620
:10BB700000200090019008236A464FF4E0612046BF
:10BB8000F6F712F81CBD02460020B1F5805F0BDB12
:10BB9000A1F58053934202DA531A18B20FE002F56E
:10BBA00000535B1A18B20AE001F580539A4204DD93
:10BBB000A2F500535B1A18B201E0531A18B270478D
:10BBC0002DE9FC478046894614461D46DDE90A6793
:10BBD000002000900190200A8DF80000E0B28DF85E
:10BBE0000100280A8DF80200E8B28DF80300300A3F
:10BBF0008DF80400F0B28DF80500380A8DF80600C3
:10BC0000F8B28DF8070008236A4649464046F5F722
:10BC1000CBFFBDE8FC8700BFFEE7000010B502487F
:10BC2000FBF7CBFD10BD000044D7002030B50D4C14
:10BC300004EB0014607001240A4D05EB00152C7014
:10BC4000084C04EB0014A1700124064D05EB00150F
:10BC5000EC70044C04EB0014A260024D05EB0015DF
:10BC60002B7330BD3093002010B50446F6F70AFA66
:10BC7000024901EB0411486010BD00003093002020
:10BC80002DE9F04704460D4626683746D6F8408031
:10BC900007F5306000EB4510D0F80890104880455B
:10BCA0000BD909F40040B0F5004F06D14FF4004124
:10BCB00007F5306000EB451081602046FCF738FA4C
:10BCC0000748804508D9A079012805D104F29C4293
:10BCD0000121206804F0ACF90020BDE8F0870000E5
:10BCE0000A30544F2DE9F04705460C46D5F8009030
:10BCF0004E46D9F840A006F5306000EB4410D0F86D
:10BD00000880A879012855D108F0080008280FD12B
:10BD1000434882450BD908F40040B0F5004F7BD171
:10BD20004FF4004106F5306000EB4410816073E091
:10BD300008F02000202806D1202106F5306000EB15
:10BD40004410816068E008F02800002864D134487D
:10BD500082450CD908F40040B0F5004F07D14FF4EC
:10BD6000004106F5306000EB4410816054E004EBC4
:10BD7000C40105F5157000EB810706F5306000EB96
:10BD80004410396A0069C0F31200081A786164B976
:10BD9000386930B905F29C420121286804F048F95D
:10BDA00003E07969F8680844F860E1B22846FBF7D7
:10BDB0007BFB31E01B4882451BD108F40040B0F505
:10BDC000004F07D14FF4004106F5306000EB4410FE
:10BDD000816021E008F02000202805D1202106F50F
:10BDE000306000EB44108160E1B22846FBF75CFB59
:10BDF00012E06CB904EBC40105F5157000EB81008D
:10BE0000006928B905F29C420021286804F010F965
:10BE1000E1B22846FBF748FB0020BDE8F0870000B0
:10BE20000A30544F0A31544F2DE9F84F07460E4659
:10BE3000D7F80090C84606EBC60107F1140000EBE6
:10BE40008104D4E90410884202D90120BDE8F88FAA
:10BE5000D4E90401451AA068A84200D2A568E81CEC
:10BE60004FEA900A17E0D4E90401451AA068A842F5
:10BE700000D2A568E81C4FEA900AB879ABB2F2B2DA
:10BE800000904846E16804F09BFDE0682844E060CB
:10BE900060692844606108F5106000EB4610806915
:10BEA00080B2504506D3D4E90410884202D22069FA
:10BEB0000028D8D1D4E9040188420ED806F00F0139
:10BEC000012000FA01FB40F6340050F8080020EA97
:10BED0000B0040F6340141F808000020B6E70000EE
:10BEE00070B52DED048B8CB005460E4601A9284691
:10BEF00008F024FD1220FFF7B7FE3A480078022828
:10BF00006BD10120384908709DF82D00012845D1DA
:10BF1000364902980860039848600498886005983C
:10BF2000C8600698086107984861089888619DF87C
:10BF30002C000877012088779DF82E00C8770846E6
:10BF4000806900EE100AB1EE400A10EE101A0846A1
:10BF5000F4F70AFC41EC190B9FED250B53EC102B69
:10BF6000F4F710FB41EC180BF4F742FC2249C1F83E
:10BF7000E8031E4801690846F4F7F6FB41EC190B8B
:10BF80009FED1B0B53EC102BF4F7FCFA41EC180B54
:10BF9000F4F72EFC1849C1F8F0011EE09DF82D00C1
:10BFA000D8B9F8F713FF04469DED020ADFED130A36
:10BFB00020EE200A10EE100A44F81A0F9DED030A35
:10BFC000B1EE400ADFED0D0A20EE200A10EE100A55
:10BFD00060600498A0601A3C00BF0CB0BDEC048BFC
:10BFE00070BD0000600200209C0300204181002001
:10BFF0006666666666A64C403C96002000007A4461
:10C000000146B1F9000010F5167F10DAB1F902000F
:10C0100010F5167F0BDAB1F90400B0F5167F06DDD6
:10C02000B1F9060010F5167F01DA01207047B1F969
:10C030000000B0F5167F10DDB1F90200B0F5167FF3
:10C040000BDDB1F9040010F5167F06DAB1F9060030
:10C05000B0F5167F01DD0220E8E7B1F90000B0F588
:10C06000167F10DDB1F9020010F5167F0BDAB1F979
:10C07000040010F5167F06DAB1F9060010F5167FF8
:10C0800001DA0320D2E7B1F9000010F5167F10DACB
:10C09000B1F90200B0F5167F0BDDB1F90400B0F57F
:10C0A000167F06DDB1F90600B0F5167F01DD04202C
:10C0B000BCE70020BAE72DE9F04104460D461646DC
:10C0C0000DB9BDE8F0812878697840EA0120C0F315
:10C0D0000A00A0F5806020806878C010A97840EA46
:10C0E0004110C0F30A00A0F580606080A87880113C
:10C0F000E97840EA8100297940EA8120C0F30A000A
:10C10000A0F58060A08028794010697940EAC110CC
:10C11000C0F30A00A0F58060E080B4F900000528B3
:10C1200006DCB4F9000010F1050F01DB00202080CF
:10C13000B4F90200052806DCB4F9020010F1050F7D
:10C1400001DB00206080B4F90400052806DCB4F9A6
:10C15000040010F1050F01DB0020A080B4F90600F7
:10C16000052806DCB4F9060010F1050F01DB0020FC
:10C17000E08068790011800820726879C0F30110AE
:10C180006072B4F90030002B01DB1F4600E05F4213
:10C19000B7F5257F1DDCB4F90220002A01DB174624
:10C1A00000E05742B7F5257F13DCB4F904100029ED
:10C1B00001DB0F4600E04F42B7F5257F09DCB4F9FB
:10C1C0000600002801DB074600E04742B7F5257F5F
:10C1D00004DD16212046F4F713F972E7A879E9790E
:10C1E00040EA012000B26081287A697A40EA0120A1
:10C1F00001B2A181A87AE97A40EA012001B2E18185
:10C20000297B2174697B6174A87BE97B40EA01206A
:10C210006082287C697C40EA0120A0F5806000B241
:10C22000A08200BF4DE7000000487047B88500209D
:10C2300001700278437842EA830282700278427089
:10C24000704700000148007870470000DF80002040
:10C2500070B505460C46164640F20221681A8D421A
:10C260003ED013DC40F20111A5EB01008D4229D034
:10C2700006DC012D12D0022D1AD0032D58D11BE05F
:10C28000032823D0B0F5807F52D123E007284FD276
:10C29000DFE800F04E2C32383C4048002548216849
:10C2A00001606168416021890181A17A81723FE06A
:10C2B0002148217801703BE0102221461F48F4F705
:10C2C00086F835E01E482168016031E01D4821886C
:10C2D00001802DE00D2221461B48F4F778F827E075
:10C2E0000E2221461948F4F772F821E01022214667
:10C2F0001748F4F76CF81BE0164821680160616884
:10C30000416015E014482178017011E0134821784C
:10C3100001700DE0124821680160A1888180A17937
:10C32000817105E00F48216801606168416000BFCC
:10C3300000BF70BDC4800020F0000020CF8000202E
:10C34000F1000020F5000020DF800020EC800020BC
:10C35000FA800020F7000020FF00002000010020EC
:10C36000010100200801002000487047EC800020F7
:10C3700000487047DF80002010B516480068B0F90B
:10C38000140010F5DC7F03DA0120134908701AE06D
:10C3900010480068B0F9140010F1DC0F09DD0D48F9
:10C3A0000068B0F91400DC2803DA03200A49087099
:10C3B00009E008480068B0F91400B0F5DC7F02DD40
:10C3C000022005490870044801780448FFF730FF4F
:10C3D00010BD0000809200202C020020FF010020F0
:10C3E000B74890ED9C0AD0ED9D0A30EE200AD0EDC2
:10C3F0009E0A30EE600AD0ED9F0A70EE600AB0EE41
:10C40000001A80EE810A9FEDAF1AC0EE010A9FED7F
:10C41000AE0A80EE801AAD4880ED051AA84890ED6E
:10C420009C0AD0ED9D0A30EE600AD0ED9E0A30EEF7
:10C43000600AD0ED9F0A70EE200AB0EE001A80EE7E
:10C44000810A9FEDA01AC0EE010A9FED9F0A80EEBF
:10C45000801A9E4880ED061A0068407A012846D16D
:10C4600003209A494871887108460068B0F90200B3
:10C4700000EE100AB8EEC00A9FED951AC0EE010A50
:10C480009FED940A20EE800A084680ED020A0068BB
:10C49000B0F9000000EE100AB8EEC00ADFED8C0A19
:10C4A00080EE201A9FED8C0A21EE000A084680EDEE
:10C4B000040A0068B0F9060000EE100AB8EEC00ADF
:10C4C000DFED860A20EE200A084680ED070A0068A4
:10C4D000B0F90400404200EE100AB8EEC00ADFEDE9
:10C4E000800A20EE200A084680ED080AA9E0774875
:10C4F0000068407A032859D1042074494871022009
:10C50000887108460068B0F9020000EE100AF8EEE3
:10C51000C00A9FED6F1A80EE810ADFED6E0A20EEF1
:10C52000200A084680ED020A0068B0F9000000EE1B
:10C53000100AB8EEC00A9FED661AC0EE010A9FED20
:10C54000650A20EE800A084680ED030A0068B0F90B
:10C55000040000EE100AF8EEC00A9FED5D1A80EEAE
:10C56000810ADFED5D0A20EE200A084680ED040A0C
:10C570000068B0F9060000EE100AB8EEC00ADFED60
:10C58000570A20EE200A084680ED070A0068B0F935
:10C590000400404200EE100AB8EEC00ADFED500A77
:10C5A00020EE200A084680ED080A4AE04748006865
:10C5B000407A022845D104204449487188710846D0
:10C5C0000068B0F9020000EE100AF8EEC00A9FED14
:10C5D000401A80EE810ADFED3F0A20EE200A08466D
:10C5E00080ED020A0068B0F9000000EE100AB8EE13
:10C5F000C00ADFED370A80EE201A9FED360A21EEE1
:10C60000000A084680ED030A0068B0F9060000EE53
:10C61000100AB8EEC00ADFED310A20EE200A084603
:10C6200080ED070A0068B0F90400404200EE100AED
:10C63000B8EEC00ADFED2A0A20EE200A084680ED97
:10C64000080A2248C079022807D1264880780D2898
:10C6500035D101201D49C87131E01C48C07901283D
:10C660002DD1204880780D2803D102201749C871A8
:10C6700025E01C4880780E2804D10120134981F858
:10C6800030001CE017480078022812D116480068D4
:10C69000401C1549086008460068322804D901206A
:10C6A0000A4981F830000AE00020084981F830008A
:10C6B00005E00020054981F830000B49086070470B
:10C6C000B8AD0020F304B53F00007A44809200200A
:10C6D0000000254400007A45000096436F12833A1B
:10C6E0006F12033BFF010020300200207CB504469E
:10C6F0000E4615463346012202212046009500F0E1
:10C7000039F828B1606D40F02000606503207CBDE1
:10C71000164800681821B0FBF1F01549B0FBF1F0A4
:10C720004FF47A71484301906068B0F5827F0DD173
:10C730003346002280212046009500F01BF898B176
:10C74000606D40F0200060650320E0E700BF0198C5
:10C7500000B908E00198401E019020688068C0F38D
:10C76000C0100028F3D100BF0020D0E73400002023
:10C7700040420F002DE9F84F04460D4690461E46F4
:10C78000DDF82890FAF7B0F9A0EB0900371AFAF7AC
:10C79000ABF982462C480068C0F3CB307843009058
:10C7A00046E0701C002843D0FAF79EF9A0EB0A007F
:10C7B000B84200D2A7BB2068406820F0E0002168A2
:10C7C00048606068B0F5827F0DD1A068B0F5004F79
:10C7D00003D0A068B0F5806F05D12068006820F014
:10C7E000400021680860A06AB0F5005F0DD100BF6D
:10C7F0002068006820F40050216808602068006804
:10C8000040F400502168086000BF012084F8510006
:10C8100000BF002084F8500000BF0320BDE8F88F5F
:10C82000FFE7009808B9002702E00098401E00903A
:10C83000206880682840A84201D1012000E0002043
:10C840004045AED10020E9E73400002030B5014674
:10C850000A461378521C147843EA042030BD0000C5
:10C860000B480068C07918B90020094908720EE029
:10C8700007480068C079012802D10549087206E01E
:10C8800003480068C079022801D101490872704745
:10C8900060A600202DE9FC4704460D4616461F46BB
:10C8A000DDE90A890A49CDE900672B462246486836
:10C8B0004FF40071FFF784F90549CDE900890023A1
:10C8C0001A46486840F2FF11FFF77AF9BDE8FC8785
:10C8D00060A6002010B52848D0F8B403B0F90400D1
:10C8E00000EE100AB8EEC00ADFED240A20EE200A9E
:10C8F000F7EE000A20EE200A214880EDE00A1E48EB
:10C90000D0F8B40301691C48D0F8B803081A00EE47
:10C91000100AB8EEC00A1848D0EDEF0A20EE200A3F
:10C92000174880EDE10A0E20F6F742FFA8B9FFF79D
:10C930001FFDC0881049A1F84E07FFF719FD0089B7
:10C940000D49A1F85007FFF70FFD40890A49A1F8EA
:10C9500054071920A1F852070CE000200649A1F85D
:10C960004E07C820A1F850071920A1F8520700204F
:10C97000A1F8540710BD000060A60020398EE33CEA
:10C9800040A800201CB500BFFFF7A4FFFFF768FF19
:10C990002949087A00F0AEF9274800F0BDF9264988
:10C9A000087A01F5B16100F025F92348007A68B9E9
:10C9B00000212148A0F8F415A0F86416A0F8D416B8
:10C9C000A0F84417A0F8B013A0F884151A48B0F9DD
:10C9D000840500EE100AB8EEC00AF7EE000A20EE59
:10C9E000200ABDEEC00A10EE100A00B21249B1F9D9
:10C9F000B01300EE101AB8EEC00AFFEE000A20EEE7
:10CA0000200ABDEEC00A10EE101A09B20A4CCDE998
:10CA10000010B4F94437B4F9D426B4F96416B4F963
:10CA2000F405FFF737FF0A2007F0CEFE002009F0DB
:10CA300013FD02490860A7E760A600200C03002050
:10CA400010B588B0F7F7D0FC5849086058484860DE
:10CA5000DFED582A9FED572ADFED561AB2EE001A85
:10CA6000DFED550A9FED550A0321554808F062F99C
:10CA7000DFED502A9FED4F2ADFED4E1AB2EE001A7D
:10CA8000DFED4D0A9FED4D0A03214E4808F052F9A3
:10CA9000DFED482A9FED472ADFED461A9FED4A1A3F
:10CAA000DFED4A0A9FED4A0A03214548643008F049
:10CAB00041F9DFED402A9FED3F2ADFED3E1A9FED61
:10CAC000421ADFED420A9FED420A03213D486430DD
:10CAD00008F030F9DFED372A9FED362ADFED351A01
:10CAE000B0EE081ADFED3B0A9FED390A03213A4800
:10CAF00008F020F94FF47A72511032482438F5F7D3
:10CB000033FD4FF47A72511033487430F5F72CFD31
:10CB100000F078FF2549C1F8B403002081F84907E7
:10CB20009FED2E0A084680EDEF0AF7F731FF1F4907
:10CB3000C1F88805F7F730FF1C49C1F8F805F7F789
:10CB40002FFF1A49C1F86806F7F72EFF1749C1F8F9
:10CB5000D806002417E0C4EBC4021F498C3101EB56
:10CB60000211081DDFED132A9FED122ADFED111AC5
:10CB7000B1EE081ADFED1A0A9FED1A0A032108F038
:10CB8000D9F8601CC4B2042CE5DB00211648F5F787
:10CB900061FA1C22154901A8F3F719FC002101A82C
:10CBA00007F03BFE1249086008B010BD60A60020E7
:10CBB0008C800020000000000000704200009643BE
:10CBC0004CA8002020AA00200000C84200C0DA457E
:10CBD00000401C4600007A435CAB00200000A03AF5
:10CBE0000000FA4300007A468C7F00200081010893
:10CBF0000803002070B506460C46012E34D10020F3
:10CC00002FE0384931F81010374AB2F852279142D4
:10CC100025D1364931F81010494200EE101AB8EE0D
:10CC2000C00A84ED1A0A314931F8101000EE101ACA
:10CC3000B8EE400A84ED360A2C4931F8101000EEA7
:10CC4000101AB8EE400A84ED520A284931F8101043
:10CC5000494200EE101AB8EEC00A84ED6E0A411C7B
:10CC6000C8B20328CDDB0FE09FED210A84ED1A0A3C
:10CC70009FED1F0A84ED360A9FED1D0A84ED520ACE
:10CC80009FED1B0A84ED6E0A002528E0C5EBC50167
:10CC900004EB011191ED1A1AF0EE410AC5EBC50142
:10CCA00004EB01110968B1F9041001EE101AB8EE95
:10CCB000C11AB0EE410AC5EBC50104EB0111081D14
:10CCC00007F012FFBDEEC00A10EE100A00B2C5EB6D
:10CCD000C50104EB0111A1F86C00681CC5B2042D5C
:10CCE000D4DB70BD1203002060A6002018030020D2
:10CCF0000000000010B50446012C05D142F2CF011E
:10CD00000448F5F7A7F903E000210248F5F7A2F976
:10CD100010BD00008C7F002070B52DED048B044603
:10CD2000207A01287DD194F8490768BBB4F85007F0
:10CD3000B4F85417401A0A21B0FBF1F040B274491C
:10CD40000870206890F83000012808D1084690F952
:10CD50000000032803DB0320A4F84A070CE0206846
:10CD600090F83000022807D1694890F900000528A2
:10CD700002DB0520A4F84A07B4F84A07002802D0CD
:10CD8000012084F84907A4E094F84907012827D135
:10CD9000002060490860B4F84A07B8B1022084F85E
:10CDA00049079FED5D0A04F5F07080EDE20A4FF44B
:10CDB0007A72511004F56770F5F7D6FB4FF47A726A
:10CDC000511004F5AE60F5F7CFFB82E0002084F847
:10CDD00049079FED520A04F5F07080EDE20A78E011
:10CDE00094F84907022874D104F5F070D0EDE00AF8
:10CDF000B0EE600A04F5AE60F5F774FB054604F585
:10CE0000F07090EDE00A10EE101A0846F3F7ACFC53
:10CE100041EC190BB0EE490AF0EE690A04F0E4FBAC
:10CE200000E049E0B0EE408AF0EE608A9FED3C0BF6
:10CE300053EC102B51EC180BF3F7C2FC07D2B4F8EB
:10CE40004A07401EA4F84A07012084F84907012D2B
:10CE500031D13048006800BBF5F714F92D4908605E
:10CE600094EDE40AF3EE0E0A30EE600A84EDE60A71
:10CE700004F5F07090EDE10AF3EE0E0A30EE600A70
:10CE800080EDE30A9FED280A80EDE20A01202749A0
:10CE900008700320264908800DE0F5F7F3F81D49D6
:10CEA0000968401AB0F5967F05D9012084F8490732
:10CEB00000201E4908700CE0002084F8490794ED1A
:10CEC000E40A84EDE60A9FED150A04F5F07080EDA2
:10CED000E20A04F5F07090EDE21AF0EE410AD4F89F
:10CEE000B403B0F9040001EE100AB8EEC11AB0EEB6
:10CEF000410A04F2FC4007F0F7FDBDEEC00A10EE57
:10CF0000100A01B2A4F88415BDEC048B70BD0000BA
:10CF100024030020280300200000FAC500000000C0
:10CF200000000000000059400000FA451E030020E8
:10CF3000100300202DE9F04106460F461546012456
:10CF40001BE0104800EB04100078A8B9284608F050
:10CF5000A5FE0C4901EB041108700A4800EB04100F
:10CF60004560084800EB04108760064800EB041099
:10CF7000C6602046BDE8F081641C152CE1DB002072
:10CF8000F8E700003091002008B507F03CFC009065
:10CF900000BF00F0E7FC012425E0194800EB041075
:10CFA0000078F8B1164800EB0410C068D0B11449FD
:10CFB00001EB0411087808F03BFE022812D1104A58
:10CFC00002EB041290680E4A02EB0412D168884703
:10CFD0000B4A02EB04125168094A02EB0412107862
:10CFE00008F084FE641C152CD7DB0121684607F08D
:10CFF000F7FB002009F030FA02490860C9E7000099
:10D0000030910020EC01002000B587B008F034FE1C
:10D010001C2206496846F3F7DAF90021684607F052
:10D02000FCFB0349086007B000BD00003480010824
:10D03000E801002010B596214FF4C470F5F79CFA72
:10D040006420F9F749FB00210846F5F795FA6420BA
:10D05000F9F742FB962140F25D10F5F78DFA642056
:10D06000F9F73AFB00210846F5F786FA6420F9F74C
:10D0700033FB96214FF4DC70F5F77EFA6420F9F764
:10D080002BFB00214FF4DC70F5F776FA6420F9F7FA
:10D0900023FB10BDF4F712FA00BF642007F094FBE5
:10D0A000002009F0D9F901490860F6E7F0010020F5
:10D0B0000278437842EA032200EE102AB8EEC00A52
:10D0C000274A82ED040A92ED040ADFED260A80EE7B
:10D0D000201A82ED041A8278C37842EA032200EE15
:10D0E000102AB8EEC00A204A82ED000A8278C3787E
:10D0F00042EA032200EE102AB8EEC00A184A82ED76
:10D10000030A92ED030ADFED170A80EE201A82ED82
:10D11000031A0279437942EA032200EE102AB8EE9C
:10D12000C00A0F4A82ED020A92ED020ADFED0D0AF3
:10D1300080EE201A82ED021A8279C37942EA032234
:10D1400000EE102AB8EEC00A054A82ED050A92EDFB
:10D15000050ADFED040A80EE201A82ED051A7047F9
:10D16000709000200000C842E401002038B5054658
:10D170000C460020009020128DF80000E0B28DF8DF
:10D18000010002236A464FF404712846F4F70CFDAF
:10D1900038BD000010B504460E20F6F709FBB0BB01
:10D1A000FFF7E6F840892349A1F89002FFF7DCF881
:10D1B000008900EE100AB8EE400AF3EE0E0AB4EE53
:10D1C000E00AF1EE10FA12D2FFF7D2F8408900EE31
:10D1D000100AB8EE400AF2EE040A30EE600ADFED03
:10D1E000160A20EE200A154880ED000A15E0FFF728
:10D1F000BFF84089401F00EE100AB8EEC00ADFED0C
:10D200000E0A20EE200A0D4880ED000A05E0FFE737
:10D210009FED0B0A094880ED000A084A92ED000ACA
:10D22000BCEEC00A10EE102A91B2024A9068FFF7D5
:10D230009DFF10BDB8AD00200000C8422C030020A7
:10D2400000A00C4610B500BF502080F31188BFF33A
:10D250004F8FBFF36F8F00BF0AF08EFA18B14FF0F7
:10D2600080500449086000BF002080F3118800BF8F
:10D2700010BD000004ED00E000B593B0302107A818
:10D28000F3F7BEF8142102A8F3F7BAF800BF0020A4
:10D2900001902448006840F0805022490860084608
:10D2A000006800F08050019000BF00BF00BF002068
:10D2B00001901D48006840F480401B490860084602
:10D2C000006800F48040019000BF00BF012007907B
:10D2D0000004089002200D9041050E9106210F9147
:10D2E000A8211091022111910721129107A8FBF7A3
:10D2F000CBF808B1F7F7F7F90F200290022003905E
:10D30000002004904FF4A05005904FF480500690F8
:10D31000052102A8FAF756FF08B1F7F7E4F913B0B0
:10D3200000BD000040380240007000400548006821
:10D3300040F47000034908604FF0006001498039F3
:10D340000860704788ED00E010B50248FBF79FFECB
:10D3500010BD00008410002010B502682B4B9842CD
:10D360000ED0B0F1804F0BD0294B984208D0294BFA
:10D37000984205D0284B984202D0284B984203D1BE
:10D3800022F070024B681A43204B984220D0B0F133
:10D39000804F1DD01E4B98421AD01E4B984217D07A
:10D3A0001D4B984214D01D4B984211D01C4B9842F3
:10D3B0000ED01C4B98420BD01B4B984208D01B4BF5
:10D3C000984205D01A4B984202D01A4B984203D18A
:10D3D00022F44072CB681A4322F080034C6943EA7E
:10D3E00004028B68C3620B688362084B984202D0C8
:10D3F0000A4B984201D10B690363036843F00403AD
:10D40000036001234361026010BD00000000014081
:10D410000004004000080040000C004000040140EF
:10D420000040014000440140004801400018004015
:10D43000001C00400020004030B501F01F05012411
:10D4400004FA05F3046A9C430462046A01F01F05B0
:10D4500002FA05F52C43046230BD30B50C468168F4
:10D4600021F47F4142EA032525432943816030BDF1
:10D470000A46816821F0700142F007031943816078
:10D480007047000030B5026A056A25F001050562A3
:10D490004368846924F0700424F003040D682C436D
:10D4A00022F002028D682A43104DA84200D103E009
:10D4B0000F4DA84206D100BF22F00802CD682A43D2
:10D4C00022F00402094DA84202D0094DA84207D11A
:10D4D00023F4807323F400734D692B438D692B4330
:10D4E000436084614D684563026230BD00000140C5
:10D4F0000004014030B5026A056A25F01005056296
:10D500004368846924F4E04424F440740D6844EAD8
:10D51000052422F020028D6842EA0512124DA8422D
:10D5200000D103E0114DA84207D100BF22F08002D4
:10D53000CD6842EA051222F040020B4DA84202D00B
:10D540000A4DA84209D123F4806323F400634D6996
:10D5500043EA85038D6943EA8503436084614D682E
:10D560008563026230BD00000000014000040140FC
:10D5700030B5026A056A25F4807505624368C4699E
:10D5800024F0700424F003040D682C4322F400728C
:10D590008D6842EA0522124DA84200D103E0114DE8
:10D5A000A84207D100BF22F40062CD6842EA0522FA
:10D5B00022F480620A4DA84202D00A4DA84209D145
:10D5C00023F4805323F400534D6943EA05138D6916
:10D5D00043EA05134360C4614D68C563026230BD10
:10D5E000000001400004014030B5036A056A25F4DB
:10D5F000805505624468C26922F4E04222F4407218
:10D600000D6842EA052223F400538D6843EA05338E
:10D61000084DA84202D0084DA84204D124F4804409
:10D620004D6944EA85144460C2614D680564036233
:10D6300030BD0000000001400004014030B50B4641
:10D640001446026A056A25F001050562816921F028
:10D65000F00141EA041122F00A021A4381610262D8
:10D6600030BD30B50B461446026A056A25F0100538
:10D670000562816921F4704141EA043122F0A0027F
:10D6800042EA03128161026230BD000070B52DEDE7
:10D690000C8BF5F747FD054603F0FCF90446A54859
:10D6A00090F82800032870D1A3480068F3F75CF8CD
:10D6B00041EC190B9FEDA10B53EC102BF2F7BBFEC5
:10D6C00041EC180BF3F794F89B4908609FED9D0A15
:10D6D0009D4880ED100A9FED9B0A80ED140AB1EE83
:10D6E000080A80ED150A287804284FD1D5F80900DA
:10D6F00000EE100ADFED950A80EE201A11EE106A96
:10D700003046F3F731F841EC190BE1680846F3F7BE
:10D710002BF841EC1D0B9FED8E0B53EC102BF2F709
:10D7200031FF41EC1B0B834890ED0B1AF0EE001A11
:10D7300031EE611AF0EE410A90ED0D1AB0EE410A99
:10D7400000F5C47006F006FEF1EE400A206900EE16
:10D75000100AB7EE001A40EE410A10EE906A304609
:10D76000F3F702F841EC1C0B53EC1B2BF2F704FF10
:10D7700041EC1A0B53EC192BF2F75DFE41EC180B40
:10D78000F3F736F870494864BFE09CE0A06800EE0B
:10D79000100AB5EEC00AF1EE10FA49D0D5F809002A
:10D7A00000EE100ADFED690A80EE201A11EE106A11
:10D7B0003046F2F7D9FF41EC1A0BE1680846F2F760
:10D7C000D3FF41EC1D0B9FED640B53EC102BF2F7D4
:10D7D000D9FE41EC1C0B574890ED0B1AF0EE410AB4
:10D7E00090ED0D1AB0EE410A00F5C47006F0B2FDDE
:10D7F000F1EE400A206900EE100AB7EE001A40EE82
:10D80000410A10EE906A3046F2F7AEFF41EC180B79
:10D8100053EC1C2BF2F7B0FE41EC1B0B53EC1A2B14
:10D82000F2F709FE41EC190BF2F7E2FF46494864B2
:10D83000D5F8090000EE100ADFED440A80EE201A48
:10D8400011EE106A3046F2F78FFF41EC1B0BE168D6
:10D850000846F2F789FF41EC1D0B9FED3F0B53EC9F
:10D86000102BF2F78FFE41EC190B324890ED0B1A9A
:10D87000F0EE410A90ED0D1AB0EE410A00F5C470C9
:10D8800006F068FDF1EE400A206900EE100AB7EEDE
:10D89000001A40EE410A10EE906A3046F2F764FF3B
:10D8A00041EC180B53EC192BF2F766FE41EC1C0B04
:10D8B00053EC1B2BF2F7BFFD41EC1A0BF2F798FF6C
:10D8C0002149486421E01B4890F8280004281CD115
:10D8D0009FED1C0A1C4880ED140AB0EE080A80ED8A
:10D8E000150A9FED180A80ED100A124890ED0B1AE8
:10D8F000F0EE410A90ED0C1AB0EE410A00F5C4704A
:10D9000006F028FD104880ED110A00201449087027
:10D91000084988680C4906F09DF80620F5F748FF8D
:10D9200020B104498868084906F013F9BDEC0C8B56
:10D9300070BD00003C960020040300207B14AE471D
:10D94000E17A843F00000000D08500203333654237
:10D950009A9999999999A93F7B14AE47E17AB43F76
:10D96000F0020020012013E00B4931F8301069B1BA
:10D97000094901EBC001496841B1074901EBC00108
:10D980004968491E044A02EBC0025160411CC8B2FA
:10D990001528E9DB7047000088900020F8B507469D
:10D9A0000E20F5F705FF08B10020F8BDFEF7E0FCFA
:10D9B00006460D20334640F20122A52100900E4874
:10D9C000F6F75EFBFEF7D0FC04460E20234640F23D
:10D9D0000222A52100900848F6F752FBF6F7E8FF6F
:10D9E00005460B202B460122A52100900248F6F7A0
:10D9F00047FB0020D9E70000A4B900200048704789
:10DA00004C850020004870477085002070B50446A2
:10DA1000A56B0020E8852846FBF7FAFD70BD70B5C0
:10DA200006460025B46B20684069C0F3C01594F821
:10DA30004100212805D125B10020E084204600F0D6
:10DA4000FBF820684069C0F3801594F84200222852
:10DA500005D125B10020E085204600F0A7F8606CD4
:10DA600040F0100060642046FBF7D2FD70BD70B539
:10DA70000546AC6B2868006800F48070002842D12D
:10DA8000E08500BF00BF21680C3151E8001F21F480
:10DA9000807021680C3141E80002002AF3D100BFF8
:10DAA00000BF00BF2168143151E8001F21F00100C0
:10DAB0002168143141E80002002AF3D100BF00BF01
:10DAC00000BF2168143151E8001F21F04000216897
:10DAD000143141E80002002AF3D100BF202084F86D
:10DAE0004200206B01280ED100BF00BF21680C311D
:10DAF00051E8001F21F0100021680C3141E80002BC
:10DB0000002AF3D100BF00206063206B012804D1FC
:10DB1000A18D2046FBF77BFD02E02046FCF7F8F8DC
:10DB200070BD70B50546AC6B01206063206B0128A9
:10DB300005D1A08D41082046FBF769FD02E0204693
:10DB4000FCF704F970BD70B50546AC6B2868006839
:10DB500000F48070F8B90020E08400BF00BF2168A5
:10DB6000143151E8001F21F080002168143141E890
:10DB70000002002AF3D100BF00BF00BF21680C31B2
:10DB800051E8001F41F0400021680C3141E80002DB
:10DB9000002AF3D102E02046FCF728F970BD70B5E9
:10DBA0000446A56B2846FCF73FF970BD00BF00BFD7
:10DBB00002680C3252E8002F22F4907102680C3295
:10DBC00042E80013002BF3D100BF00BF00BF026882
:10DBD000143252E8002F22F001010268143242E8A8
:10DBE0000013002BF3D100BF016B01290ED100BF40
:10DBF00000BF02680C3252E8002F22F010010268C8
:10DC00000C3242E80013002BF3D100BF202180F832
:10DC1000421000210163704710B504462068C068B7
:10DC200020F040002168C860202084F84100204690
:10DC3000FCF7DCF8002010BD00BF00BF02680C320A
:10DC400052E8002F22F0C00102680C3242E80013B3
:10DC5000002BF3D100BF202180F841107047F8B5A8
:10DC600004460025002694F84200222873D1A068BB
:10DC7000B0F5805F0BD1206948B9A66A206840687A
:10DC8000C0F308003080A06A801CA06214E0A56A7E
:10DC9000A068B0F5805F03D0A06828B9206918B9E2
:10DCA00020684068287004E02068406800F07F0029
:10DCB0002870A06A401CA062E08D401E80B2E08502
:10DCC000002846D12068C06820F020002168C86084
:10DCD0002068C06820F480702168C86020684069AE
:10DCE00020F0010021684861202084F842000020D3
:10DCF0006063206B012826D10020206300BF00BF95
:10DD000021680C3151E8001F21F0100021680C310E
:10DD100041E80002002AF3D100BF2068006800F04B
:10DD2000100010280AD100BF002000902068006871
:10DD3000009020684068009000BF00BFA18D204681
:10DD4000FBF765FC02E02046FBF7E2FF0020F8BD90
:10DD500001E00020FBE70220F9E700002DE9F84F81
:10DD600004462068006920F44050E16808432168B7
:10DD700008612169A068084361690843E1690843B3
:10DD800000902068C06849F20C61884300990843FC
:10DD90002168C8602068406920F44070A169084388
:10DDA0002168486176492068884203D07549206817
:10DDB000884203D1FAF700FB814602E0FAF7ECFA59
:10DDC0008146E069B0F5004F6CD102206168A0FB8C
:10DDD000015003461920A9FB007001462A46384627
:10DDE000F2F7C4FA6421B0FBF1F04FEA001A022006
:10DDF0006168A0FB01510B461920A9FB00712A465E
:10DE00003846F2F7B3FA834602206168A0FB01505E
:10DE100003461920A9FB00712A463846F2F7A6FAF4
:10DE20006421B0FBF1F000EBC00101EB0010ABEBA3
:10DE30008000322101EBC0006421B0FBF1F000F062
:10DE4000F8000AEB400A02206168A0FB015003467B
:10DE50001920A9FB007001462A463846F2F786FAD7
:10DE6000834602206168A0FB015003461920A9FBEC
:10DE700000712A463846F2F779FA6421B0FBF1F0D6
:10DE800000EBC00101EB0010ABEB8000322101EB95
:10DE9000C0006421B0FBF1F000F00700504421689D
:10DEA00088606AE004206168A0FB015003461920E5
:10DEB000A9FB007001462A463846F2F757FA824617
:10DEC00004206168A0FB015003461920A9FB0070E3
:10DED00001462A463846F2F749FA6421B0FBF1F0D0
:10DEE00000EBC00101EB0010AAEB8000322101EB36
:10DEF00000106421B0FBF1F000F0F00A042061682A
:10DF0000A0FB017003461920A9FB00513A462846A0
:10DF1000F2F72CFA6421B0FBF1F00AEB001A0420AE
:10DF20006168A0FB01510B461920A9FB00712A462C
:10DF30003846F2F71BFA834604206168A0FB0150C3
:10DF400003461920A9FB007001462A463846F2F71D
:10DF50000DFA6421B0FBF1F000EBC00101EB001001
:10DF6000ABEB8000322101EB00106421B0FBF1F03B
:10DF700000F00F00504421688860BDE8F88F000071
:10DF8000001001400014014077B581B004461546E9
:10DF90000298A062A58500206064222084F84200D7
:10DFA0002C48E16BC8632C48E16B08642B48E16B9B
:10DFB000C8640020E16B086502AE32682368191D51
:10DFC0002B46E06BF8F73EFB38B110206064202050
:10DFD00084F84200012004B070BD00BF0020009012
:10DFE00020680068009020684068009000BF00BF73
:10DFF000206970B100BF00BF21680C3151E8001FDB
:10E0000041F4807021680C3141E80002002AF3D10C
:10E0100000BF00BF00BF2168143151E8001F41F06C
:10E0200001002168143141E80002002AF3D100BF49
:10E0300000BF00BF2168143151E8001F41F04000CB
:10E040002168143141E80002002AF3D100BF00200A
:10E05000C1E700006FDA000823DB00081FDA0008C0
:10E0600070B504460025002604B970BD207C00B9B7
:10E07000FBE7208D85B2A5B1208BA84201DD2E469D
:10E0800000E0268B324604F11C00616905F0F8FEC1
:10E09000012084F83A00324661692068FBF758FE97
:10E0A00002E0002084F83A0000BFDEE7014691F864
:10E0B0004100212828D18868B0F5805F0BD108691C
:10E0C00048B90A6A1088C0F308000B685860086AEB
:10E0D000801C086205E00B6A581C086218780B68FF
:10E0E0005860C88C401E80B2C88458B90868C0689F
:10E0F00020F080000B68D8600868C06840F04000DD
:10E100000B68D860002070470220FCE710B5034878
:10E11000F4F76EF80148FBF77DFA10BDCC0D002036
:10E1200010B50348F4F764F80148FBF773FA10BD23
:10E13000140E002010B50348F4F75AF80148FBF715
:10E1400069FA10BD5C0E00202DE9F04104460D4631
:10E15000D4F8C87204F53070D4F8D41250F8210005
:10E1600010B90320BDE8F08104F53070D4F8D41262
:10E1700050F8216005F00F0000EB800104F114005D
:10E1800050F8210028B305F00F0000EB800104F1E6
:10E19000140050F8211005F00F0000EBC00207F149
:10E1A000140000EB82008068B1FBF0F200FB12105B
:10E1B00078B9002105F00F0000EB800204F1140093
:10E1C00040F8221000231A462946204601F042F961
:10E1D00017E00020C6F8140204F53170D4F8D41208
:10E1E00050F82100006960B1D6F8080204F53171D9
:10E1F000D4F8D42251F822102A460B6906F504718E
:10E2000098470020AEE770B504460E4604F530701E
:10E21000D4F8D41250F82150D4F8D41250F8210078
:10E2200008B9032070BD3146204600F06AFFC5F8EA
:10E230000C02D5F8040204F53171D4F8D43251F847
:10E240002310CA6805F5037190470020EAE7000033
:10E2500070B504460D4630480178204600F01BFE9C
:10E2600000212D48007800F00F0000EB800204F13F
:10E27000140000EB8200C17328480178204600F0AA
:10E280000AFE00212548007800F00F0000EB800214
:10E2900004F5AA7000EB8200C17321480178204682
:10E2A00000F0F9FD00211E48007800F00F0000EB9F
:10E2B000800204F1140000EB8200C173184800785A
:10E2C00000F00F0000EB800204F1140000EB82006C
:10E2D000816004F53070D4F8D41250F82100C8B130
:10E2E00004F53171D4F8D42251F8221048688047DF
:10E2F00004F53071D4F8D42251F8220001F0D6FB95
:10E30000002104F53070D4F8D42240F82210002007
:10E31000C4F8BC02002070BDA7040020A80400209F
:10E32000A904002070B5044604F53070D4F8D41266
:10E3300050F821500DB9032070BD04F53170D4F8A8
:10E34000D41250F8210098B195F80002FF280FD0A0
:10E3500095F8012295F8000204F53171D4F8D462E1
:10E3600051F826108B6829469847FF2085F800024F
:10E370000020E1E701460A200880014870470000BC
:10E38000200400202DE9F041044682210D4800F0D0
:10E390009EFC054601210B4800F099FC06468121B0
:10E3A000084800F094FC07460DB11020A8710EB18A
:10E3B0004020B0800FB14020B88043202080014829
:10E3C000BDE8F081640400202DE9F041044682217B
:10E3D0000E4800F07CFC054601210C4800F077FC5B
:10E3E00006468121094800F072FC07460DB1102055
:10E3F000A87116B14FF40070B08017B14FF40070DF
:10E40000B880432020800148BDE8F08164040020EA
:10E410002DE9F041044682210D4800F058FC0546E4
:10E4200001210B4800F053FC06468121084800F00A
:10E430004EFC07460DB11020A8710EB14020B080EF
:10E440000FB14020B880432020800148BDE8F08112
:10E450006404002070B504460E464FF4077001F0C6
:10E4600027FB054645B9002104F53070D4F8D422C5
:10E4700040F82210022070BD4FF407712846F1F7D2
:10E48000BFFF04F53070D4F8D41240F82150D4F80E
:10E49000D41250F82100C4F8BC02207C98BB4FF481
:10E4A0000073022250480178204600F0CBFE012183
:10E4B0004D48007800F00F0000EB800204F11400DA
:10E4C00000EB8200C1734B020222484801782046CB
:10E4D00000F0B8FE01214548007800F00F0000EB85
:10E4E000800204F5AA7000EB8200C173102140483D
:10E4F000007800F00F0000EB800204F1140000EB44
:10E500008200816032E0FFE7402302223648017832
:10E51000204600F097FE01213348007800F00F00FC
:10E5200000EB800204F1140000EB8200C173402371
:10E5300002222E480178204600F084FE01212B485B
:10E54000007800F00F0000EB800204F5AA7000EBE9
:10E550008200C17310212648007800F00F0000EB04
:10E56000800204F1140000EB820081600823032282
:10E570001F480178204600F065FE01211C48007804
:10E5800000F00F0000EB800204F1140000EB8200A9
:10E59000C1730020C5F8040204F53171D4F8D42207
:10E5A00051F82210086880470020C5F81402C5F809
:10E5B0001802D5F8040208B902205CE7207C48B9AB
:10E5C0004FF40073094801782046D5F8042200F082
:10E5D00051FE07E04023054801782046D5F8042283
:10E5E00000F048FE002046E7A7040020A804002011
:10E5F000A904002070B5044604F53070D4F8D41294
:10E6000050F82150D4F8D41250F8210008B9032052
:10E6100070BD207C48B94FF400730948017820464A
:10E62000D5F8042200F026FE07E0402304480178D4
:10E630002046D5F8042200F01DFE0020E8E7000087
:10E64000A8040020024609B90320704702F5317082
:10E65000D2F8D43240F823100020F6E710B5024675
:10E6600002F53070D2F8D44250F824300BB90320B0
:10E6700010BDC3F804120020FAE730B503460C467B
:10E6800003F53070D3F8D45250F8251009B903209F
:10E6900030BDC1F80842C1F810220020F8E72DE98A
:10E6A000FC4105460C4605F53070D5F8D41250F8FB
:10E6B0002160002001900090804616B90320BDE83B
:10E6C000FC81207800F0600000283DD020287CD11B
:10E6D000E08868B3207800F08000B8B1E288607804
:10E6E00005F53171D5F8D4C251F82C108B6831463C
:10E6F0009847E088072801D9072000E0E08807460E
:10E700003A463146284600F012F91CE0607886F857
:10E710000002E088402801D2E08800E0402086F82E
:10E72000010296F801223146284600F0DCF80AE0A2
:10E73000607805F53171D5F8D42251F82210002205
:10E740008B682146984747E0607830B1012832D085
:10E750000A2813D00B282FD121E095F89C0203281A
:10E7600005D102226946284600F0E1F805E021467D
:10E77000284600F0ACF84FF0030824E095F89C021E
:10E78000032805D1012201A9284600F0D0F805E0B0
:10E790002146284600F09BF84FF0030813E095F857
:10E7A0009C02032805D02146284600F090F84FF03F
:10E7B000030808E009E006E02146284600F087F853
:10E7C0004FF0030800BF00BF06E02146284600F0D6
:10E7D0007EF84FF0030800BF00BF40466FE700001F
:10E7E00070B5054605F53070D5F8D41250F82140C3
:10E7F00001260CB9032070BDD4F81402C0B9012061
:10E80000C4F814020B48007800F00F0000EB8002FF
:10E8100005F11400D4F8101240F8221005480178D0
:10E820002846D4F81032D4F8082200F013FE00264F
:10E830003046E0E7A704002070B504460D460026E8
:10E84000D4F8B802294642682046904700B1032612
:10E85000304670BD70B504460D4694F89C02012800
:10E8600004D0022803D003280CD101E000BF00BF70
:10E870006888012805D10020C4F8A402204600F0D1
:10E8800068F804E02946204600F021F800BF00BFE8
:10E8900070BD02460020704702460020704770B5E8
:10E8A00006460C4615462B4622460021304600F00F
:10E8B000E1FC002070BD70B506460C4615462B469F
:10E8C00022460021304600F0C5FD002070BD70B525
:10E8D00004460D468021204600F08CFD0021204694
:10E8E00000F088FD70BD70B504460E461546032045
:10E8F000C4F89402C4F854514FF4B27006514FF466
:10E90000AC7005512B4632460021204600F0B2FC87
:10E91000002070BD10B504460520C4F89402002301
:10E920001A461946204600F0A5FC002010BD70B51F
:10E9300004460E4615460220C4F8940265616662DC
:10E94000A5612B4632460021204600F083FD0020C1
:10E9500070BD10B504460420C4F8940200231A4682
:10E960001946204600F076FD002010BD70B5054622
:10E970000C462DB92246064906A000F012FA04E022
:10E980002246034903A000F00CFA014870BD0000C4
:10E9900044C5002043444320436F6E66696700000E
:10E9A000024612200880014870470000CC03002076
:10E9B00070B505460C462DB92246064906A000F062
:10E9C000F0F904E02246034903A000F0EAF9014807
:10E9D00070BD000044C5002043444320496E746567
:10E9E00072666163650000000246042008800148E9
:10E9F00070470000E003002070B505460C46224633
:10EA0000024903A000F0CDF9004870BD44C50020C4
:10EA100053544D6963726F656C656374726F6E6990
:10EA20006373000070B505460C462DB922460649B1
:10EA300006A000F0B6F904E02246034903A000F066
:10EA4000B0F9014870BD000044C5002053544D3357
:10EA500032205669727475616C20436F6D506F720D
:10EA60007400000070B505460C461A202080F5F7AA
:10EA7000A7FF014870BD0000E403002070B5044604
:10EA80000D46E888012804D029462046FFF71FFFDD
:10EA90001EE094F89C02012804D0022803D0032829
:10EAA00010D109E000BF0020A060012204F108019C
:10EAB0002046FFF73CFF0AE00122211D2046FFF718
:10EAC00036FF04E029462046FFF701FF00BF00BFE4
:10EAD00070BDF8B504460E460020009000270025C2
:10EAE00070880012082875D2DFE800F0C7040C20F7
:10EAF000C7C7A5B5207CD4F8B4120A686946904708
:10EB00000746C1E0207C40B9D4F8B802816A684663
:10EB1000884707460220787007E0D4F8B802C16A37
:10EB200068468847074602207870ADE0B07806282E
:10EB300078D2DFE800F00316293C5063D4F8B40221
:10EB4000406838B1207CD4F8B4124A6869469047CE
:10EB5000074605E031462046FFF7B9FE681CC5B2FE
:10EB600067E0D4F8B402806838B1207CD4F8B412DD
:10EB70008A6869469047074605E031462046FFF718
:10EB8000A6FE681CC5B254E0D4F8B402C06838B11F
:10EB9000207CD4F8B412CA6869469047074605E05D
:10EBA00031462046FFF793FE681CC5B241E0D4F819
:10EBB000B402006938B1207CD4F8B4120A696946FD
:10EBC0009047074605E031462046FFF780FE681C67
:10EBD000C5B22EE051E0D4F8B402406938B1207CCF
:10EBE000D4F8B4124A6969469047074605E03146B1
:10EBF0002046FFF76CFE681CC5B21AE0D4F8B402D8
:10EC0000806940B1207CD4F8B4128A696946904783
:10EC1000074606E006E031462046FFF758FE681C2E
:10EC2000C5B206E031462046FFF751FE681CC5B26A
:10EC300000BF00BF28E0207C30B9D4F8B802416B97
:10EC400068468847074605E031462046FFF73FFE05
:10EC5000681CC5B218E0207C40B9D4F8B802016B3A
:10EC60006846884707460720787005E03146204609
:10EC7000FFF72DFE681CC5B206E031462046FFF7BF
:10EC800026FE681CC5B200BF00BF05B1F8BDF08804
:10EC9000C0B1BDF8000080B1F088BDF80010884216
:10ECA00002DDBDF8000000E0F0880090BDF8002013
:10ECB00039462046FFF73BFE07E031462046FFF786
:10ECC00006FE02E02046FFF744FE00BFDEE72DE926
:10ECD000F84105460F462C462E464FF00008708836
:10ECE0003178884218DD307800900FE06946204680
:10ECF00000F020F804466078052807D1A04698F86F
:10ED00000200B84200D106E04FF000087088BDF85C
:10ED100000108842EADC00BF4046BDE8F8810146A9
:10ED200000200A4602E0431CD8B2521C1378002B84
:10ED3000F9D1704710B5024610460B880478234479
:10ED40000B800378981810BD70B504460D4694F8F2
:10ED50009C02012804D0022803D003281AD101E024
:10ED600000BF00BFE888022804D029462046FFF7EC
:10ED7000AEFD14E00120E060D4F8A40218B1E06810
:10ED800040F00200E060022204F10C012046FFF78F
:10ED9000CEFD04E029462046FFF799FD00BF00BFE5
:10EDA00070BD2DE9F04107460D46904600240FB98D
:10EDB000BDE8F0813E463046FFF7B1FF022101EB8E
:10EDC0004000B0F5007F01D9080204E03046FFF7AB
:10EDD000A6FF4000801CA8F8000098F80000285505
:10EDE000601CC4B203202855601CC4B208E030780F
:10EDF0002855761C601CC4B200202855601CC4B283
:10EE000030780028F3D100BFD2E70146002031B1AD
:10EE1000012906D0022906D0032908D105E00020E7
:10EE200007E0032005E0012003E0032001E00320C8
:10EE300000BF00BF70472DE9F04104460D4616465D
:10EE400014B90320BDE8F0810020C4F8B802C4F86A
:10EE5000C402C4F8D0020DB1C4F8B452012084F841
:10EE60009C022670204600F055F907463846E9E72F
:10EE70002DE9F04104460D46002600272946D4F826
:10EE8000C802F8F77EFB06463046FFF7BEFF07468E
:10EE90003846BDE8F0812DE9F04104460D460026D4
:10EEA00000272946D4F8C802F8F736FB0646304654
:10EEB000FFF7ABFF07463846BDE8F0812DE9F04784
:10EEC00005460F469146002F5AD105F11404D5F896
:10EED000940202284AD1A1896068884213D9A18985
:10EEE0006068401A6060A189206908442061284652
:10EEF00062682169FFF7DFFC00231A46194628469D
:10EF000000F0B8F932E0A0896168884217D1A18980
:10EF10002068884213D32068D5F8981288420ED210
:10EF2000002211462846FFF7C6FC0020C5F89802CB
:10EF300000231A461946284600F09CF916E095F879
:10EF40009C0203280BD1D5F8B802C06838B1002064
:10EF5000C5F8D402D5F8B802C16828468847802190
:10EF6000284600F047FA2846FFF7D4FC95F8A0029F
:10EF700050B3284600F0C5FA002085F8A00223E02F
:10EF800047F080012846FFF784FC0646FF2E1BD081
:10EF9000D6B995F89C02032816D105F52E7050F8C5
:10EFA0002600406980B1C5F8D46205F52E7050F88E
:10EFB000260039464269284690478046B8F1000F3E
:10EFC00002D04046BDE8F0870020FBE72DE9F0477E
:10EFD00005460F4691464FF00008002F55D105F524
:10EFE000AA76D5F89402032873D1B1897068884253
:10EFF00014D9B1897068401A7060B18930690844C9
:10F000003061B3897068984201D9706800E0B089B6
:10F01000024628463169FFF742FC5AE095F8AA02F9
:10F0200000F01F0020B1012804D0022812D109E00D
:10F03000002411E040F2AE20415D2846FFF72CFC91
:10F04000044609E040F2AE20415D2846FFF721FC6E
:10F05000044601E0002400BF00BF94B995F89C026B
:10F0600003280ED105F52E7050F82400006940B138
:10F07000C5F8D44205F52E7050F8240001692846E1
:10F0800088472846FFF765FC23E007F07F01284604
:10F09000FFF7FFFB0446FF2C1BD0D4B995F89C0268
:10F0A000032810D105F52E7050F82400806950B166
:10F0B000C5F8D44205F52E7050F82400394682690F
:10F0C000284690478046B8F1000F02D04046BDE880
:10F0D000F0870020FBE701460020704770B504462A
:10F0E0000025012084F89C02D4F8B80238B12179B7
:10F0F000D4F8B80242682046904700B1032528465C
:10F1000070BD70B504460D462946D4F8C802F8F71C
:10F1100076FA70BD10B50446207800282AD116482A
:10F12000C0F8E044C4F8C8024FF0A040124908609B
:10F130000420087102211048C1710021817102214F
:10F14000417200218172C17201738173C173F8F73A
:10F15000ABFE08B1F5F7C7FA80210748F8F761F967
:10F16000402200210448F8F761F980220121024879
:10F17000F8F75CF9002010BD44D7002010B5024616
:10F18000D2F8C83201F08000802809D101F07F0058
:10F1900000EBC00403F1140000EB8400807810BD84
:10F1A00001F07F0000EBC00403F5157000EB840054
:10F1B0008078F4E770B504460D4604F52E70D4F857
:10F1C000D41250F8210008B9032070BD94F89C02B5
:10F1D000032811D104F52E70D4F8D41250F8210070
:10F1E000006A48B104F52E70D4F8D41250F821000A
:10F1F0002946026A204690470020E6E770B504469B
:10F200000D4604F52E70D4F8D41250F8210008B938
:10F21000032070BD94F89C02032811D104F52E70D0
:10F22000D4F8D41250F82100406A48B104F52E7089
:10F23000D4F8D41250F821002946426A204690475B
:10F240000020E6E72DE9F04704460F4615461E4626
:10F250004FF00008C1462B4632463946D4F8C80262
:10F26000F8F7D8F980464046FFF7CFFD814648467B
:10F27000BDE8F0872DE9F04704460D4616461F46C7
:10F280004FF00008C1463B4632462946D4F8C80232
:10F29000F8F707FA80464046FFF7B7FD8146484633
:10F2A000BDE8F08770B504460025012084F89C0273
:10F2B0000020C4F894026060C4F8A40284F8A0029C
:10F2C000D4F8B80258B1D4F8B802406838B12179FE
:10F2D000D4F8B80242682046904700B10325402385
:10F2E000002211462046FFF7ADFF012140F26310D6
:10F2F00001554021C01E0153402300228021204699
:10F30000FFF7A0FF01212320015540212184284639
:10F3100070BD014691F89C02042803D191F89D022A
:10F3200081F89C020020704710B5044694F89C02B6
:10F3300003280BD1D4F8B80240B1D4F8B802C069A0
:10F3400020B1D4F8B802C16920468847002010BD1A
:10F3500002461174002070472DE9F04104460D4625
:10F36000002600272946D4F8C802F8F7C7FE06464B
:10F370003046FFF74AFD07463846BDE8F08170B5D4
:10F3800004460D46294604F2AA2000F07BF801202D
:10F39000C4F894024FF42C70005BC4F8980294F8FF
:10F3A000AA0200F01F0020B1012809D0022815D1BF
:10F3B0000DE004F2AA21204600F088F9064616E086
:10F3C00004F2AA21204600F01AFB06460FE004F2E0
:10F3D000AA21204600F0D1F9064608E094F8AA02D6
:10F3E00000F08001204600F005F8064600BF00BF8F
:10F3F000304670BD2DE9F04104460D460026002739
:10F400002946D4F8C802F8F76FF906463046FFF7E8
:10F41000FCFC07463846BDE8F08170B5044600257F
:10F420000026D4F8C802F8F78CFE05462846FFF7F8
:10F43000ECFC0646304670BD014691F89C0204285B
:10F4400003D091F89C0281F89D02042081F89C026F
:10F45000002070472DE9F04704460D4616461F462A
:10F460004FF00008C1463B4632462946D4F8C80250
:10F47000F8F77FF980464046FFF7C7FC81464846CB
:10F48000BDE8F08770B505460E46344620782870F2
:10F49000641C20786870641C2046FDF7D7F96880EA
:10F4A000641C641C2046FDF7D1F9A880641C641C10
:10F4B0002046FDF7CBF9E88070BD38B504460D460F
:10F4C000002000900DB9032038BDC4F8B85204F5EF
:10F4D0002E70D4F8D41250F82100C06A50B104F54F
:10F4E0002E70D4F8D42250F82200C16A68468847AA
:10F4F000C4F8D002D4F8D802401CC4F8D8020020C6
:10F50000E2E701460020704770B504460D46A88822
:10F5100010BBE88800BB688880281DD2A87800F05E
:10F520007F0694F89C02032804D129462046FFF761
:10F53000CEF915E084F89E6231462046FFF70CFFB5
:10F540002046FFF706FA1EB1022084F89C0207E06D
:10F55000012084F89C0203E029462046FFF7B7F912
:10F5600070BD70B504460D460026D4F8B80230B11F
:10F57000D4F8B8022946026820469047064630462D
:10F5800070BD000070B504460E460025B0783D49B8
:10F59000087008460078012805D931462046FFF753
:10F5A00096F9032070BD94F89C02022802D003282B
:10F5B00059D11FE033480078C0B13248007860600C
:10F5C000304801782046FFF7CCFF05463DB1314673
:10F5D0002046FFF77CF9022084F89C0209E02046CF
:10F5E000FFF7B7F9032084F89C0202E02046FFF7FA
:10F5F000B0F943E02348007870B9022084F89C02F7
:10F600002048007860601F4801782046FFF714F911
:10F610002046FFF79EF925E01A490978606888427C
:10F620001DD021792046FFF707F916480078606061
:10F63000144801782046FFF794FF05465DB1314636
:10F640002046FFF744F921792046FFF7F5F802201C
:10F6500084F89C0206E02046FFF77BF902E0204692
:10F66000FFF777F90AE031462046FFF730F9054801
:10F6700001782046FFF7E0F8032500BF00BF2846C9
:10F6800090E700001C04002070B505460C46608819
:10F69000012805D1C5F8A4022846FFF75AF90EE063
:10F6A0006088022807D1A088001285F8A0022846A9
:10F6B000FFF74FF903E021462846FFF708F970BD30
:10F6C00010B504462046FFF7A8FE10BD70B50446ED
:10F6D0000D460026287800F0600088B1202802D06E
:10F6E000402842D100E000BF04F52E70D4F8D412B7
:10F6F00050F821002946826820469047064639E0A6
:10F7000068780A282AD2DFE800F01A24291F290A7B
:10F710000529150F29462046FFF7DBF923E0294686
:10F720002046FFF7F1FE1EE029462046FFF72AFF9C
:10F73000064618E029462046FFF7A0F913E02946BF
:10F740002046FFF701FB0EE029462046FFF79CFF0D
:10F7500009E029462046FFF77DF804E029462046C7
:10F76000FFF7B5F800BF00BF04E029462046FFF7C9
:10F77000AEF800BF00BF304670BD2DE9F04705462A
:10F780000F464FF000093C79387800F06000F8B17E
:10F79000202802D040287DD100E000BF2146284625
:10F7A000FFF777F80646FF2E11D086B9C5F8D46268
:10F7B00005F52E7050F82600806840B105F52E70D2
:10F7C00050F826003946826828469047814612E163
:10F7D000787800287AD001282FD003286ED195F8A8
:10F7E0009C02022802D0032820D110E054B1802CC2
:10F7F00008D021462846FFF7FDFD80212846FFF767
:10F80000F9FD03E039462846FFF761F813E07888F0
:10F8100040B93CB1802C05D0F88818B9214628465B
:10F82000FFF7E8FD2846FFF794F804E0394628463C
:10F83000FFF74DF800BF00BFD6E095F89C02022804
:10F8400002D003283BD110E054B1802C08D02146CF
:10F850002846FFF7CFFD80212846FFF7CBFD03E0C8
:10F8600039462846FFF733F82EE0788820BB04F0AD
:10F870007F0018B121462846FFF7FAFA2846FFF71D
:10F8800068F821462846FFF704F80646FF2E13D0F5
:10F8900096B900E0AAE0C5F8D46205F52E7050F8DC
:10F8A0002600806840B105F52E7050F826003946D4
:10F8B000826828469047814606E007E08FE0394697
:10F8C0002846FFF704F800BF00BF8DE095F89C02C2
:10F8D000022802D003287BD127E034B1802C04D049
:10F8E00039462846FEF7F3FF77E004F080008028D1
:10F8F00008D104F07F0000EB800105F1140000EB5B
:10F90000810007E004F07F0000EB800105F5AA709C
:10F9100000EB81008046002088F80E00022208F1EA
:10F920000E012846FFF703F857E004F08000802816
:10F930000ED104F00F0000EB800105F1140000EB84
:10F940008100C07B98B939462846FEF7C0FF44E0E5
:10F9500004F00F0000EB800105F5AA7000EB8100B8
:10F96000C07B20B939462846FEF7B1FF35E004F0E8
:10F970008000802808D104F07F0000EB800105F1B1
:10F98000140000EB810007E004F07F0000EB800131
:10F9900005F5AA7000EB810080460CB1802C03D1E4
:10F9A000002088F80E000CE021462846FFF7E6FB11
:10F9B00020B1012088F80E0003E009E0002088F85B
:10F9C0000E00022208F10E012846FEF7B0FF04E007
:10F9D00039462846FEF77BFF00BF00BF04E03946EA
:10F9E0002846FEF774FF00BF00BF04E039462846F2
:10F9F000FEF76DFF00BF00BF4846BDE8F0872DE968
:10FA0000F04105460E460027307800F0600030B126
:10FA1000202802D0402840D100E000BF00BF95F868
:10FA20009C02012804D0022803D003282ED101E033
:10FA300000BF00BF3079012823D831792846FEF76E
:10FA40002BFF0446FF2C14D09CB905F52E7050F8FE
:10FA50002400806858B1C5F8D44205F52E7050F8DE
:10FA600024003146826828469047074602E0032773
:10FA700000E00327F08840B93FB92846FEF769FF48
:10FA800003E031462846FEF722FF04E031462846CF
:10FA9000FEF71DFF00BF00BF04E031462846FEF719
:10FAA00016FF00BF00BF3846BDE8F0817047000078
:10FAB000014601487047000028DC002070B504466C
:10FAC0000B4622461978587801282CD140F61C00A4
:10FAD00080581D7805F00F060125B540ADB22843CA
:10FAE00040F61C05A85002F5106000EB41100068BC
:10FAF00000F40040F0BB1889C0F30A001D7940EA09
:10FB0000854040EA815040F0805040F4004002F5CA
:10FB1000106505EB41152D68284302F5106505EBCE
:10FB2000411528602DE040F61C0080581D7805F036
:10FB30000F060125B540144E06EA0545284340F658
:10FB40001C05A85002F5306000EB4110006800F47D
:10FB5000004078B91889C0F30A001D7940EA854051
:10FB600040F0805040F4004002F5306505EB41154F
:10FB70002D6800E005E0284302F5306505EB4115EE
:10FB80002860002070BD00000000FFFF01460A460B
:10FB90004FF410608058C30ADB024FF410608350AA
:10FBA00040F60400805840F4807340F6040083500F
:10FBB000002070470FB470B504469DF81900012865
:10FBC00018D1A06B20F48030A063E0681B49084086
:10FBD000E060E06820F44010E0609DF8200001281B
:10FBE00003D1E06840F48010E060204600F028F87F
:10FBF000054613E0E06840F04000E060204600F079
:10FC00001FF805469DF81D0020B9A06B40F4803018
:10FC1000A06303E0A06B20F48030A0639DF8160081
:10FC2000012807D1A06840F00600A060A06840F05D
:10FC30002000A060284670BC5DF814FBBFFFBDFF2C
:10FC400008B501460020009000BF0098401C0090BD
:10FC50000098B0F1706F01D9032008BD086900F069
:10FC600000400028F1D00A20009002E00098401ED9
:10FC7000009000980028F9D1086940F0010008615F
:10FC800000BF0098401C00900098B0F1706F01D93F
:10FC90000320E2E7086900F001000028F1D100BF6D
:10FCA000DBE7000070B504460B4622461978587809
:10FCB000012848D102F5106000EB4110006800F007
:10FCC0000040B0F1004F17D102F5106000EB411079
:10FCD000006840F0006502F5106000EB411005601F
:10FCE00002F5106000EB4110006840F0804502F51D
:10FCF000106000EB4110056040F63C0080581D7814
:10FD000005F00F060125B540ADB2A84340F63C050D
:10FD1000A85040F61C0080581D7805F00F060125FC
:10FD2000B540ADB2A84340F61C05A85002F51060DE
:10FD300000EB411000682B4D284002F5106505EBE3
:10FD4000411528604BE002F5306000EB411000687F
:10FD500000F00040B0F1004F17D102F5306000EB29
:10FD60004110006840F0006502F5306000EB411082
:10FD7000056002F5306000EB4110006840F08045FE
:10FD800002F5306000EB4110056040F63C00805801
:10FD90001D7805F00F060125B540134E06EA05450E
:10FDA000A84340F63C05A85040F61C00855818783A
:10FDB00000F00F060120B0400B4E06EA00408543DC
:10FDC00040F61C00855002F5306000EB41100068E1
:10FDD000064D284002F5306505EB411528600020EE
:10FDE00070BD0000007833EC0000FFFF0078F3EFF7
:10FDF00001460A46D2F8000E20F00300C2F8000EB9
:10FE000040F60400805820F0020340F604008350BE
:10FE10000020704701460A46D2F8000E20F0030089
:10FE2000C2F8000E40F60400805840F0020340F68D
:10FE300004008350002070470FB4F0B5054600273A
:10FE40002E46002405E0002105F5827040F82410BC
:10FE5000641C0F2CF7D39DF82200A0B940F60400D3
:10FE6000805940F0020140F604008151A86B40F433
:10FE70000010A863A86B20F40020A863A86B20F4EE
:10FE80008020A86307E0A86B20F40010A863A86B8B
:10FE900040F40020A8630020C6F8000E9DF81D0065
:10FEA00001280CD19DF81B0020B90021284600F044
:10FEB0000AFD08E00121284600F005FD03E00321CA
:10FEC000284600F000FD1021284600F002FC00B199
:10FED0000127284600F0D5FB00B1012700214FF48F
:10FEE00001608151001D815140F61C0081510024A8
:10FEF0002EE006F5106000EB4410006800F00040B2
:10FF0000B0F1004F10D13CB94FF0006106F5106020
:10FF100000EB441001600DE04FF0904106F51060D9
:10FF200000EB4410016005E0002106F5106000EBD5
:10FF300044100160002106F5106000EB44100161DF
:10FF40004FF67F3106F5106000EB44108160641CB1
:10FF50009DF81800A042CCD800242EE006F53060B1
:10FF600000EB4410006800F00040B0F1004F10D1E9
:10FF70003CB94FF0006106F5306000EB44100160C1
:10FF80000DE04FF0904106F5306000EB4410016049
:10FF900005E0002106F5306000EB4410016000210F
:10FFA00006F5306000EB441001614FF67F3106F535
:10FFB000306000EB44108160641C9DF81800A04282
:10FFC000CCD84FF40160805920F480714FF4016067
:10FFD00081510020A8616FF0804068619DF81A008F
:10FFE00018B9A86940F01000A861A8690A49084337
:10FFF000A8619DF81E0018B1A86940F00800A8612A
:020000040801F1
:100000009DF82200012803D1A86904490843A8618A
:100010003846F0BC5DF814FB00383C80040000401A
:100020000146886820F001008860002070470000C9
:1000300070B503460C4619461D6C1848854209D90F
:100040004FF43060405800F00040B0F1004F01D153
:10005000002070BD0026C1F8106BD1F8100B40F4E1
:100060000026C1F8106BD1F8100B40F01806C1F84B
:10007000106BD1F8100B40F0C046C1F8106B012C8A
:1000800009D1C1F8142B4FF43060405840F080265D
:100090004FF4306046500020DBE700000A30544F38
:1000A00030B504460B4622461978587801281ED1EF
:1000B00002F5106000EB4110006820F4001502F515
:1000C000106000EB411005601879032802D0187900
:1000D00002282AD102F5106000EB4110006840F0C0
:1000E000805502F5106000EB411005601DE002F53F
:1000F000306000EB4110006820F4001502F530601C
:1001000000EB411005601879032802D01879022805
:100110000BD102F5306000EB4110006840F08055D3
:1001200002F5306000EB41100560002030BD30B5B5
:1001300004460B46224619785878012821D102F549
:10014000106000EB4110006800F0004060B959B148
:1001500002F5106000EB4110006820F0804502F5C8
:10016000106000EB4110056002F5106000EB4110DB
:10017000006840F4001502F5106000EB41100560C6
:1001800020E002F5306000EB4110006800F0004014
:1001900060B959B102F5306000EB4110006820F001
:1001A000804502F5306000EB4110056002F53060DB
:1001B00000EB4110006840F4001502F5306000EBE0
:1001C00041100560002030BD2DE9F84381460E4600
:1001D00090464D463478707801287DD1306920BB37
:1001E00005F5106000EB44100069E649084005F58C
:1001F000106101EB4411086105F5106000EB44103B
:10020000006940F4002105F5106000EB4410016125
:1002100005F5106000EB44100069C10CC90405F538
:10022000106000EB441001616FE005F5106000EB19
:1002300044100069C10CC90405F5106000EB4410BE
:10024000016105F5106000EB44100069CD490840DC
:1002500005F5106101EB4411086194B9B16830698A
:10026000884201D9B068306105F5106000EB441098
:10027000006940F4002105F5106000EB44100161B5
:1002800035E0B16830690844401EB0FBF1F087B238
:1002900005F5106000EB44100069BA49C94301EA52
:1002A000C741084305F5106101EB4411086130793D
:1002B00001281CD105F5106000EB4410006920F006
:1002C000C04105F5106000EB4410016105F51060B8
:1002D00000EB4410006900E099E04FF0C04101EAF2
:1002E0004771084305F5106101EB4411086105F5FC
:1002F000106000EB441000693169C1F3120108433A
:1003000005F5106101EB44110861B8F1010F36D118
:10031000F06928B105F5106000EB4410F169416106
:10032000307901281ED140F60800405900F4807051
:1003300060B905F5106000EB4410006840F0005112
:1003400005F5106000EB441001600BE005F510604E
:1003500000EB4410006840F0805105F5106000EBA0
:100360004410016005F5106000EB4410006840F097
:10037000044105F5106000EB44100160FEE005F556
:10038000106000EB4410006840F0044105F5106077
:1003900000EB44100160307901280FD0306900284B
:1003A000ECD040F634004059317801F00F020121C1
:1003B0009140084340F634014851DFE040F6080020
:1003C000405900F4807060B905F5106000EB4410EE
:1003D000006840F0005105F5106000EB441001602A
:1003E0000BE005F5106000EB4410006840F0805110
:1003F00005F5106000EB44100160CDF80080308AF4
:1004000083B232784846F16800F0DAFAB6E005F5D2
:10041000306000EB44100069C10CC90405F5306080
:1004200000EB4410016105F5306000EB44100069F9
:100430005449084005F5306101EB4411086104BBE3
:10044000306908B1B0683061B068306205F530607D
:1004500000EB44100069316AC1F31201084305F54D
:10046000306101EB4411086105F5306000EB441088
:10047000006940F4002105F5306000EB4410016193
:1004800043E03069D0B905F5306000EB44100069F5
:10049000B168C1F31201084305F5306101EB441165
:1004A000086105F5306000EB4410006940F400215C
:1004B00005F5306000EB4410016126E0B168306959
:1004C0000844401EB0FBF1F087B2B0687843306258
:1004D00005F5306000EB441000692A49C94301EA80
:1004E000C741084305F5306101EB4411086105F58A
:1004F000306000EB44100069316AC1F31201084317
:1005000005F5306101EB44110861B8F1010F07D125
:10051000F06828B105F5306000EB4410F1684161E6
:10052000307901281ED140F60800405900F480704F
:1005300060B905F5306000EB4410006840F00051F0
:1005400005F5306000EB441001600BE005F530600C
:1005500000EB4410006840F0805105F5306000EB7E
:100560004410016005F5306000EB4410006840F075
:10057000044105F5306000EB441001600020BDE847
:10058000F8830000FFFF07E078B5034600240094DD
:1005900000201A464C78012C35D10C7802F51065F4
:1005A00005EB4414246804F00044B4F1004F60D11A
:1005B0000C7805EB4414246844F000660C7805EBD5
:1005C000441426600C7805EB4414246844F08046FB
:1005D0000C7805EB4414266000BF009C641C00945A
:1005E00042F21075009CAC4201D901200AE00C785F
:1005F00002F5106505EB4414246804F00044B4F1DE
:10060000004FEAD035E00C7802F5306505EB441474
:10061000246804F00044B4F1004F2AD10C7805EBB3
:100620004414246844F000660C7805EB44142660FA
:100630000C7805EB4414246844F080460C7805EBF4
:100640004414266000BF009C641C009442F21075A4
:10065000009CAC4201D901200AE00C7802F530651B
:1006600005EB4414246804F00044B4F1004FEAD0D0
:1006700000BF78BD0146886840F001008860002016
:10068000704708B501460020009000BF0098401C4C
:1006900000900098B0F1706F01D9032008BD08697F
:1006A00000F000400028F1D00020009010200861E8
:1006B00000BF0098401C00900098B0F1706F01D905
:1006C0000320EBE7086900F010001028F1D00020AB
:1006D000E4E708B502460020009000BF0098401CE7
:1006E00000900098B0F1706F01D9032008BD106927
:1006F00000F000400028F1D000200090202040EAC7
:100700008110106100BF0098401C00900098B0F16B
:10071000706F01D90320E9E7106900F0200020285C
:10072000F1D00020E2E710B501460B4640F6080480
:10073000E45804F006020AB9002006E0022A01D0BB
:10074000062A01D1022000E00F2010BD01464869B1
:1007500000F00100704701460B4640F61800C258F1
:10076000001DC058024090B2704701460B4640F64B
:100770001800C258001DC0580240100C704770B5D8
:10078000024613464FF40166F45840F63406F55815
:1007900001F00F0625FA06F606F0010644EAC61433
:1007A00003F5106606EB4116B66806EA040070BD54
:1007B00010B50246134603F5306404EB4114A068FB
:1007C00040F61404E458204010BD014648698A6987
:1007D000104070472DE9F04104460D462746284653
:1007E0004FEA920C02F0030300210AE04FF4805814
:1007F00058F80780C0F80080401C401C401C401C7A
:10080000491C6145F2D39BB100214FF4805858F840
:10081000076000BF4FEAC10826FA08F880F8008098
:10082000491C401CA3F101081FFA88F3002BF1D1E9
:10083000BDE8F08170B504460E460025E06820F062
:10084000C040E060012E10D1E06840F00050E06050
:1008500000BF0A20F5F740FF0A352046FFF776FF74
:10086000012815D0C82DF4D312E07EB9E06840F01D
:100870008040E06000BF0A20F5F72EFF0A352046D1
:10088000FFF764FF20B1C82DF5D301E0012070BD52
:10089000C82D01D10120FAE70020F8E710B5024683
:1008A0000B461146D1F8000820F4FE60C1F800089C
:1008B000D1F800084FF4FE6404EA03142043C1F8A1
:1008C0000008002010BD02461346D3F80008084374
:1008D000C3F800080020704730B503461446022CC8
:1008E00049D12D48814204D32C48814201D20F22A4
:1008F00045E02A48814204D32948814201D20E2290
:100900003DE02748814204D32648814201D20D228E
:1009100035E02448814204D32348814201D20C228D
:100920002DE02148814204D32048814201D20B228C
:1009300025E01E48814204D31D48814201D20A228B
:100940001DE01B48814204D31A48814201D209228A
:1009500015E01848814204D31748814201D2082289
:100960000DE01548814204D31448814201D2072288
:1009700005E0062203E00CB9092200E00922D8684C
:1009800020F47050D860D8684FF4705505EA82257D
:100990002843D860002030BDC0ACD800C0E1E400DE
:1009A0000024F40080730601A0491A01002D3101D2
:1009B00040A44C0100366E0120ABA6010048E801BE
:1009C0002DE9F04304460D461E46DDF81CC0A04646
:1009D0002946BCF1000F12D1F01C870800230CE05F
:1009E000D1F8009008F5805000EB0230C0F800907C
:1009F000491C491C491C491C5B1CBB42F0D300200C
:100A0000BDE8F0832DE9F04705460C462646B6F8CA
:100A10000170B4F8058004F10709D5F8A80028B1E1
:100A20003A4649464046D5F8A8309847BDE8F08791
:100A300000BFFEE72DE9F04104460D461646012CA5
:100A400004D0022C0DD0032C1DD113E0FBF7ECFBDE
:100A5000074632462946FBF72EFB1120FBF704F927
:100A600011E00D2229460948EFF7B1FC0F20FBF7F2
:100A7000FBF808E02A2229460548EFF7A8FC1020D9
:100A8000FBF7F2F800BF00BFBDE8F0810A8100204B
:100A90001781002000487047418100200FB4084BA7
:100AA00010B504A902AA039801F0B8FC044602A9F3
:100AB000002002F04AF8204610BC5DF814FB00004C
:100AC0004B2B010803B401984100009850EAC12063
:100AD00018BF04204A0D18BF40F0010040F2FF7219
:100AE000B2EB515F08BF40F00200012808BF0520AB
:100AF00002B070474100080218BF04200A0E18BF58
:100B000040F001004FF07F4232EA010108BF40F09F
:100B10000200012808BF0520704700000248006855
:100B2000C0F30220704700000CED00E010B5002873
:100B300004DB0A07130E054A135406E00A07140ED5
:100B4000034A00F00F031B1FD45410BD00E400E063
:100B500018ED00E010B54FF00E402DED028BB0EE19
:100B6000408A18EE104A00EB4400B0F1506F4AD8AA
:100B70004FF0FC40B0EB440F22D2B0EEC80AF7EEC3
:100B8000000A30EEC00AF6EE000A60EE208A18EE87
:100B9000900A05F0F1F801EE100A14F0004F1DBFA5
:100BA000DFED2D0A9FED2D0AB1EE411ADFED2C0A83
:100BB00008BF9FED2C0AF8EE001A21EE218A05E00D
:100BC000DFED290A68EE088AB0EE600A9FED271A69
:100BD000DFED271A30EE080A48EE811A9FED251A3C
:100BE00008EEA11ADFED241A48EE811A9FED231AB0
:100BF00008EEA11A68EE281ABDEC028B01EE810AFC
:100C000030EE200A10BD4FF0E440B0EB440F0CD999
:100C100018EE100AFFF76EFF042808BF01F066FA0D
:100C2000B0EE480ABDEC028B10BD4FF07F40B0EB38
:100C3000440F07D2B0EE480ABDEC028BBDE810406D
:100C400001F046BA012001F019FBBDEC028BBDE8B2
:100C5000104001F043BA00000000C9BF22AAFDB94C
:100C60000000C93F22AAFD390000000024FE1C3DFF
:100C7000C78AD83C1E67383D1B93993DAFAA2A3ED0
:100C800070B59B482DED020B2DED068B079D25F0D1
:100C90000044A04218DC9748844202DC0AD106983E
:100CA00040B19DED060BBDEC068B02B0BDE8704077
:100CB00001F0DAB9002DCCBF9FED8F0B9FED900BAB
:100CC000BDEC068B02B070BD8F48A04215DD8F4889
:100CD000A042D8BF4FF0FF3458DD9DED060B51EC1C
:100CE000100BFFF7EFFE042808BF01F0E1F99DEDBE
:100CF000060BBDEC068B02B070BD9DED060B51ECF2
:100D0000100B03F02EF8CDE9060181489FED828B90
:100D1000A0423CDD8248A0421FDD00249FED82AB53
:100D20009DED060B53EC1A2B51EC100BEFF783FBE8
:100D30009DED060B41EC190B53EC1A2B51EC100BEB
:100D4000EFF720FC53EC182BEFF716FC53EC192BA4
:100D5000EFF78AFCCDE9060149E09DED060B012481
:100D600053EC182B51EC100BEFF765FB9DED060BC8
:100D700041EC190B53EC182B51EC100BEFF7FCFB6B
:100D800053EC192BEFF770FCCDE906012FE0684812
:100D9000A0421FDD02249FED689B9DED060B53ECE6
:100DA000192B51EC100BEFF7EDFB53EC182BEFF771
:100DB00042FB9DED060B41EC180B53EC192B51EC4B
:100DC000100BEFF7D9FB53EC182BEFF74DFCCDE9E7
:100DD00006010CE09DED060B032453EC102B9FED58
:100DE000580B51EC100BEFF73FFCCDE906019DEDE0
:100DF000060B53EC102B51EC100BEFF7C3FB41EC3F
:100E0000180B53EC182BEFF7BDFB41EC190B4E48B8
:100E10000621B0EE490AF0EE690A784401F010F8B4
:100E200053EC182B51EC100BEFF7ACFB41EC180B0B
:100E30004648B0EE490AF0EE690A0521784400F010
:100E4000FFFF53EC192B51EC100BEFF79BFB41EC20
:100E5000100B51EC180B53EC102B002C0EDAEFF7A3
:100E6000EAFA9DED061B53EC112BEFF78BFB9DED82
:100E7000061B53EC112BEFF782FB35E0EFF7DBFAA3
:100E80009DED061B53EC112BEFF77CFB41EC100B97
:100E90002F48784400EBC40090ED001B51EC100B80
:100EA00053EC112BEFF768FB9DED061B53EC112B58
:100EB000EFF762FB41EC100B2648784400EBC400CE
:100EC00090ED001B51EC100B53EC112BEFF757FB7F
:100ED00041EC100B002DA2BFBDEC068B02B070BD23
:100EE00051EC100B81F0004141EC100B01E70000C8
:100EF000000010440000F07F182D4454FB21F93FFE
:100F0000182D4454FB21F9BF0000DC3F0000203EB7
:100F10000000F33F00000000000000000000F03F70
:100F20000000E63F0000000000000000000000405C
:100F30000080034000000000000000000000F83FB7
:100F4000000000000000F0BFD27B0000887B0000A2
:100F5000127B0000CA7A000070B56B4E2DED040BB9
:100F60002DED028B82B0DDF81CC0DDE905235C426B
:100F70002CF000411C4341EAD474049D22F000404F
:100F8000B44205D86C422C4340EAD474B4420BD925
:100F90009DED061B9DED040B02B0BDEC028B04B071
:100FA000BDE8704001F06AB8ACF14054A4F17F6430
:100FB0001C430BD0022404EAAC7444EAD274054307
:100FC0009FED538B9FED542B07D015E09DED040B47
:100FD00051EC100B02F09DF842E0002C11BF012CE7
:100FE0009DED040B02B0BDEC028B04BF04B070BDDC
:100FF000022C38D0032C3BD00B439FED491B9FEDB7
:101000004A0B0AD0B14218D1B04209D121F0804137
:1010100020F08040079105900FE0002A15DA10E0DB
:10102000434B7B44002C08BF93ED000B0DD0012CEB
:1010300010D0022C17D0032C1AD0B0421DD1002A98
:1010400003DAB0EE410AF0EE610A02B0BDEC028BA9
:1010500004B070BD93ED000B51EC100B81F000411A
:1010600041EC100BF1E7B0EE480AF0EE680AECE74D
:10107000B0EE420AF0EE620AE7E7401A00153C289B
:10108000C8BF8DED000B19DCBCF1000FBEBF10F125
:101090003C0F9FED290B8DED000B0FDB9DED060B3B
:1010A00053EC102B9DED040B51EC100BEFF7DCFA19
:1010B00002F057FE02F02DF8CDE90001002C08BF28
:1010C0009DED000BC1D0012C10D0022C9FED1C0B0C
:1010D00053EC102B9DED000B51EC100B0DD0EFF7E6
:1010E0004BFA53EC182BEFF747FAB9E7019880F069
:1010F000004001909DED000BA7E7EFF73DFA53ECA0
:10110000182BEFF73CFAABE70000F07F000000007F
:10111000182D4454FB210940182D4454FB2109C0CB
:10112000182D4454FB21F9BF182D4454FB21F93FDD
:101130002A7A00000000000000000000000000000B
:10114000075C143326A6A13C10EE100A10B510EE71
:10115000901A4FF0684202EB40032DED028BB3F181
:10116000654F3CBF02EB4102B2F1654F7CD200BF3C
:10117000C0F3C753C1F3C7529A1A1B2A09DD10F0F6
:10118000004F14BF9FED6E0A9FED6E0ABDEC028BFF
:1011900010BD12F11A0F1BDA11F0004F09D010F038
:1011A000004F0CBF9FED680A9FED680ABDEC028BF3
:1011B00010BD80EE208A18EE100AFFF79BFC042871
:1011C00008BF00F093FFB0EE480ABDEC028B10BDE3
:1011D0004200B2EB410F37D910F0004F19BFDFEDDD
:1011E0005C1A9FED5C1ADFED5C1A9FED5C1AB0EEA5
:1011F000602A0A46F1EE400A80F00041B0EE420A51
:1012000010460A1A5200B2F1807F34D2484010F0E2
:10121000004FDFED532A9FED533A1DBFBEEE002A6B
:1012200071EEE21A31EE431AB6EE002A04BF71EEF7
:10123000A21A31EE031AF0EE402A42EE602A40EE86
:10124000020A82EEA02A18E011F0004F04BF9FEDC1
:10125000461AF0EE411AD4D010F0004F1CBFDFED5B
:10126000431A9FED431A00E026E004BFDFED411A68
:101270009FED411AC5E780EE202A22EE020ADFED3B
:101280003F0ADFED3F2ABDEC028B40EE202ADFED66
:101290003D0A40EE220ADFED3C2A40EE202ADFED37
:1012A0003B0A40EE220A22EE000A00EE201A31EE3E
:1012B000020A30EE210A10BD4FF07F42B2EB400F20
:1012C00028BFB2EB410F05D2BDEC028BBDE8104048
:1012D00000F001BF40EA01035B0008BF41F0FF419D
:1012E0000BD0B2EB400F08BFB2EB410F08D120F09A
:1012F000804000EE100A21F0804100EE901A37E79E
:10130000B2EB400F12BF5FEA410240F0FF4001F034
:1013100000413FF42DAF4A0092EA40033FF528AF69
:10132000002AACBF9FED1A1A9FED1A1A20EE010A8F
:1013300060EE810A10EE100A10EE901A18E7000015
:10134000DB0FC9BFDB0FC93FDB0F4940DB0F49C0D3
:101350000000C9BF22AAFDB90000C93F22AAFD3979
:101360000060ED3EC30ACE3700000000000049C017
:1013700022AA7DBA0000494022AA7D3A2DAD65BD62
:101380008FB8D53D0FB511BE61C84C3EA8AAAABE04
:101390000000804F0000802F30B583B0044600F07D
:1013A00057FF9FED090B05468DED000B00222146EE
:1013B0006846EFF79CFA284600F060FF9DED000BB1
:1013C00003B030BD0000000000000000000000007D
:1013D00010B52F499FED2C1B2DED020B84B0059805
:1013E00020F000408842D8BF9DED040B2DDD294937
:1013F000884209D1049840B94FF0010000F03EFF47
:1014000000F046FE06B010BD05DB9DED040B00F0BC
:101410002BFE06B010BD68469DED040B00F03CFAB3
:1014200010F0030004BF9DED021B9DED000B0CD0DE
:1014300001280ED09DED021B9DED000B022817D058
:10144000012000F079FD06B010BD00F041FC06B0AF
:1014500010BD9DED021B9DED000B012000F06CFD09
:1014600051EC100B81F0004106B041EC100B10BDA7
:1014700000F02EFC51EC100B81F0004106B041EC65
:10148000100B10BD00000000000000000000000074
:10149000FB21E93F0000F07F10EE101A08B5444A26
:1014A0006846B2EB410F28D94FF0E640B0EB410F50
:1014B00094BF00204FF0FF3000900098002861DBBF
:1014C00060EE000A10F0010F45D010F0020FDFEDC2
:1014D000391A9FED391A00EEE11ADFED381A40EEA5
:1014E000811A21EEA01AF0EE400A40EE010A08BF70
:1014F000F1EE600AB0EE600A08BD314B21F0004207
:1015000093423CD911F0004FDFED2E0A20EE201A55
:10151000DFED2D0A19BF31EE601A71EE200A31EEAF
:10152000201A71EE600ABDEEE01A11EE100A9FED6E
:10153000271A00F0030000EEC10A9FED251A009063
:1015400000EEC10A9FED231A00EEC10A9FED221A98
:1015500000EEC10AB1E79FED211A9FED210A10F0BC
:10156000020F00EE810A9FED1F1A00EE801AB7EEFF
:10157000000A00EE810A18BFB1EE400A08BD00F073
:10158000BDFD9AE710EE100A4000B0F17F4F3CBF5E
:10159000B7EE000A08BD07D14FF0010000F06EFE63
:1015A000BDE8084000F09ABDBDE8084000F090BDDD
:1015B000B61F927E336D4C39DA82083CA0AA2ABE4F
:1015C000490E494683F9223F0000004B0000C93F05
:1015D00000A0FD390020A2331A61342CB93AB2BA06
:1015E000CA9F2A3DDDFFFFBE2DED020B019820F0C2
:1015F000004001909DED000B02B07047000000001C
:1016000010B52F499FED2C1B2DED020B84B00598D2
:1016100020F000408842DCBF00209DED040B32DD4D
:101620002849884209D1049840B94FF0010000F0E0
:1016300025FE00F02DFD06B010BD05DB9DED040B71
:1016400000F012FD06B010BD68469DED040B00F0E1
:1016500023F910F0030011D0012818D09DED021BD2
:101660009DED000B02281AD000F032FB51EC100B5C
:1016700081F0004106B041EC100B10BD9DED021B46
:101680009DED000B012000F057FC06B010BD9DED54
:10169000021B9DED000B00F01BFB06B010BD0120EE
:1016A00000F04AFC51EC100B81F0004106B041EC17
:1016B000100B10BD00000000000000000000000042
:1016C000FB21E93F0000F07F00B510EE101A2DED70
:1016D000028B81B0524A6846B2EB410F2ED94FF0CF
:1016E000E640B0EB410F94BF00204FF0FF30009078
:1016F0000098B0EE408A00286ADB10F0010F4BD052
:1017000068EE080A9FED471A9FED470A00EE810A2E
:101710009FED461A10F0020F00EE801AB7EE000A95
:1017200000EE810A02BF01B0BDEC028B00BD00BF1C
:1017300001B0B1EE400ABDEC028B00BD3C4B21F084
:101740000042934241D911F0004FDFED3A0A20EEFA
:10175000201ADFED390A19BF31EE601A71EE200A46
:1017600031EE201A71EE600ABDEEE01A11EE100A99
:101770009FED321A00F0030000EEC10A9FED301A0F
:10178000009000EEC10A9FED2F1A00EEC10A9FEDF6
:101790002E1A00EEC10AABE728EE080A9FED2B1ABD
:1017A000DFED2B0A10F0020F40EE410A9FED291ADF
:1017B00000EE201A61EE000AB0EE480A08EE200A98
:1017C000B6D101B0BDEC028B00BD00F097FC8FE7F5
:1017D00018EE100A4000B0F17F4F0DD218EE100A3B
:1017E000FFF788F9042808BF00F080FCB0EE480A33
:1017F00001B0BDEC028B00BD09D1012000F03EFD1F
:1018000001B0BDEC028B5DF804EB00F067BC01B0E9
:10181000B0EE480ABDEC028B5DF804EB00F058BC5A
:10182000B61F927EB93AB2BACA9F2A3DDDFFFFBE0B
:10183000490E494683F9223F0000004B0000C93F92
:1018400000A0FD390020A2331A61342C336D4C39CD
:10185000DA82083CA0AA2ABE10B52DED028BB1EEAB
:10186000C08A18EE100A20F00040C0F1FF40C00FFF
:101870000AD010EE100A20F00040C0F1FF40C00F67
:1018800004BF012000F0FAFCB0EE480ABDEC028B68
:1018900010BD0000000000002DE9F14F04462DEDC1
:1018A000020B2DED088B8AB09FEDE70B80ED020B4C
:1018B000139EE74826F0004585420ADC9DED120B99
:1018C000002084ED000B0AB0BDEC088B03B0BDE82E
:1018D000F08FE0489FEDE0AB9FEDE1BBA84247DD14
:1018E000E14F9FEDE39B9FEDE48B9DED120B53ECDD
:1018F0001A2B51EC100B002E1CDDEEF73DFE41ECD7
:10190000100BBD4208D053EC1B2B51EC100BEEF723
:1019100033FEC4E900010BE053EC192B51EC100B22
:10192000EEF72AFE53EC182BEEF726FEC4E9000171
:101930000120C8E7EEF77FFD41EC100BBD4208D057
:1019400053EC1B2B51EC100BEEF775FDC4E90001B5
:101950000BE053EC192B51EC100BEEF76CFD53EC34
:10196000182BEEF768FDC4E900014FF0FF30AAE73D
:10197000C348A84279DB9DED120B51EC100B02F02D
:10198000F0F941EC180B9FEDC00B53EC102BEEF768
:10199000F9FD9FEDBF1B53EC112BEEF74CFDEFF75C
:1019A00066FA0746EEF7CFFE41EC190B53EC1A2B03
:1019B000EEF7E8FD53EC182BEEF7E1FD41EC180BC8
:1019C00053EC1B2B51EC190BEEF7DCFDDFF8C8A232
:1019D00041EC100B4FEA15580125FA4453EC102B3B
:1019E00051EC180BEEF7C8FD032DC4E900013DD002
:1019F000C1F30A5005EB4511A8EB000011398142F3
:101A000034DA0AEB051BB0EE48AA9BED000BF0EEB2
:101A100068AA53EC102B51EC190BEEF7B3FD41EC17
:101A20001B0B51EC1A0B53EC1B2BEEF7A5FD41ECF5
:101A3000180B51EC1A0B53EC182BEEF79DFD53ECE1
:101A40001B2BEEF799FD9BED020B41EC1A0B53ECAF
:101A5000102B51EC190BEEF795FD53EC1A2BEEF70A
:101A60008BFD41EC100B6D1CB8E70EE0002EA8BFFB
:101A70003846BFF628AF94ED000B51EC100B81F007
:101A80000041C4E9000178421DE7C6F3130040F4A9
:101A9000801EC6F30A50A0F2F530471100F01F0572
:101AA000C5F12000DDF848B00890002006900790AE
:101AB0000520EC467949002D07EB0002794408BF68
:101AC00051F8221009D051F8223001EB8201AB40CD
:101AD0004A68089922FA01F11943A1FB0E26A1FBDD
:101AE0000B131A449A4234BF0123002303EB060868
:101AF0000CEB8003D3E901A60E448E4234BF0121D2
:101B0000002192448A4411B1924502D903E09245E2
:101B100001D2012100E00021C3E901A641444CF8B3
:101B20002010011EA0F10100C4DC029800F1005059
:101B3000850F0298DDE903678000DDF81480EEF779
:101B400002FE41EC1A0B3046EFF784F99FED541B6F
:101B500053EC112BEEF716FD41EC1B0B3846EFF75B
:101B600079F99FED511B53EC112BEEF70BFD41EC76
:101B7000180B4046EFF76EF99FED4D1B53EC112B00
:101B8000EEF700FD41EC190B51EC180B53EC192B3F
:101B9000EEF751FC53EC1B2BEEF74DFC53EC1A2BDC
:101BA000EEF749FCCDE90801002008909DED080BF7
:101BB00053EC1A2B51EC100BEEF7DEFC53EC1B2B05
:101BC000EEF7DAFC53EC182BEEF7D6FC53EC192B9E
:101BD000EEF7D5FC9FED381B53EC112BEEF7D2FC42
:101BE0009FED370B41EC180B53EC102B9DED080BC0
:101BF00051EC100BEEF7C6FC53EC182BEEF71BFC68
:101C00009FED310B41EC180B53EC102B9DED080BA5
:101C100051EC100BEEF7B6FC53EC182BEEF70BFC67
:101C200041EC100B139810F0004F06D06D4251ECB0
:101C3000100B81F0004141EC100B284684ED000BA5
:101C400041E600000000000000000000000000006D
:101C5000FB21E93F7CD9024000004054FB21F93FC1
:101C60003163621A61B4D03DFB21F93F00000000EE
:101C70000000601A61B4D03D7370032E8A19A33B33
:101C8000FB2139410000000083C8C96D305FE43F8B
:101C9000000000000000E03F7A700000C86F000004
:101CA000000000000000103E000000000000103C9A
:101CB000000000000000103A182D4454FB21F93DAB
:101CC0003326A611460B113C00000054FB21F93DC0
:101CD00010B52DED040B2DED088B82B0B0EE419ABE
:101CE000F0EE619A0B9820F000449FED4BABB4F1FD
:101CF000795F11DA9DED0A0B51EC100BEFF7B7F895
:101D0000002801BFB0EE4A0AF0EE6A0A02B0BDEC4C
:101D1000088B04BF04B010BD9DED0A0B53EC102BD3
:101D200051EC100BEEF72EFC41EC180B3C48062151
:101D3000B0EE480AF0EE680A784400F081F853ECFF
:101D4000182B51EC100BEEF71DFC9DED0A0B41EC2E
:101D50001B0B53EC192B51EC100BEEF713FC41EC61
:101D6000190B53EC1B2B51EC180BEEF70BFC53EC3F
:101D7000192BEEF701FC9FED2C0B41EC190B53ECEA
:101D8000102B51EC180BEEF7FDFB41EC100B284823
:101D9000844210DA53EC192B51EC100BEEF7ECFBEC
:101DA00053EC1A2BEEF7EBFB41EC100B02B0BDEC41
:101DB000088B04B010BD1F48A042BCBF9FED1E1B86
:101DC0008DED001B06DBA4F50010019000200090B3
:101DD0009DED001B51EC100B53EC112BEEF7CCFBDF
:101DE0009DED000B41EC180B53EC102B51EC1A0B32
:101DF000EEF7C2FB41EC1A0B53EC192B51EC180B0C
:101E0000EEF7BAFB53EC1A2BEEF7B9FB41EC100BD3
:101E1000CCE7000000000000000000000000F03FE0
:101E2000E46C000000000000000000000000E03F43
:101E30003333D33F0000E93F000000000000D23FF1
:101E400070B504462DED028B4D1E00EBC500B0EEC3
:101E5000408AF0EE608A90ED000B35F0060017D056
:101E600053EC182B51EC100BEEF78CFB41EC100BE4
:101E70006D1E04EBC50090ED001B51EC100B53ECF4
:101E8000112BEEF7D8FA41EC100B35F00600E7D134
:101E9000022D36D0042D1CD0062D1CBFBDEC028BAC
:101EA00070BD53EC182B51EC100BEEF76BFB94ED5F
:101EB0000A1B53EC112BEEF7BEFA53EC182BEEF77E
:101EC00061FB94ED081B53EC112BEEF7B4FA41ECD7
:101ED000100B53EC182B51EC100BEEF753FB94ED59
:101EE000061B53EC112BEEF7A6FA53EC182BEEF76A
:101EF00049FB94ED040B53EC102BEEF79CFA41ECEC
:101F0000100B53EC182B51EC100BEEF73BFB94ED40
:101F1000021B53EC112BEEF78EFA53EC182BEEF755
:101F200031FB94ED001B53EC112BEEF784FABDEC62
:101F3000028B41EC100B70BD31B504462DED040B46
:101F40002DED0A8BB0EE41BAF0EE61BA0B989DED23
:101F50000A0B20F00040B0F1795F0DDA51EC100B64
:101F6000FEF7B0FD042808BF00F0A2F89DED0A0BB3
:101F7000BDEC0A8B05B030BD53EC102B51EC100BAF
:101F8000EEF700FB41EC180B9DED0A0B53EC182B00
:101F900051EC100BEEF7F6FA41EC190B2C48B0EEB1
:101FA000480AF0EE680A05217844FFF749FF9FEDE3
:101FB0002ACBB0EE40AAF0EE60AA9CB353EC1C2BE7
:101FC00051EC190BEEF7DEFA41EC1C0B53EC1A2B1B
:101FD00051EC190BEEF7D6FA9FED210B41EC190BE2
:101FE00053EC102B51EC1B0BEEF7CCFA53EC192BE6
:101FF000EEF7C2FA53EC182BEEF7C4FA53EC1B2B96
:10200000EEF7BAFA53EC1C2BEEF7B6FA9DED0A1B6D
:1020100053EC112BEEF7B3FABDEC0A8B05B041EC93
:10202000100B30BDFFE753EC1A2B51EC180BEEF7F9
:10203000A9FA53EC1C2BEEF7FEF953EC192BEEF733
:10204000A1FA9DED0A1B53EC112BEEF7F4F9E3E72F
:10205000946B000000000000495555555555C5BF0B
:10206000000000000000E03F10B553EC102B51ECD5
:10207000100BEEF7E0F941EC100B10BD10B553EC6E
:10208000112B51EC100BEEF7D6F941EC100B10BDF3
:102090009FED050B10B553EC102B51EC100BEEF728
:1020A000E3FA41EC100B10BD00000000000000003E
:1020B0009FED050B10B553EC102B51EC100BEEF708
:1020C00061FA41EC100B10BD000000000000001090
:1020D00030EE000A704730EE200A7047DFED020A4A
:1020E00080EEA00A70470000000000009FED020A89
:1020F00020EE000A70470000000000102DE9F001FA
:102100004FF07F42B2EB410F9FBF4FF0FF310160B4
:10211000BDE8F00170474FF0004242EA0123C1F3ED
:10212000C752783A551112F01F0C434CCCF12006DF
:102130007C44C1F3C752A2F178024FEA621204EB69
:10214000820254F8254008BFD2E9015612D05568E2
:1021500004FA0CF425FA06F73C43976805FA0CF5E7
:1021600027FA06F8D26807FA0CFCF24045EA08059F
:102170004CEA0206A4FB034CA5FB0352A6FB036337
:102180001D449D4234BF012600261319334416B165
:10219000934202D903E0934201D2012200E00022DF
:1021A000624402F1200C9206DC0C42EA443200EE5A
:1021B000102A5B03DFED210AF8EEC01A00EE103A98
:1021C0004FEA9C1C11F0004FB8EE400AC0F800C066
:1021D00020EE201A00EE105ADFED190AB8EE400A80
:1021E00020EE200A71EE810A70EE800A10EE902A2D
:1021F00002F500626FF30B0200EE902A70EEE11A16
:1022000031EEC11ADFED101A30EE411A9FED0D0AC2
:1022100020EE800A01EE210A9FED0C1A00EE810AE1
:1022200004BFBDE8F0017047CCF180510160BDE80A
:10223000F001B1EE400A7047EC6900000000003682
:102240000000802C22AAFD29DB0FC92F0000C92F16
:102250000148006870470000BC04002002E008C884
:10226000121F08C1002AFAD170477047002001E010
:1022700001C1121F002AFBD170470000014908600C
:1022800070470000BC0400202DE9FF5F82B00021F0
:10229000DDE90430020DDDF840B0034318D044F608
:1022A0001050A2F2FF3242431514119801281FD09A
:1022B000A5EB0B00401C5FEA000A4FF000064E4FF2
:1022C000DFF83891B046504615D5CAF1000413E046
:1022D000119801244AA3012801D16FEA0B01029849
:1022E000119AC0E90031C0E9024206B0BDE8F09F92
:1022F000CBF10000DFE704460021404A491842EBD9
:102300000450CDE9001012E0E00707D032463B460A
:1023100040464946EEF736F98046894632463B4606
:1023200010461946EEF72EF906460F466410002CAB
:10233000EAD1DDE90401DDE90023BAF1000F06DA94
:10234000EEF720F942464B46EEF71CF905E0EEF7B2
:102350008BF942464B46EEF787F904460E460022BB
:10236000284BEEF72DFA03D84FF0FF30014607E077
:102370000022254B20463146EEF75DF8EEF77EFB56
:10238000102409E0002C0ADB0A220023EDF7EEFFFF
:10239000039B30321A55641E50EA0102F2D1641CCC
:1023A000039AC4F111031444119A012A03D00122A3
:1023B00008430DD10AE0084304D000204FF0110B70
:1023C000119072E7A3EB0B056D1E0DE05B4504DD7C
:1023D0004FF0000205F1010504E003DA4FF00002BE
:1023E000A5F10105002AECD002981199C0E902314B
:1023F000C0E9004579E70000000014400000F03F0C
:10240000300000000000F0430000E03F30380A28B0
:1024100001D2012070470020704700002DE9FF4FD6
:1024200095B09B468946064600250FE2252877D1C0
:1024300000242746F84A0121059400E0044316F8D9
:10244000013F203B01FA03F01042F7D130782A28EF
:1024500011D06FF02F033078A0F13002092A16D87E
:10246000059A44F0020402EB820203EB420210449C
:10247000761C0590EFE759F8042B0592002A03DA41
:10248000504244F40054059044F00204761C307825
:102490002E2816D116F8010F44F004042A280DD076
:1024A0006FF02F023078A0F13003092B09D807EB29
:1024B000870302EB4303C718761CF3E759F8047B44
:1024C000761C30786C280FD006DC4C2817D0682892
:1024D0000DD06A2814D104E0742810D07A280FD1C6
:1024E0000DE044F400140AE044F4801401E044F4E4
:1024F00040147278824202D104F58014761C761C56
:10250000307866280BD013DC582877D009DC0028F7
:1025100075D04528F6D04628F4D047281AD19DE139
:1025200018E0632835D0642879D0652812D195E168
:10253000702873D008DC6728F1D069286FD06E2826
:102540000DD06F2806D1B5E073282CD0752875D032
:10255000782874D05A46179990476D1C75E1C4F3DA
:102560000250022809D003280DD0D9F80010042801
:102570000DD00D6009F1040967E1D9F80010EA17E0
:10258000C1E90052F6E7D9F800100D80F2E70D70AE
:10259000F0E719F8041B8DF8001000208DF80100F9
:1025A000EA46012003E059F804AB4FF0FF30610721
:1025B0004FF0000102D40DE008F101018846B94254
:1025C0000FDA8045F8DB1AF808100029F4D108E08A
:1025D00008F1010188468142FADB1AF80810002947
:1025E000F6D105985B46A0EB080721463846179AB6
:1025F00000F094FA284400EB080507E04DE029E1DB
:102600000DE01AF8010B5A4617999047B8F10108E6
:10261000F7D25B4621463846179A13E142E00A2278
:102620000092C4F302524FF0000A022A08D059F86F
:1026300004CB032A4FEAEC710AD00DE029E02AE02E
:1026400009F1070121F00702F2E802C1914609E011
:102650000FFA8CFC4FEAEC71042A03D14FFA8CFC80
:102660004FEAEC71002907DA0A460021DCF1000C80
:1026700061EB02012D2202E0220504D52B228DF808
:102680000420012203E0E20701D02022F7E7904670
:1026900059E00A2102E010220DE010214FF0000A5B
:1026A00000910BE010224FF0000A44F004040827C8
:1026B000009203E008224FF0000A0092C4F3025295
:1026C000022A05D059F804CB0021032A08D009E0DA
:1026D00009F1070121F00702F2E802C1914605E085
:1026E0001FFA8CFC042A01D10CF0FF0C4FF00008FB
:1026F000220728D5702806D0009B83F0100353EAE8
:102700000A0305D00EE040228DF80420012208E0E3
:102710005CEA010206D030228DF804208DF8050015
:1027200002229046009B83F0080353EA0A030AD171
:102730005CEA010201D1620705D530228DF8042040
:102740004FF001087F1E582804D034A003900EA833
:1027500002900DE036A0F9E753466046009AEDF787
:1027600005FE84460398825C0298401E0290027027
:102770005CEA0100F0D1029806A9081A00F1200ACB
:10278000600702D524F4803400E00127574502DDBC
:10279000A7EB0A0000E0002000EB0A01009005987A
:1027A0004144401A0590E00306D45B462146179A3F
:1027B000059800F0B3F90544002706E001A85A4641
:1027C000C05D179990476D1C7F1C4745F6DBE00301
:1027D0000CD55B462146179A059800F09FF90544F1
:1027E00004E030205A46179990476D1C0099481E06
:1027F00000900029F5DC08E0029802995A4600781A
:10280000491C0291179990476D1CBAF10001AAF179
:10281000010AF1DC65E100000928010030313233A2
:10282000343536373839616263646566000000000C
:1028300030313233343536373839414243444546F6
:102840000000000000F058F90544761C307800289C
:102850007FF4ECAD19B02846BDE8F08F620700D4D4
:10286000062709F1070222F0070CFCE80223E146E3
:1028700003F000485FEA080C02D00FF2702C0DE064
:102880005FEA045C02D50FF2682C07E05FEAC47CC3
:1028900002D00FF2602C01E0AFF2700C4FF0FF3865
:1028A00023F00043CDF850C065280CD006DC452845
:1028B00009D046281DD047283DD13DE0662818D0D4
:1028C00067287ED138E00021112F01DB112000E0C4
:1028D000781CCDE9000106A90EA8FFF7D5FCDDE9BB
:1028E0000F010E9A03910021009207F1010A049151
:1028F0004DE04FF000400097CDE9011006A90EA869
:10290000FFF7C2FCDDE90F0203920E9B1199002232
:10291000DDF80CA00093049211B9791C00EB010AB8
:10292000B7EB0A0004D4C0F1FF3007F1010A0490AC
:10293000AAEB0700019044E0012F00DA01270021F3
:10294000112F01DD112000E03846CDE9000106A974
:102950000EA8FFF799FCDDE90F010E9A0391002103
:1029600004910092BA4621070CD40399514500DA2C
:102970008A46BAF1010F05DD009AAAF10101515C06
:10298000302908D0B84202DA10F1040F06DA01212A
:10299000CDE9011015E0AAF10101E9E7002805DC05
:1029A000049901440491AAEB000102E0411C514545
:1029B00000DD8A460499401A401C01904FF0004007
:1029C0000290200704D40198504501DBCDF8048023
:1029D00000208DF84F0002980DF14F07B0F1004F25
:1029E00025D02B200E9002984FF0020800280CDA18
:1029F000404202902D200E9007E00A210298EDF748
:102A000013FF3031029007F8011DB8F10001A8F161
:102A10000108F2DC02980028EFD1791E0E980870A8
:102A2000307800F0200040F0450007F8020D12A8B1
:102A3000C01B00F107081498007800B1012000EBDA
:102A40000A01019801EBE07105984144401A401ECB
:102A50000590E00306D45B462146179A059800F0DE
:102A60005DF805441498007818B15A4617999047B4
:102A70006D1CE00324D55B462146179A059800F0AB
:102A80004DF805441CE00498002807DBDDE903014C
:102A9000884203DD0098405C179901E017993020C7
:102AA0005A469047049805F10105401C049001988E
:102AB000401E019004D12E205A46179990476D1C54
:102AC000BAF10001AAF1010ADDDC05E017F8010BFB
:102AD0005A46179990476D1CB8F10001A8F10108FA
:102AE000F4DC5B462146179A0598ABE62D00000002
:102AF0002B000000200000002DE9F04104460025D5
:102B00001E461746880404D405E039462020B04705
:102B10006D1C641EF9D52846BDE8F0812DE9F04111
:102B2000044600251E469046C80301D5302700E024
:102B30002027880404D505E041463846B0476D1C7F
:102B4000641EF9D52846BDE8F0810A68531C0B6065
:102B50001070704710B50446200E14490870C4F375
:102B60000740097810FB01F011490880C4F30720E1
:102B70000E49097810FB01F00E490880E0B20B49BC
:102B8000097810FB01F00C490880094801880B48BE
:102B9000EFF760FA074801880948EFF75BFA064843
:102BA00001880848EFF756FA10BD0000DC0100204C
:102BB000DE010020E0010020E20100203C7F002037
:102BC0004C7F00205C7F0020D0ED000AF4EEC00AAC
:102BD000F1EE10FA02DD80ED000A0CE0D0ED000A03
:102BE000B1EE401AF4EEC10AF1EE10FA03D2F1EEA2
:102BF000400AC0ED000A704770B52DED028B8AB017
:102C000005460C4616460DB104B11EB90AB0BDEC1E
:102C1000028B70BD94ED000AB5EEC00AF1EE10FA19
:102C20000DD194ED010AB5EEC00AF1EE10FA06D10D
:102C300094ED020AB5EEC00AF1EE10FA7DD09FEDD8
:102C4000600AB0EE408A0020079008900990049036
:102C5000059006905B4A07CA01AB07C395ED010AD0
:102C6000D5ED030A20EE200AD5ED000A95ED021AF3
:102C700000EEC10AF0EE000A20EE200A8DED070AF0
:102C800095ED000AD5ED010A20EE200AD5ED020AE5
:102C900095ED031A00EE810AF0EE000A20EE200AFC
:102CA0008DED080A95ED000A20EE000AD5ED030A25
:102CB00095ED031A00EE810AF7EE000AB0EE001A55
:102CC00051EE000ACDED090A01AB224631462846F5
:102CD00000F07AF8D4ED000A60EEA00A94ED011A33
:102CE000D4ED011A41EE210A94ED021AD4ED021A34
:102CF00041EE210AB0EE600AEEF7B6FAB0EE408A75
:102D000094ED000A20EE080A84ED000A94ED010A11
:102D100020EE080A84ED010A94ED020A20EE080A6A
:102D200084ED020A94ED010ADDED090A20EE200A85
:102D3000D4ED020A9DED081A00E03EE000EEC10A63
:102D40008DED040A94ED020ADDED070A20EE200A5B
:102D5000D4ED000A9DED091A00EEC10A8DED050AB9
:102D600094ED000ADDED080A20EE200AD4ED010AF8
:102D70009DED071A00EEC10A8DED060A96ED000AD8
:102D8000DDED010A9DED041A00EE810A86ED000AD0
:102D900096ED010ADDED020A9DED051A00EE810AAD
:102DA00086ED010A96ED020ADDED030A9DED061A95
:102DB00000EE810A86ED020A00BF00BF26E7000090
:102DC00000000000788101082DE9F0412DED048B11
:102DD00007460D4614461E469FED580AB0EE409A2F
:102DE0009FED560AB0EE408A9FED540AF0EE408AFD
:102DF000D4ED000A60EEA00A94ED011AD4ED011A98
:102E000041EE210A94ED021AD4ED021A41EE210A94
:102E1000B0EE600AEEF728FAF7EE000A80EE801AAC
:102E2000B0EE419AD5ED000AB0EE600AEEF7B1F8C7
:102E3000F0EE409AD5ED010AB0EE600AEEF7A9F87F
:102E400079EE809AD5ED020AB0EE600AEEF7A1F8AD
:102E500039EE800AF0EE408A3948D0ED000A79EE6A
:102E6000600AB0EE600AEEF794F8B0EE408A9FED8B
:102E7000350AB4EEC08AF1EE10FA06DC9FED320A94
:102E8000F4EEC08AF1EE10FA53DD9FED2C2AB0EE7D
:102E9000420A9FED2A2AF0EE421AB7EE002AF0EE1F
:102EA000420A9FED262AB0EE421AB5EEC08AF1EE34
:102EB00010FA05DD9FED232AC2EE082AB0EE620A61
:102EC0009FED222AB4EEC20AF1EE10FA03D29FED72
:102ED0001B2AB0EE420AF5EEC08AF1EE10FA05DDCB
:102EE0009FED192AC2EE282AF0EE621AB7EE002AE8
:102EF000B4EEC20AF1EE10FA03D220EE802AF0EE10
:102F0000420AB7EE002AF4EEC21AF1EE10FA03D22A
:102F100020EEA12AF0EE420A9FED0D2A20EE822A31
:102F2000B0EE421A86ED001A86ED011A86ED021AFD
:102F300000BFBDEC048BBDE8F08100000000000084
:102F4000B8040020CDCCCC3D8FC2F53D9A99993E76
:102F5000CDCC4C3E10B52DED048B86B00446B0EEC2
:102F6000408AF0EE608AB0EE419A0020039004900F
:102F70000590009001900290B0EE000AC8EE000AA1
:102F8000F0EE609AB0EE690AEDF7F7FF8DED030AF7
:102F9000B0EE000AC8EE800AF0EE609AB0EE690A60
:102FA000EDF7EBFF8DED040AB0EE000AC9EE000A62
:102FB000F0EE609AB0EE690AEDF7DFFF8DED050ADD
:102FC000B0EE000AC8EE000AF0EE609AB0EE690AB0
:102FD000EEF75CF98DED000AB0EE000AC8EE800A4B
:102FE000F0EE609AB0EE690AEEF750F98DED010A45
:102FF000B0EE000AC9EE000AF0EE609AB0EE690A7F
:10300000EEF744F98DED020A9DED050ADDED040AA7
:1030100020EE200ADDED030A20EE200ADDED020A93
:103020009DED011A60EE810A9DED001A00EE810A05
:1030300084ED000A9DED020ADDED040A20EE200A6F
:10304000DDED030A20EE200ADDED050A9DED011AF3
:1030500060EE810A9DED001A00EEC10A84ED010ABE
:103060009DED050ADDED010A20EE200ADDED030AE3
:1030700020EE200ADDED020A9DED041A60EE810AC1
:103080009DED001A00EE810A84ED020A9DED050A0D
:10309000DDED040A20EE200ADDED000A20EE200A14
:1030A000DDED020A9DED011A60EE810A9DED031A25
:1030B00000EEC10A84ED030A06B0BDEC048B10BD1E
:1030C00070B505460C4600260DB1022C00D870BD27
:1030D000A11E4FF6FF72284601F010F80646A01E0A
:1030E0002E54310A601E295400BFF0E770B5054622
:1030F0000C4600260DB1022C00DC70BD601E81B2B2
:10310000FF22284601F014F80646601E2E5400BF28
:10311000F3E710B541EC100BFDF7B2FD51EC100BCD
:1031200010BD000038B5002000900024EEF780FBB1
:103130008020EEF7A3FC5520EEF7A0FC5520EEF71B
:103140009DFC0090EEF76AFB9620EEF798FBEEF7F9
:103150006FFB8020EEF792FC5520EEF78FFC552098
:10316000EEF78CFC0090EEF759FB9620EEF787FB0C
:10317000EEF75EFBB6217E20EEF790FCEEF74EFBFD
:103180005020EEF776FBEEF753FB8020EEF776FC4F
:103190005520EEF773FC5520EEF770FC0090EEF72B
:1031A0003DFB9620EEF76BFBEEF742FB8020EEF73F
:1031B00065FC5520EEF762FC5520EEF75FFC0090B1
:1031C000EEF72CFB9620EEF75AFB9DF800001E2828
:1031D00001D0FF2038BD002437E0EEF729FB04EBD7
:1031E00044021C4B1A44517804EB4402985CEEF7FD
:1031F00055FCEEF713FB9620EEF741FBEEF718FBBC
:1032000004EB4401134A515C41F08000EEF736FCB8
:103210005520EEF733FC5520EEF730FC0090EEF72A
:10322000FDFA9620EEF72BFB04EB44000949084415
:1032300040789DF80010884205D004EB4400054911
:1032400008448078C6E7601CC4B2062CC5DB0020A9
:10325000C0E700003801002010B586B000200190C2
:10326000029000900024EEF7E3FA8020EEF706FCCF
:103270005520EEF703FC5520EEF700FC0090EEF72A
:10328000CDFA9620EEF7FBFAEEF7D2FA8020EEF7B1
:10329000F5FB5520EEF7F2FB5520EEF7EFFB009023
:1032A000EEF7BCFA9620EEF7EAFAEEF7C1FAB6218D
:1032B0007E20EEF7F3FBEEF7B1FA5020EEF7D9FAE5
:1032C000EEF7B6FA8020EEF7D9FB5520EEF7D6FBE5
:1032D0005520EEF7D3FB0090EEF7A0FA9620EEF71C
:1032E000CEFAEEF7A5FA8020EEF7C8FB5520EEF7F0
:1032F000C5FB5520EEF7C2FB0090EEF78FFA962043
:10330000EEF7BDFA9DF800001E2802D0FF2006B09F
:1033100010BD00243AE0EEF78BFA04EB44028C4B2C
:103320001A44517804EB4402985CEEF7B7FBEEF7D1
:1033300075FA9620EEF7A3FAEEF77AFA04EB440159
:10334000834A515C41F08000EEF798FB5520EEF780
:1033500095FB5520EEF792FB0090EEF75FFA962072
:10336000EEF78DFA04EB44007949084440789DF863
:103370000010884205D004EB440075490844807869
:10338000C5E75020EEF775FA601CC4B2042CC2DB0E
:1033900000246FE0EEF74CFA221D02EB42026C4B68
:1033A0001A445178221D02EB4202985CEEF776FB3C
:1033B000EEF734FA9620EEF762FAEEF739FA211DAD
:1033C00001EB4101624A515C41F08000EEF756FB8F
:1033D0005520EEF753FB5520EEF750FB0090EEF72B
:1033E0001DFA9620EEF74BFA201D00EB40005849DD
:1033F000084440789DF80010884206D0201D00EB5C
:10340000400053490844807881E75020EEF731FAB4
:10341000EEF70EFA9220EEF731FB062201A91220F8
:10342000EEF70CFBEEF7FAF99DF80500000200B28A
:103430009DF80410084304EB440103AA22F811008C
:103440009DF80700000200B29DF80610084304EB47
:10345000440102EB410148809DF80900000200B2DE
:103460009DF80810084304EB440102EB41018880F9
:10347000601CC4B2022C8DDBEEF7DAF900216D205E
:10348000EEF70CFBEEF7CAF99620EEF7F8F9EEF737
:10349000CFF9ED20EEF7F2FA5520EEF7EFFA5520CE
:1034A000EEF7ECFA0090EEF7B9F99620EEF7E7F9AF
:1034B0009DF8000008B1042029E7EEF7B9F9B6211C
:1034C0007E20EEF7EBFAEEF7A9F95020EEF7D1F9EE
:1034D000BDF90C00BDF91210401A40F25551884256
:1034E00010DBBDF90E10BDF91400081A40F2555159
:1034F000884207DBBDF91010BDF91600081AB0F5B7
:103500002A7F01DA802002E7EEF792F98020EEF7B9
:10351000B5FA5520EEF7B2FA5520EEF7AFFA009063
:10352000EEF77CF99620EEF7AAF9EEF781F9802004
:10353000EEF7A4FA5520EEF7A1FA5520EEF79EFA21
:103540000090EEF76BF99620EEF799F90020DEE691
:103550000880010838B5002400200090EEF77EF9BD
:1035600069460020EEF77DFAEEF76EF99620EEF749
:1035700086F9EEF773F969460020EEF772FAEEF776
:1035800063F99620EEF77BF9EEF768F9B62114207F
:10359000EEF784FAEEF758F95020EEF76AF9EEF7F5
:1035A0005DF969460020EEF75CFAEEF74DF99620DA
:1035B000EEF765F9EEF752F969460020EEF751FA99
:1035C000EEF742F99620EEF75AF99DF800000F2821
:1035D00001D0FF2038BD00242FE0EEF73FF904EBC7
:1035E0004402184B1A44517804EB4402985CEEF7FD
:1035F00055FAEEF729F99620EEF741F9EEF72EF994
:1036000004EB44010F4A505C6946EEF72AFAEEF7E4
:103610001BF99620EEF733F904EB440009490844FE
:1036200040789DF80010884205D004EB440005491D
:1036300008448078CEE7601CC4B2062CCDDB0020A5
:10364000C8E700004A01002038B50020009000249F
:10365000EEF704F969460020EEF703FAEEF7F4F806
:103660009620EEF70CF9EEF7F9F869460020EEF730
:10367000F8F9EEF7E9F89620EEF701F9EEF7EEF833
:10368000B6211420EEF70AFAEEF7DEF85020EEF736
:10369000F0F8EEF7E3F869460020EEF7E2F9EEF70E
:1036A000D3F89620EEF7EBF8EEF7D8F8694600204D
:1036B000EEF7D7F9EEF7C8F89620EEF7E0F8EEF758
:1036C000CDF801213C20EEF7E9F9EEF7BDF85020E6
:1036D000EEF7CFF800BFEEF7C1F869463C20EEF7F1
:1036E000C0F9EEF7B1F89620EEF7C9F8601CC4B245
:1036F0009DF8000000F0020008B90A2CEBDB0A2C50
:1037000001D1402038BD9DF8000000F0040008B150
:103710004020F7E70020F5E72DED068B82B000BFD3
:10372000F8F726FE0446F1F743F90546F3F7DCF90E
:1037300000EE100AB8EE400A884880ED000A2078B2
:103740003C2806DD6088864908800120854908708C
:103750000CE02078012806DD60888149088000207F
:103760008049087002E000207E4908707E48007899
:1037700002287DD17D4890ED0D0AB5EEC00AF1EE2C
:1037800010FA1FD290ED0D0ADFED790A30EE200A13
:10379000784880ED000A754890ED0D0A10EE101A79
:1037A0000846ECF7E1FF41EC1A0B9FED730B53EC6D
:1037B000102BECF759FF41EC190BEDF719F86D4997
:1037C000086015E0694890ED0D0A10EE101A0846E1
:1037D000ECF7CAFF41EC1A0B9FED670B53EC102B73
:1037E000ECF742FF41EC190BEDF702F86149086074
:1037F0006348D0F80500634908606148D0F80100CB
:1038000061490860554890ED000A6048D0ED000A13
:1038100030EE600ADFED5E0A80EE201A5D4880ED32
:10382000001A544890ED000AFDF74EFF5548D0EDC0
:10383000000A20EE209A4F4890ED000AFDF72CFE7A
:103840005148D0ED000A00EE209A5248D0ED000A0F
:10385000514890ED000A09EE200A80ED000A454823
:1038600090ED000AFDF730FFB1EE400A464800E057
:1038700063E0D0ED000A20EE209A3E4890ED000A69
:10388000FDF70AFE3F48D0ED000A00EE209A4148BD
:1038900090ED000A29EE400A4048D0ED000A30EED3
:1038A000200A80ED000A3E4890ED098A2F48D0F8A2
:1038B0000802B0F9040000EE100AB8EEC00ADFED0D
:1038C000390A60EE208A2748017828780009CDE976
:1038D000000135480388254890ED0D3AF0EE432A63
:1038E00090ED8A3AB0EE432A406890ED0E3AF0EE41
:1038F000431A1E48406890ED0D3AB0EE431A1B483B
:10390000406890ED0C3AF0EE430A1848406890ED9C
:103910000B3AB0EE430A1B48D0ED004A1A4890ED2E
:10392000004A1E48D0ED003A1B4890ED003AC422F0
:10393000AF211E4802F0C2FA00BF3C211B48EEF73F
:10394000F9FF02F035F9012000F03EFF034890ED49
:10395000000A0E4880ED000AE2E60000880300201D
:103960007403002076030020600200203C960020B3
:103970000000B4439403002024AC9522DCA54C4005
:103980000A8100207C030020780300208C030020A3
:1039900000007A449003002080030020840300206C
:1039A000D0850020715BD63D6C030020A8C10020AB
:1039B00000B587B01C2206496846ECF708FD0021D7
:1039C000684600F02AFF0349086007B000BD000008
:1039D000388101085C0300202DE9FC4106460C46B5
:1039E0001546601987B2FF208DF800008DF80100A0
:1039F0008DF802008DF803008DF804008DF80500A5
:103A00008DF80600FD208DF8070008236A46394628
:103A10003046EEF7C9F8BDE8FC8100009FED0C0AC6
:103A200080ED150A9FED0A0A80ED140A9FED080A41
:103A300080ED100A9FED060A80ED110A9FED040A41
:103A400080ED120A9FED020A80ED130A7047000014
:103A50000000000070B505460C4694F83C000128B3
:103A600006D002281ED0032829D0042841D12FE0F7
:103A7000D4ED122AB0EE622AD4ED152AF0EE621AC5
:103A8000D4ED142AB0EE621AD4ED112AF0EE620AD7
:103A9000D4ED102AB0EE620A22882146284600F0B2
:103AA000EBFD26E094ED111AF0EE410A94ED101AA8
:103AB000B0EE410A2188284601F09AF919E0D4EDC8
:103AC000110AB0EE600A2188284602F037F910E0AA
:103AD000D4ED131AB0EE611AD4ED111AF0EE610AAA
:103AE000D4ED101AB0EE610A2188284601F0EEFEEE
:103AF00000BF00BF70BD70B505460C4694F83C0091
:103B0000012806D002280AD003280FD004281BD190
:103B100013E0218800222846FFF75EFF14E0218889
:103B20004FF480722846FFF757FF0DE021884FF4CD
:103B300000722846FFF750FF06E021884FF44072DC
:103B40002846FFF749FF00BF00BF2046FFF766FF8A
:103B500070BD70B505460C4694F83C00012806D0AF
:103B600002280AD003280FD004281BD113E0218893
:103B70000022284600F0D4F814E021884FF4807227
:103B8000284600F0CDF80DE021884FF40072284659
:103B900000F0C6F806E021884FF44072284600F095
:103BA000BFF800BF00BF70BD10B503460C462078BB
:103BB00000F00F005860207801119960A0786178BA
:103BC00040EA0121D960E0780001217940EA211121
:103BD00019616079217901F00F0140EA01215961F1
:103BE00093ED2C1AF0EE410A93ED2C1AB1EE411A26
:103BF000B0EE410A1021D86802F0C2FB83ED080A3A
:103C000093ED2D1AF0EE410A93ED2D1AB1EE411A03
:103C1000B0EE410A0C21186902F0B2FB83ED090AEB
:103C200093ED2E1AF0EE410A93ED2E1AB1EE411AE1
:103C3000B0EE410A0C21586902F0A2FB83ED0A0A9A
:103C4000A07900EE100AB8EE400A83ED0D0AE07983
:103C500000EE100AB8EE400A83ED0E0A10BD000017
:103C600010B54FF488712448ECF7CAFB4FF4887103
:103C70002248ECF7C5FB4FF488712148ECF7C0FBF4
:103C80004FF488711F48ECF7BBFB4FF488711E4856
:103C9000ECF7B6FB4FF488711C48ECF7B1FB012040
:103CA0001549088011204880012081F8580081F8CA
:103CB0003C009FED170A084680ED110A9FED140A9B
:103CC00080ED100A9FED130A80ED130AB0EE000A92
:103CD00080ED150A9FED100A80ED140A9FED0F0A82
:103CE00080ED2C0AB3EE0E0A80ED2D0AB2EE040A26
:103CF00080ED2E0A10BD0000D0850020E086002057
:103D0000F087002000890020108A0020208B0020EE
:103D1000000000008FC2F53C00003443D00F494042
:103D20002DE9FC4106460C461546601987B2FF2076
:103D30008DF800008DF801008DF802008DF8030069
:103D40008DF804008DF805008DF80600FC208DF834
:103D5000070008236A4639463046EDF725FFBDE8DF
:103D6000FC8182B0CDE9000121F0004001909DED81
:103D7000000B02B051EC100B704770B504460D46B5
:103D8000E06810B94FF0FF3070BD6168606988422B
:103D900001D9206860612846D4E90421ECF717FBBB
:103DA000D4E9041008446061A068401CA060E06889
:103DB000401EE0600020E7E710B50446216002FBEA
:103DC0000310401E6060A3600020E060226161611A
:103DD000A16110BD0146C86808B9012070470020E4
:103DE000FCE70146886808B9012070470020FCE71D
:103DF00070B504460D46A06810B94FF0FF3070BD95
:103E00006168A069884201D92068A06129462269B9
:103E1000A069ECF7DCFA2169A0690844A061A068F8
:103E2000401EA060E068401CE0600020E7E701461B
:103E30008868704701460022C86808B900207047AA
:103E400000BF72B600BFC86820B900BF62B600BF2D
:103E50000020F4E74B680869984201D908680861B6
:103E6000086902780869401C08618868401C8860FD
:103E7000C868401EC86000BF62B600BF1046DEE7DB
:103E80002DE9F04704460F4615461FB94FF0FF30A5
:103E9000BDE8F087E06808B90020F9E700BF72B616
:103EA00000BFE06820B900BF62B600BF0020EFE7A6
:103EB00061682069884201D920682061E068A842D1
:103EC00001DD284600E0E068054621696068401A87
:103ED000461CAE4209DB2E46324638462169ECF7D5
:103EE00076FA2069304420610EE0A5EB06093246DF
:103EF00038462169ECF76BFAB8194A462168ECF7A5
:103F000066FA206848442061A0682844A060E06800
:103F1000401BE060A84600BF62B600BF4046B7E75E
:103F2000034619608818401E58609A600020D860C7
:103F30001961596170472DE9F047044688461546D6
:103F4000B8F1000F03D14FF0FF30BDE8F087A06853
:103F500008B90020F9E700BF72B600BFA06820B919
:103F600000BF62B600BF0020EFE761686069884269
:103F700001D920686061A068A84201DD284600E000
:103F8000A068054661696068401A461CAE4209DBBC
:103F90002E46324641466069ECF719FA60693044B2
:103FA00060610FE0A5EB0609324641466069ECF717
:103FB0000EFA08EB06014A462068ECF708FA20687A
:103FC00048446061A068401BA060E0682844E0604D
:103FD0002F4600BF62B600BF3846B6E70146C86844
:103FE0007047014671EE602AF0EE621AB0EE602A68
:103FF00030EE423A01208840401E02EE900AF8EE70
:10400000E22A63EE222A82EEA13AFDEEC32A12EEE4
:10401000900A70472DE9F04104460D4616461F46AA
:1040200014B10DB106B10FB9BDE8F081D4ED010AAC
:1040300094ED031A60EE810A94ED001AD4ED021A91
:1040400041EE610AB8EE001A60EE810AB0EE600A35
:10405000ECF777FF86ED000A94ED001A21EE011AC5
:10406000D4ED011A94ED012A01EE821AF7EE001A3E
:10407000B0EE002A52EE011AF0EE610A94ED001A39
:10408000D4ED031A21EE211AD4ED011A94ED022A7F
:1040900001EE821AF0EE001A21EE211AB0EE410A6A
:1040A000ECF75BFF85ED000A94ED001A21EE011A92
:1040B000D4ED031A94ED032A01EE821AF7EE001AEA
:1040C000B0EE002A52EE011AF0EE610A94ED001AE9
:1040D000D4ED011A21EE211AD4ED021A94ED032A2F
:1040E00001EE821AF0EE001A21EE211AB0EE410A1A
:1040F000ECF733FF87ED000A00BF95E730B50346C4
:1041000013B94FF6FF7030BD09E013F8014B82EA96
:104110000400C0B2054D35F8100080EA2222081EC6
:10412000A1F10101F1D11046EDE70000087E010880
:1041300030B5034605E013F8010B80EA0204044899
:10414000025D081EA1F10105A9B2F4D1104630BDEF
:10415000057D010800BFEFF3058008B1012070471D
:104160000020FCE770470000FEB504460D461646E9
:104170000A20012322461C21CDE900560290024864
:10418000F2F7A0FDFEBD0000B80B00201FB50446ED
:104190000A20012103AA0B46CDE900210290224604
:1041A0001C210348F2F78EFD9DF80C0004B010BDF1
:1041B000B80B002013B584B004460A20012105AADB
:1041C0000B46CDE90021029022461C210248F2F75D
:1041D000FDFE06B010BD0000B80B002010B5012296
:1041E00040210248F2F77AFC10BD0000001802409E
:1041F00010B5002240210248F2F770FC10BD00000B
:1042000000180240704710B504462046EDF738FD0F
:1042100010BD000070B500250024FFF7A3FFFFF7D5
:10422000F1FFFFF7E5FF3220FFF7EDFFFFF7D6FFC5
:104230003220FFF7E8FF0020FFF7A8FF0546102D0A
:1042400006D0B7EE000A1E4880ED000A402070BD7F
:104250000120FFF7D8FF00242EE004EB4402194BA5
:104260001A44517804EB4402985CFFF7A3FF012045
:10427000FFF7C9FFB0EE000A114880ED000A04EB19
:104280004401104A505CFFF781FF0546B0EE080A72
:104290000B4880ED000A0120FFF7B5FF04EB440056
:1042A000084908444078A84204D004EB440008447C
:1042B0008078CCE7601CC4B2042CCEDB0020C6E7BB
:1042C000D80100202880010810B52DED028B82B0A6
:1042D0000446002008EE100A062269460320FFF774
:1042E00043FF9DF800009DF8011040EA012000B254
:1042F00008EE100AB8EEC80ADFED150A20EE200A13
:1043000084ED000A9DF802009DF8031040EA0120A8
:1043100000B208EE100AB8EEC80ADFED0D0A20EE72
:10432000200A84ED010A9DF804009DF8051040EA7A
:10433000012000B208EE100AB8EEC80ADFED040A48
:1043400020EE200A84ED020A02B0BDEC028B10BD03
:104350009A99993E10B52DED0A8B0446B0EE408A2D
:10436000F0EE608A84ED068AC4ED048A38EEC80A4D
:1043700084ED090A94ED090ADFED900AB4EEE00A33
:10438000F1EE10FA08DD94ED090ADFED8D0A30EE4A
:10439000600A84ED090A10E094ED090ADFED890A4C
:1043A000B4EEE00AF1EE10FA07D294ED090ADFED5F
:1043B000840A30EE200A84ED090A94ED040AD4ED53
:1043C000050A30EE609A94ED030A60EE099A7E4881
:1043D000C0ED009A94ED0F0AB5EEC00AF1EE10FAA6
:1043E00027D094ED0F0A10EE101A0846ECF7BCF92E
:1043F00041EC1A0B94ED090A10EE101A0846ECF77E
:10440000B3F941EC1C0BB0EE4C0AF0EE6C0AFDF770
:10441000EBF8B0EE40BAF0EE60BA53EC1A2B51EC68
:104420001B0BECF7CDF904D29FED680ABDEC0A8BAB
:1044300010BD606C032843D194ED000AD4ED090A45
:1044400020EE200A84ED0A0A94ED0B0AD4ED010A4D
:1044500094ED091A00EE810A84ED0B0A94ED090A25
:10446000D4ED080A30EE600AD4ED020A20EE200AEC
:1044700084ED0C0AD4ED130AB0EE600A04F12C00AE
:10448000FEF7A2FB504890ED000A84ED0D0A94ED72
:104490000A0AD4ED0B0A30EE200AD4ED0C0A30EEF5
:1044A000200AD4ED0D0A30EE200A84ED0E0AD4ED78
:1044B000120AB0EE600A04F13800FEF785FB40E016
:1044C000606C04283DD194ED090AD4ED080A30EE61
:1044D000600AD4ED000A20EE200A84ED0A0A94ED69
:1044E000010AD4ED090A20EE200A84ED0B0A94EDAE
:1044F000090AD4ED080AB0EE001A01EE600AD4ED04
:10450000070A30EE200AD4ED020A20EE200A84EDDC
:104510000C0A94ED0A0AD4ED0B0A30EE200AD4ED11
:104520000C0A30EE200AD4ED0E0A30EE200A84ED9B
:104530000E0AD4ED120AB0EE600A04F13800FEF75C
:1045400043FB94ED080A84ED070A94ED090A84ED13
:10455000080A94ED040A84ED050A94ED100AB5EEFC
:10456000C00AF1EE10FA25D094ED100A10EE101AE0
:104570000846ECF7F9F841EC1A0B94ED0E0A10EE30
:10458000101A0846ECF7F0F841EC1C0BB0EE4C0AA0
:10459000F0EE6C0AFDF728F8B0EE40BAF0EE60BA23
:1045A00053EC1A2B51EC1B0BECF7F2F802D29FEDF7
:1045B000070A3BE794ED0E0A38E700000000344399
:1045C0000000B443000034C3D80000200000000005
:1045D00010B50C4A11880C4A9068002201F006FBC5
:1045E00096214FF4C470EDF7C7FF6420F2F774F81A
:1045F00000214FF4C470EDF7BFFF4FF47A70F2F76B
:104600006BF810BDD08500203C9600200A685060F1
:1046100002604160086000BF7047F2F7F9FDF8F7EB
:104620002BFEF6F7BFFCF6F75DFCF6F713FCF6F78A
:1046300035FCF6F7ADFDF6F723FEF6F759FEF6F773
:10464000A9FEF6F763FFF6F77FFFF6F743FFF6F7ED
:10465000BDFDF6F7DFFDF6F7DBFEF6F791FFF6F7A7
:104660008DFC00F0CBF800BFFEE701460020842956
:1046700001D0CA1C104470472DE9F04F2DED068B78
:1046800083B083460C461546B0EE40AAB0EE608A71
:10469000F0EE418AB0EE619AF0EE429AA8B2009034
:1046A00094ED2C0AB0EE401A94ED2C0AB1EE400ABB
:1046B000F0EE400A1020B0EE4A0AFFF792FC86B2F4
:1046C00094ED2D0AB0EE401A94ED2D0AB1EE400A99
:1046D000F0EE400A0C20B0EE480AFFF782FC87B2E9
:1046E00094ED2E0AB0EE401A94ED2E0AB1EE400A77
:1046F000F0EE400A0C20B0EE690AFFF772FC1FFAD8
:1047000080FA0C209FED211ADFED210AB0EE680A35
:10471000FFF767FC1FFA80F80C20B1EE041ADFEDFA
:104720001C0AB0EE490AFFF75CFC1FFA80F9301250
:104730008DF80400F0B28DF80500C7F307108DF86E
:1047400006003807000E40EA28208DF8070008F020
:10475000FF008DF80800C9F307108DF809004FEA33
:104760000970000E40EA2A208DF80A000AF0FF00C6
:104770008DF80B00082301AA58460099EDF714FAAA
:1047800003B0BDEC068BBDE8F08F00000000FA43DB
:10479000000000001CB50A4903C9CDE90001002250
:1047A0000121684600F070F8064908600846006874
:1047B00020B101210348006800F08CF81CBD000006
:1047C000F88001088C02002070B5044625460DB122
:1047D000294600E00121084601F0C6FF002070BD17
:1047E00070B505460C4626460EB1304600E0012065
:1047F0000146284601F0E6FF002070BD10B502F02A
:1048000013F9002010BD10B5FFF7A4FC10B102F0A1
:10481000A9FF10BD02F0A0FFFBE77FB504460D46DF
:10482000606998B1A06988B1B4F90800FFF71DFF6D
:104830000646D4E90510CDE9006102902B462269B5
:10484000D4E9001002F01AFF039013E0B4F9080055
:10485000FFF70BFF064603A8CDE90060238A9AB252
:104860002B46D4E9001002F0D7FE012802D0002028
:1048700004B070BD0398FBE710B50446204602F073
:104880000BF8002010BD00007CB504460D4616460E
:10489000606878B1D4E90001CDE90001012D01D1B2
:1048A000012000E0002002463346012108A003F069
:1048B00054F97CBD20680090012D01D1012000E059
:1048C000002002463346012101A003F02BF9F0E756
:1048D000000000002DE9FC4106460C4600270020A0
:1048E0000190254605B90125FFF734FCB0B1002041
:1048F00001AB2A4609210090304603F0A3F90128B4
:1049000001D0FF2715E0019898B14FF080500A4977
:104910000860BFF34F8FBFF36F8F0AE0002003469C
:104920002A4604210090304603F08CF9012800D07B
:10493000FF273846BDE8FC8104ED00E070B5054670
:104940000E4600242878DF2854D1002086F829005C
:10495000AC782146284602F011F9002849D0297880
:104960003170697871700324301D295D0170611CFC
:10497000695C4170A11C695C8170E11C695CC1705B
:10498000241D001D295D0170611C695C4170A11C22
:10499000695C8170E11C695CC170241D001D295D8A
:1049A0000170611C695C4170A11C695C8170E11C33
:1049B000695CC170241D2A5D611C695C42EA0121A9
:1049C0003184A41C2A5D611C695C42EA0121718466
:1049D000A41C2A5D611C695C42EA0121B184A11C0E
:1049E000CCB22A5D611C695C42EA0121F184A11C00
:1049F000CCB277E02878AF2874D1012086F829005E
:104A0000AC782146284602F0B9F800286AD0297807
:104A10003170697871700324301D295D0170611C4B
:104A2000695C4170A11C695C8170E11C695CC170AA
:104A3000241D001D295D0170611C695C4170A11C71
:104A4000695C8170E11C695CC170241D001D295DD9
:104A50000170611C695C4170A11C695C8170E11C82
:104A6000695CC170241D001D295D0170611C695CB9
:104A70004170A11C695C8170E11C695CC170241DDE
:104A8000001D295D0170611C695C4170A11C695C9D
:104A90008170E11C695CC170241D001D295D0170DD
:104AA000611C695C4170A11C695C8170E11C695CDE
:104AB000C170211DCCB2001D295D0170611C695CB3
:104AC0004170A11C695C8170E11C695CC170211D91
:104AD000CCB2295D86F82810611CCCB2295D86F81D
:104AE0002A1000BF70BD000010B52DED088B0446E4
:104AF000B0EE408AF0EE608A84ED068AC4ED048A46
:104B000038EEC80A84ED090A94ED0F0AB5EEC00A22
:104B1000F1EE10FA27D094ED0F0A10EE101A0846A5
:104B2000EBF722FE41EC190B94ED090A10EE101A76
:104B30000846EBF719FE41EC1B0BB0EE4B0AF0EE0A
:104B40006B0AFCF751FDB0EE40AAF0EE60AA53EC00
:104B5000192B51EC1A0BEBF733FE04D29FED650ACB
:104B6000BDEC088B10BD606C032846D194ED000AA3
:104B7000D4ED090A20EE200A84ED0A0A94ED0B0A0E
:104B8000D4ED010A94ED091A00EE810A84ED0B0AB6
:104B900094ED090AD4ED080A30EE600AD4ED020A59
:104BA00020EE200A84ED0C0AD4ED130AB0EE600A60
:104BB00004F12C00FEF708F894ED040AD4ED050A80
:104BC00030EE600AD4ED030A20EE200A84ED0D0ACF
:104BD00094ED0A0AD4ED0B0A30EE200AD4ED0C0A4B
:104BE00030EE200A84ED0E0AD4ED120AB0EE600A0F
:104BF00004F13800FDF7E8FF40E0606C04283DD187
:104C000094ED090AD4ED080A30EE600AD4ED000AEA
:104C100020EE200A84ED0A0A94ED010AD4ED090A77
:104C200020EE200A84ED0B0A94ED090AD4ED080A5F
:104C3000B0EE001A01EE600AD4ED070A30EE200A49
:104C4000D4ED020A20EE200A84ED0C0A94ED0A0A43
:104C5000D4ED0B0A30EE200AD4ED0C0A30EE200A17
:104C6000D4ED0E0A30EE200A84ED0E0AD4ED120ABD
:104C7000B0EE600A04F13800FDF7A6FF94ED080AD3
:104C800084ED070A94ED090A84ED080A94ED040AFC
:104C900084ED050A94ED100AB5EEC00AF1EE10FAA3
:104CA00025D094ED100A10EE101A0846EBF75CFDC3
:104CB00041EC190B94ED0E0A10EE101A0846EBF7B2
:104CC00053FD41EC1B0BB0EE4B0AF0EE6B0AFCF708
:104CD0008BFCB0EE40AAF0EE60AA53EC192B51EC1D
:104CE0001A0BEBF755FD02D29FED020A38E794ED5F
:104CF0000E0A35E70000000000B970479FED0C0A6E
:104D000080ED070A80ED080A80ED090A9FED080A88
:104D100080ED0C0A80ED0B0A80ED0A0A80ED0E0A88
:104D20009FED030A80ED040A80ED060A00BFE4E768
:104D30000000000070B52DED068B04460D46B0EE68
:104D400040AAF0EE60AAB0EE418AF0EE618AB0EEC1
:104D5000429AF0EE629AF0EE692AB0EE492AF0EE3D
:104D6000681AB0EE481AF0EE6A0AB0EE4A0A29460E
:104D7000204600F00EF8F0EE691AB0EE491AF0EE97
:104D8000680AB0EE480A204600F012F8BDEC068B27
:104D900070BDC0ED130A80ED120A416480ED001A67
:104DA000C0ED011A80ED022AC0ED032A7047000011
:104DB00080ED000AC0ED010A80ED021AC0ED031A71
:104DC0009FED0A2A80ED0A2A9FED082A80ED0B2A22
:104DD0009FED062A80ED0C2A9FED042A80ED0D2A16
:104DE0009FED022A80ED0E2A7047000000000000AF
:104DF0002DE9F3412DED020B82B007460E4606F574
:104E000080701FFA80F802AC03AD20788DF80000A6
:104E100060788DF80100A0788DF80200E0788DF8B8
:104E2000030028788DF8040068788DF80500A878CC
:104E30008DF80600E8788DF8070008236A46414699
:104E40003846ECF7B1FE06B0BDE8F0812DE9F0413F
:104E500005460E461C4807681C480068001D01F006
:104E6000E6FA50B91948006890F82C1001208840E3
:104E700017490968814316480160681C38B936B182
:104E800012480168091D134801F03CFB1AE07C1927
:104E90000E4800684460BC4207D20C480168091DF6
:104EA0000D48006801F014FB0CE008480168091D7A
:104EB0000A48006801F00CFB09480068844201D2EE
:104EC00007480460BDE8F0814C0000203800002055
:104ED00050000020E8110020400000203C0000208D
:104EE0006800002010B5044601F018FB2348006854
:104EF000401C224908602248006840B920480460EC
:104F00000846006801280DD100F026FA0AE01D4885
:104F1000006838B91A480068C06AE16A884201D856
:104F20001748046018480068401C1749086094F846
:104F30002C1001208840154909680843134908606E
:104F4000E16A01EB8101124A02EB8100211D01F0AF
:104F5000D9FA01F00DFB0B48006868B108480068F9
:104F6000C06AE16A884207D24FF080500949086060
:104F7000BFF34F8FBFF36F8F10BD000048000020BC
:104F80003800002054000020640000205000002061
:104F90000C11002004ED00E008B501F0BFFA124842
:104FA0000068E8B9114801F083FA114801F080FA6D
:104FB0000E48104908600E480F49086000200F4B4A
:104FC0000F4A0C2100900A2002F01EF806490860E2
:104FD0000846006820B10BA10348006801F088FB77
:104FE00001F0C6FA08BD00007C000020FC11002082
:104FF00010120020740000207800002024120020ED
:105000006C120020546D72510000000010B516E0C3
:1050100001F084FA0C48C068C468201D01F007FA4A
:105020000A480068401E0949086009480068401E97
:105030000749086001F09CFA204600F05FF8044838
:1050400000680028E4D110BDD411002048000020E1
:105050004400002070B504460D46206C70B1216CF0
:10506000E0680144E160D4E90210884201D321687C
:10507000E1602846226CE168EBF7A9F970BD2DE9E3
:10508000F04104460F4615464FF00008A66B206C11
:1050900048B9206800282CD1A06802F011FC804695
:1050A0000020A06025E07DB93946226C6068EBF7EE
:1050B0008EF9216C606808446060D4E9010188427F
:1050C00017D32068606014E03946226CE068EBF783
:1050D0007EF9216CE068411AE1602168E06888424D
:1050E00003D2216CA068411AE160022D01D106B102
:1050F000761E701CA0634046BDE8F08110B50446E2
:1051000094F8510030B9206B01F050FA204601F0BC
:105110004DFA1AE094F85100012803D1204601F01D
:1051200045FA12E094F85100022801D1012000E074
:10513000002050B900BF502080F31188BFF34F8F7B
:10514000BFF36F8F00BF00BFFEE710BD0146084AE6
:10515000126812680AB9012200E000220A600A6897
:1051600022B9034A1268D268106800E00020704734
:105170007400002030B54FF47053174800F0070456
:105180002CB1C01D20F00700134C041B1B1B024652
:10519000124C22600024114D6C60D018083820F0A9
:1051A00007000F4C206000240D4D2D686C600C4DE5
:1051B0002D682C601146441A4C60094C24680C6020
:1051C000084D4C682C60084D4C682C604FF0004432
:1051D000064D2C6030BD0000E41200208800002045
:1051E000900000209800002094000020A4000020DF
:1051F00000BFFFF70BFF064800680128F9D94FF000
:10520000805004490860BFF34F8FBFF36F8FF0E702
:105210000C11002004ED00E02DE9F04106460D469A
:1052200017469846069C0DB9246000E02760E663A7
:1052300025640121204601F057FFBDE8F0812DE9EA
:10524000F05F82460E4690469B460A9F0C9C4FEAB2
:105250008801A522206BEBF7CCF8A8F10100216BA7
:1052600001EB800929F0070909F0070008B90120BE
:1052700000E0002050B900BF502080F31188BFF338
:105280004F8FBFF36F8F00BF00BFFEE786B10025D1
:1052900007E0715D04F134004155705D00B902E032
:1052A0006D1C102DF5D300BF00214320015502E0F5
:1052B000002084F83400072F00D30627E7626764D4
:1052C0000020A064201D01F000F904F1180001F095
:1052D000FCF82461C7F10700A06164620020E0646B
:1052E00084F850005A465146484600F0E5FB2060DD
:1052F0000B9808B10B980460BDE8F09F2DE9F047CA
:1053000006460D4617469846DDE908940DB1012082
:1053100000E0002050B900BF502080F31188BFF397
:105320004F8FBFF36F8F00BF00BFFEE78CB1FFF759
:1053300033FE2660A561C4F81C80C4F82090201DAF
:1053400001F0C3F82FB194F8240040F0040084F871
:105350002400BDE8F087000010B5002407E004EB4E
:1053600084010F4A02EB810001F0A2F8641C072CB3
:10537000F5D30C4801F09CF80B4801F099F80B4864
:1053800001F096F80A4801F093F80A4801F090F805
:1053900004480949086004480849086010BD000035
:1053A0000C11002098110020AC110020C011002029
:1053B000D4110020E81100203C0000204000002013
:1053C00010B50146164800E0006803688B42FBD325
:1053D0000246436813448B4204D143684C6823441B
:1053E000436001460A464B6813440468A34211D146
:1053F0000C4C03682468A34208D04B6804686468B6
:1054000023444B6003681B680B6005E0054B1B6879
:105410000B6001E003680B60884200D0016010BDA2
:1054200088000020900000202DE9F04104460D4640
:1054300016461F464FF0000865602461B5420CD83F
:10544000F01BA169884202D34FF0010811E0211D31
:105450000948006801F03CF80BE0BE4204D2BD42AE
:1054600002D34FF0010804E0211D0448006801F058
:105470002FF84046BDE8F08178000020740000203D
:1054800070B5054601F04AF8A86B08B9012400E0A0
:10549000002401F06DF8204670BD70B5054601F09E
:1054A0003DF8A86BE96B884201D1012400E000249B
:1054B00001F05EF8204670BDF8B505460F461A4863
:1054C0000068C068C468201D00F0B1FF94F8240093
:1054D00000F00400E8B1A06941192B463A46204685
:1054E000FFF7A2FFD8B1002003462A4601460090EC
:1054F000204602F0A7FB064656B900BF502080F3B5
:105500001188BFF34F8FBFF36F8F00BF00BFFEE75F
:1055100005E094F8240020F0010084F824002046DF
:10552000216A8847F8BD00007400002070B586B07D
:105530008BE003980028FBDB059C606908B901201B
:1055400000E0002010B9201D00F071FF02A800F05B
:10555000DDF8054603980A2875D2DFE800F0090552
:105560000739416306083A4200BF00BF00BF00BFD1
:1055700094F8240040F0010084F824000498A26903
:10558000811803462A462046FFF74EFFF8B1204611
:10559000216A884794F8240000F00400B8B1002084
:1055A00000900498A169421800231946204602F091
:1055B00049FB064656B900BF502080F31188BFF35F
:1055C0004F8FBFF36F8F00BF00BFFEE700BF3BE010
:1055D00000BF94F8240020F0010084F8240033E098
:1055E00000BF94F8240040F0010084F824000498DF
:1055F000A061A06908B1012000E0002050B900BFFF
:10560000502080F31188BFF34F8FBFF36F8F00BF1F
:1056100000BFFEE7A06941192B462A462046FFF746
:1056200003FF11E094F8240000F0020018B92046AE
:1056300000F0BCFF05E094F8240020F0010084F89D
:10564000240001E0FFE700BF00BF002203A90448D7
:10565000006801F0E7FE00287FF46BAF06B070BD74
:105660007C000020F8B505460C4601F039FA684682
:1056700000F04CF80646009820BB44B9B54206D865
:1056800002F0CEF931462846FFF716FF1CE03CB188
:105690000E480068006808B9012000E000200446B8
:1056A000A91B22460A48006801F038F802F0B8F950
:1056B00050B94FF0805007490860BFF34F8FBFF3D8
:1056C0006F8F01E002F0ACF9F8BD00007800002017
:1056D0007C00002004ED00E00A490968096809B966
:1056E000012100E0002121B14FF0FF31064A116095
:1056F00006E004490968C968C868034A416811603E
:10570000704700003C0000206800002070B504468F
:1057100002F022F8054607480068854204D200F0EE
:105720000BF80120206001E00020206001480560A6
:10573000284670BD840000202DE9F84334E0254858
:105740000068C068056823480068C068C468201DF8
:1057500000F06DFE2046216A884794F8240000F08E
:10576000040008B3A0694619AE4207D966602461F7
:10577000211D1848006800F0ABFE15E0002003462C
:105780002A4601460090204602F05CFA074657B9C7
:1057900000BF502080F31188BFF34F8FBFF36F8F8E
:1057A00000BF00BFFEE700BF0A480068006808B9F4
:1057B000012000E000200028C1D00648D0F8008079
:1057C00005480068034908600348C0F80080BDE848
:1057D000F8830000740000207800002002460021B9
:1057E00001E0521C491C1078A528FAD0890888B21B
:1057F000704700000E480068401C08B9012000E016
:10580000002050B900BF502080F31188BFF34F8FA4
:10581000BFF36F8F00BF00BFFEE700BF502080F3D3
:105820001188BFF34F8FBFF36F8F00BF00BFFEE73C
:10583000A800002008B500BF6846FFF787FC0446B3
:1058400020460099FFF70EFFFFF770FEF4E770B5F2
:10585000044600F063FE94F9455010E0606A08B910
:10586000012000E0002038B904F1240002F08CF897
:1058700018B101F097F800E003E0681E45B2002D72
:10588000ECDC00BFFF2084F8450000F071FE00F062
:1058900045FE94F9445010E0206908B9012000E069
:1058A000002048B904F1100002F06EF808B101F0D0
:1058B00079F8681E45B200E001E0002DECDC00BF85
:1058C000FF2084F8440000F053FE70BD2DE9F3433F
:1058D0002DED040B2DED028B85B080460D46B0EE0C
:1058E000608AF0EE418A9FED1F0A28EE000ABCEEA6
:1058F000C00A10EE100A80B202909FED1B0A28EE3B
:10590000800ABCEEC00A10EE100A80B2019005F5C4
:1059100040701FFA80F907AC02AE01AF20788DF815
:105920000C0060788DF80D00A0788DF80E00E078FE
:105930008DF80F0030788DF8100070788DF8110018
:1059400038788DF8120078788DF81300082303AAB0
:1059500049464046ECF728F905B0BDEC028B06B08D
:10596000BDE8F0830000C84200401C462DE9F0412C
:1059700004464FF0000801F0B3F84948006808B940
:10598000FFF7F8FB474800682040002870D1D4B1E9
:10599000083404F00700B0B104F00700C0F10800BB
:1059A000044404F0070008B9012000E0002050B9C9
:1059B00000BF502080F31188BFF34F8FBFF36F8F6C
:1059C00000BF00BFFEE7002C52D037480068844279
:1059D0004ED8364E3046056801E02E462D68686880
:1059E000A04202D228680028F7D12D4800688542DD
:1059F0003ED0306800F10808286830606868001BF5
:105A0000102819D92F1907F0070008B9012000E064
:105A1000002050B900BF502080F31188BFF34F8F92
:105A2000BFF36F8F00BF00BFFEE76868001B7860A0
:105A30006C603846FFF7C4FC1B4968680968081A9F
:105A4000194908600846006819490968884203D264
:105A500015480068164908601249686809680843D3
:105A600068600020286013480068401C11490860E5
:105A700001F0D6FF08F0070008B9012000E000207F
:105A800050B900BF502080F31188BFF34F8FBFF390
:105A90006F8F00BF00BFFEE74046BDE8F081000009
:105AA00090000020A4000020940000208800002026
:105AB000980000209C000020001F4FF080730360BE
:105AC000001F21F001030360001F054B0360143821
:105AD0000260001F6FF0020303602038704700006F
:105AE000F557010810B52DED028B04469FED1D0AF8
:105AF000B0EE408AD4ED000A60EEA00A94ED011ADF
:105B0000D4ED011A41EE210A94ED021AD4ED021AE5
:105B100041EE210A94ED031AD4ED031A41EE210A55
:105B2000B0EE600AEBF7A0FBB0EE408A94ED000AFD
:105B300020EE080A84ED000A94ED010A20EE080A1E
:105B400084ED010A94ED020A20EE080A84ED020AAF
:105B500094ED030A20EE080A84ED030ABDEC028BE3
:105B600010BD0000000000004168002902DC9FED2C
:105B70000D0A70470268511C016041688A4201DBCE
:105B80004168016090ED000AF8EEC00A90ED010A4C
:105B9000B8EEC00A80EE801A80ED021A90ED020A7B
:105BA000E7E700000000000000220260416070474B
:105BB00010B50B48007990B10020094908710860C0
:105BC0003C210848F6F78CF93C210648EAF718FC16
:105BD00004490548F8F742FD0348F8F70BFD10BDEE
:105BE0000004002044C7002068C200202DE9FC41C9
:105BF00006460C461546601987B2FF208DF8000056
:105C00008DF801008DF802008DF803008DF8040076
:105C10008DF805008DF80600FE208DF8070008239A
:105C20006A4639463046EBF7BFFFBDE8FC8100000D
:105C300010B50146032200BF00BFEFF310831846E2
:105C400000BF72B600BF0B4B33F831308B4207D127
:105C5000084B03EBC1035B680BB1012200E0022299
:105C600000BF00BF80F3108800BF00BF00BF104618
:105C700010BD0000889000200021012108E00020D4
:105C8000054A22F8310002EBC1025060481CC1B243
:105C90001529F4DB002070478890002010B50246DB
:105CA000002101211CE0104830F83100B0B900BFDC
:105CB00000BFEFF31083184600BF72B600BF0A4B57
:105CC00023F8311003EBC1035A6000BF00BF80F31B
:105CD000108800BF00BF00BF084610BD481CC1B2FD
:105CE0001529E0DB0020F8E78890002030B5024657
:105CF0000B4601211BE0104830F83100904214D1CE
:105D000000BF00BFEFF31084204600BF72B600BF93
:105D1000094C04EBC104636000BF00BF80F310882E
:105D200000BF00BF00BF002030BD481CC1B2152914
:105D3000E1DB0120F8E7000088900020F3B52DEDAD
:105D4000020B81B006460D4605F5007087B201AC26
:105D500020788DF8000060788DF80100A0788DF82B
:105D60000200E0788DF8030004236A463946304685
:105D7000EBF71AFF05B0F0BD10B500EE100A2DEDDF
:105D8000028BB1EEC08A18EE100A20F00040C0F17C
:105D9000FF40C00F0AD010EE100A20F00040C0F102
:105DA000FF40C00F04BF0120FCF768FA18EE100A8C
:105DB000BDEC028B10BD10B501460020002207E0AB
:105DC0000B78303B00EB800403EB440318B2491C12
:105DD0000B78302B02DB0B78392BF1DD10BD000086
:105DE00004490978012904D103490968491C024A78
:105DF000116070479C03002098030020D0ED4B0AEF
:105E000090ED501A70EEC10AB0EE600ADFED270A7D
:105E1000B4EEE00AF1EE10FA05DDDFED250A70EED2
:105E2000600AB0EE600ADFED230AB4EEE00AF1EE9C
:105E300010FA05D2DFED1E0A70EE200AB0EE600AFD
:105E4000B5EEC00AF1EE10FA0DDDD0ED520AC0ED4C
:105E5000510AD0ED510AF4EEC00AF1EE10FA1BDD42
:105E600080ED510A18E0B5EEC00AF1EE10FA0FD23B
:105E7000D0ED520AF1EE600AC0ED510AD0ED510AA0
:105E8000F4EEC00AF1EE10FA06D280ED510A03E0FA
:105E9000DFED090AC0ED510AD0ED500A90ED511A1C
:105EA00070EE810AC0ED500A7047000000003443D4
:105EB0000000B443000034C3000000002DE9FF5F80
:105EC0002DED0A0B0546884691461F46DDE918ABC5
:105ED00000246E4685F8008085F80190E41CF07877
:105EE0002855B078611C68547078A11C68543078CB
:105EF000E11C6854241D01AEF0782855B078611C6F
:105F000068547078A11C68543078E11C6854241DD2
:105F100002AEF0782855B078611C68547078A11CE6
:105F200068543078E11C6854241D03AEF07828557D
:105F3000B078611C68547078A11C68543078E11CFA
:105F40006854241D04AEF0782855B078611C68545C
:105F50007078A11C68543078E11C6854241D05AE8B
:105F6000F0782855B078611C68547078A11C68548A
:105F70003078E11C6854201DC4B206AEF078285574
:105F8000B078611C68547078A11C68543078E11CAA
:105F90006854201DC4B207AEF0782855B078611C53
:105FA00068547078A11C68543078E11C6854201D36
:105FB000C4B208AEF0782855B078611C6854707887
:105FC000A11C68543078E11C6854201DC4B209AE8D
:105FD000F0782855B078611C68547078A11C68541A
:105FE0003078E11C6854201DC4B22F55390A601C5A
:105FF0002954A01CC4B205F804A0601CC4B205F862
:1060000004B0601CC4B2A01CA870A11C2846FDF7F7
:1060100057F8A01CC4B220460EB0BDE8F09F0000A7
:1060200000B585B0B148008800280ED1B048B0F95D
:1060300000000A280ADAAE480088401C00B2AC49C9
:10604000088000210220EDF7BFFB4DE1A848B0F920
:1060500000000F2816DA012008213222A5A3CDE97D
:106060000132CDE90310C82003460022A5A100900B
:10607000A548EDF7E3FD9E480088401C00B29C490E
:10608000088031E19A48B0F90000142816DA04209B
:106090000721282200239FED9D0ACDE90032CDE99A
:1060A00002109B4B00229BA19B48EDF79DFB904863
:1060B0000088401C00B28E49088015E18C48B0F978
:1060C0000000192806DA8A480088401C00B2884976
:1060D000088009E18648B0F900001E2818DA01207E
:1060E00003218B4A64325342CDE90132CDE90310DA
:1060F00087489630894B002289A100908948EDF7A6
:1061000043FD7B480088401C00B279490880EBE0E1
:106110007748B0F90000232818DA04200A21322237
:106120006FF081039FED790ACDE90032CDE90210CD
:106130004FF4167300227CA17C48EDF755FB6C48A8
:106140000088401C00B26A490880CDE06848B0F978
:106150000000282817DA062005214B2274A3CDE978
:106160000132CDE9031000204FF4FA73024672A108
:1061700000906548EDF762FD5D480088401C00B264
:106180005B490880B0E05A48B0F900002D2818DAC1
:1061900002201E216FF4ED724FF4F573CDE9013248
:1061A0005E4B0A330092CDE90310002263A16448DC
:1061B000EDF782FB4E480088401C00B24C49088035
:1061C00092E04B48B0F90000322816DA062005218B
:1061D0003C225CA3CDE90132CDE90310C8205C4B21
:1061E00000225CA100904848EDF728FD4048008857
:1061F000401C00B23E49088076E03D48B0F90000FE
:10620000372817DA04200821322264239FED3F0A41
:10621000CDE90032CDE902106FF4357300224EA1B2
:106220004E48EDF7E1FA32480088401C00B2304990
:10623000088059E02E48B0F900003C2816DA062004
:106240000821322246A3CDE90132CDE90310002016
:106250003F4B024644A100904448EDF7EFFC244830
:106260000088401C00B2224908803DE02048B0F977
:106270000000412818DA022003216FF4987250239D
:10628000CDE90132CDE903106FF027000A23002287
:1062900037A100903748EDF70FFB15480088401CE8
:1062A00000B2134908801FE01148B0F900004628E9
:1062B00017DA022003216FF07C025023CDE901326E
:1062C0006FF009030092CDE9031000222AA12B48A8
:1062D000EDF7F2FA06480088401C00B20449088035
:1062E00002E001200149088005B000BD76020020CF
:1062F00074020020776861742063616E20692073E6
:106300006179000063696100689500200000000069
:10631000A8FDFFFF73706900B3950020D4FEFFFF56
:106320006A7800002B960020666E6E00959500201E
:1063300073686F6F7400000073686F006C696E00A3
:106340002C9500206175746F2061696D000000005C
:106350007CFCFFFF6175740061696D00A4950020ED
:106360007370696E0000000073700000C295002019
:106370006C6932003B950020336D00004A95002087
:10638000B0EE401A30EEC10AF0EE401AB0EE412AEB
:1063900000EE100AB8EEC00A60EE212A01228A40FF
:1063A000521E00EE102AB8EEC03A82EE830A30EE9A
:1063B000020A704791ED000AB1EE400A80ED010A31
:1063C00091ED010AB1EE400A80ED020A91ED020A58
:1063D000B1EE400A80ED030A91ED000A80ED040A57
:1063E00091ED020A80ED060A91ED010AB1EE400A34
:1063F00080ED070A91ED010A80ED080A91ED020A8D
:10640000B1EE400A80ED090A91ED000A80ED0B0A19
:1064100091ED020A80ED0C0A91ED010A80ED0D0A62
:1064200091ED000AB1EE400A80ED0E0A7047014678
:106430000A69D1E901309860D1E9010358605068D8
:10644000884201D188685060002008611068401EB1
:1064500010601068704700002DE9F041044614B93F
:106460000648006800E0204607463D6B2846FFF7D7
:10647000B5F906463046BDE8F0810000380000203E
:10648000034B0360034B0B608023136070470000D5
:10649000C004002014050020034B0360034B0B6075
:1064A0004FF48073136070471407002068070020C2
:1064B00000F1080141604FF0FF31816000F10801F7
:1064C000C1600161002101607047002101617047D6
:1064D00010B502460B685C1C0CB9106907E002F1AC
:1064E000080000E04068446824689C42FAD9446887
:1064F0004C604C68A160886041600A611468641C4B
:10650000146010BD42684A6093688B60936859605C
:106510009160086103685B1C0360704700BF5020F6
:1065200080F31188BFF34F8FBFF36F8F00BF0E480A
:106530000068401C0C49086008460068012812D118
:106540000A480068C0B208B9012000E0002050B934
:1065500000BF502080F31188BFF34F8FBFF36F8FC0
:1065600000BF00BFFEE77047A800002004ED00E078
:106570000D48006850B900BF502080F31188BFF368
:106580004F8FBFF36F8F00BF00BFFEE70648006864
:10659000401E054908600846006820B9002080F3C5
:1065A000118800BF00BF7047A800002070B50646E4
:1065B0003546002E44D0083D2C46224960680968C3
:1065C000084008B1012000E0002050B900BF502071
:1065D00080F31188BFF34F8FBFF36F8F00BF00BFF1
:1065E000FEE7206808B9012000E0002050B900BF94
:1065F000502080F31188BFF34F8FBFF36F8F00BF20
:1066000000BFFEE70F49606809680840C0B1206814
:10661000B0B90C49606809688843606000F060FAAE
:106620000949606809680844074908602046FEF780
:10663000C7FE06480068401C0449086001F0F0F9F4
:1066400070BD0000A400002094000020A0000020E5
:1066500000204FF0E02108618861064800684FF48F
:106660007A71B0FBF1F0401E4FF0E0214861072045
:10667000086170473400002070B5E9F7EBFD04466F
:10668000102C16D304F1E02090F8F0531548007850
:10669000854201DB012000E0002050B900BF5020FE
:1066A00080F31188BFF34F8FBFF36F8F00BF00BF20
:1066B000FEE70D48006800F4E0600C490968884274
:1066C00001D8012000E0002050B900BF502080F325
:1066D0001188BFF34F8FBFF36F8F00BF00BFFEE77E
:1066E00070BD0000AC0000200CED00E0B000002008
:1066F000024600200BE0084B53F8303033B9064B0C
:1067000043F8301003EBC0035A6002E0401C082835
:10671000F1D300BF70470000CC1000202DE9F041FC
:1067200005460E4617462C46FFF7F8FE94F944003E
:10673000401C10B9002084F8440094F94500401C26
:1067400010B9002084F84500FFF712FFA06B28B9AC
:106750003A46314604F1240000F046F92046FFF79E
:1067600076F8BDE8F081000070B504460025D4B18C
:106770001248006808B9012000E0002050B900BFAD
:10678000502080F31188BFF34F8FBFF36F8F00BF8E
:1067900000BFFEE700F0A4F900212046FEF756FBFB
:1067A00001F03EF905463DB94FF0805004490860BC
:1067B000BFF34F8FBFF36F8F70BD000070000020DC
:1067C00004ED00E02DE9F04704460F464FF00009C4
:1067D00054B900BF502080F31188BFF34F8FBFF32F
:1067E0006F8F00BF00BFFEE70FB1012000E0002067
:1067F00050B900BF502080F31188BFF34F8FBFF313
:106800006F8F00BF00BFFEE72048006808B9012075
:1068100000E0002050B900BF502080F31188BFF382
:106820004F8FBFF36F8F00BF00BFFEE700F058F936
:10683000174806682068C5192068B04207D9206843
:10684000A8420BD9B54209D94FF0010906E02068EA
:10685000A84201D8B54201D94FF001092560B9F12C
:10686000000F03D0A81B0021FEF7F0FA01F0D8F8C2
:106870008046B8F1000F07D14FF0805005490860FD
:10688000BFF34F8FBFF36F8FBDE8F087700000201C
:106890004C00002004ED00E070B50546FFF73EFE19
:1068A00015B93048006800E028460446201DFFF76F
:1068B000BEFD78B9E06A00EB80002B4951F820005A
:1068C00040B994F82C100120884028490968814378
:1068D00026480160A06A18B104F11800FFF7A7FD6F
:1068E00023480068401C224908601E480068844212
:1068F00009D1211D1F48FFF705FE1F480068401CF5
:106900001D49086009E01D480068401E1B490860D9
:106910002046FEF7F3FBFEF7DFFEFFF729FE1848DF
:106920000068E8B10F480068844219D11548006832
:1069300008B9012000E0002050B900BF502080F3CA
:106940001188BFF34F8FBFF36F8F00BF00BFFEE70B
:106950004FF080500C490860BFF34F8FBFF36F8F2B
:1069600070BD0000380000200C11002050000020F5
:1069700064000020D41100204400002048000020C2
:10698000540000207000002004ED00E00349096875
:106990000160034909684160704700006000002001
:1069A0004C00002001200149086070475C00002075
:1069B00070B504460D4654B900BF502080F31188CD
:1069C000BFF34F8FBFF36F8F00BF00BFFEE70548D7
:1069D000016818312046FFF77BFD01212846FEF7AC
:1069E00035FA70BD3800002070B505460E461446D5
:1069F00055B900BF502080F31188BFF34F8FBFF30C
:106A00006F8F00BF00BFFEE70648016818312846B7
:106A1000FFF778FD0CB14FF0FF3621463046FEF708
:106A200015FA70BD3800002010B586B00020059022
:106A3000049003AA04A905A8FFF722FD0022DDE9BE
:106A400004101346CDE9002102901EA11F48039AAD
:106A500000F014FE1E4908600846006808B10124D1
:106A600000E00024012C02D101F0B0F80446012C12
:106A700015D100BF502080F31188BFF34F8FBFF3B3
:106A80006F8F00BF4FF0FF3012490860012012499C
:106A9000086000201149086000F002FA10E0601C54
:106AA00008B1012000E0002050B900BF502080F361
:106AB0001188BFF34F8FBFF36F8F00BF00BFFEE79A
:106AC00006B010BD49444C4500000000F1510108DA
:106AD0006C00002068000020540000204C000020C2
:106AE00002480068401C014908607047700000209F
:106AF0001D48006818B101201C49086032E00020E0
:106B00001A4908601A480068B0FA80F0C0F11F0105
:106B100001EB8100174A52F8200008B1012000E083
:106B2000002050B900BF502080F31188BFF34F8F71
:106B3000BFF36F8F00BF00BFFEE701EB81020D4B7B
:106B400003EB820042685268426000F10802436829
:106B5000934202D14268526842604268D268064B52
:106B60001A6000BF70470000700000205C00002029
:106B7000500000200C1100203800002070B50546A0
:106B80000C4600260DB1022C01D8002070BDA11EBC
:106B90004FF6FF722846FDF7B1FA0646F1B2A01E85
:106BA000285C814206D1601E285CB0EB162F01D113
:106BB0000120EBE70020E9E770B505460C4600260A
:106BC0000DB1022C01DC002070BD601E81B2FF22DD
:106BD0002846FDF7ADFA0646601E285CB04201D19A
:106BE0000120F1E70020EFE770B52DED028B90B0AA
:106BF00006463446002506E014F8012B2846691C99
:106C0000CDB203A90A5420782C28F5D1002003A97D
:106C1000485503A8FFF7CFF82B4908800025641CCE
:106C200006E014F8012B2846691CCDB203A90A54CA
:106C300020782C28F5D1002003A9485503A8FAF79D
:106C4000ABFBB0EE408AF0EE608A51EC180BE9F72E
:106C5000CFFD1E4908600025641C06E014F8012BD6
:106C60002846691CCDB203A90A5420780D28F5D115
:106C7000002003A9485503A8FFF79DF81449088090
:106C800012480068E9F770FD41EC180B10480088C5
:106C900002908DED008B0C4802880EA11448F9F784
:106CA000FDFE1E2212491348EBF76FFB074890EDDB
:106CB000000A114880ED010A034800880E49088047
:106CC00010B0BDEC028B70BDA8030020AC03002007
:106CD000AA03002073616D706C65733A20252E64E1
:106CE0002C20252E35662C20252E640D0A00000050
:106CF00048C20020AC7F00206C0300202DED108BDB
:106D00009EB000BFF9F7C6FE04465448D0F808020A
:106D1000B0F9060000EE100AB8EEC00A8DED1D0AAB
:106D20004E48B0F9FC0300EE100AB8EEC00A8DED33
:106D30001C0AE1680846E9F717FD41EC180B4748C3
:106D400090ED890A10EE101A0846E9F70DFD41ECA6
:106D5000190B424890ED0B0A10EE101A0846E9F79D
:106D600003FD41EC1A0B3E4890ED110A10EE101A8B
:106D70000846E9F7F9FC41EC1B0B394890ED090A8C
:106D800010EE101A0846E9F7EFFC41EC1C0B3348F3
:106D900090ED0D0A10EE101A0846E9F7E5FC41ECFB
:106DA0001D0B21680846E9F7DFFC41EC1E0BA169C9
:106DB0000846E9F7D9FC9FED2B0B53EC102BCDE9DE
:106DC00014019DED140B51EC100BE9F7DBFB41ECCA
:106DD0001F0B224890ED8C0A10EE101A0846E9F7B6
:106DE000C3FCCDE91A011D4890ED8B0A10EE101A74
:106DF0000846E9F7B9FCCDE9180161690846E9F7E9
:106E0000B3FCCDE91601E07F14908DED128B8DED72
:106E1000109B8DED0EAB8DED0CBB8DED0ACB8DED8A
:106E200008DB8DED06EB8DED04FB9DED1A0B8DED72
:106E3000020B9DED180B8DED000B9DED160B53EC29
:106E4000102B0A490A48F9F729FE64220849094823
:106E5000EBF79BFA0A20FDF7B7FC53E73C960020BE
:106E6000D08500206666666666A64C402C8C0108BC
:106E7000E4C10020AC7F002000B587B01C22064989
:106E80006846E9F7A4FA00216846FDF7C6FC034905
:106E9000086007B000BD00005481010860030020B5
:106EA0001CB5524800685249884201D0012000E0D8
:106EB000002050B900BF502080F31188BFF34F8FDE
:106EC000BFF36F8F00BF00BFFEE748480068484926
:106ED000491E884201D0012000E0002050B900BFC7
:106EE000502080F31188BFF34F8FBFF36F8F00BF27
:106EF00000BFFEE73F49084600780190FF200A46A0
:106F000010700846007800909DF8000000F0F00036
:106F10009DF80020904201D1012000E0002050B9EE
:106F200000BF502080F31188BFF34F8FBFF36F8FE6
:106F300000BF00BFFEE79DF8000000F050002E4AA1
:106F4000107007202D4A106009E02C480068401E90
:106F50002A4A10609DF800004006000E00909DF83F
:106F6000000000F080008028EFD024480068C0F1C5
:106F70000700042801D1012000E0002050B900BF23
:106F8000502080F31188BFF34F8FBFF36F8F00BF86
:106F900000BFFEE7194800680002184A106010465A
:106FA000008800F4E0601060124A019810700F48E9
:106FB0002030006840F470000C4920310860084619
:106FC000006840F070400860FFF742FB00200C4969
:106FD0000860E9F707F90B48006840F040400949AC
:106FE0000860E9F7EBF800201CBD000000ED00E0B0
:106FF00071C20F4100E400E0AC000020B0000020AE
:10700000A800002034EF00E02DE9F84380460E464A
:1070100017461D46DDF82090B8F1000F01D0012081
:1070200000E0002050B900BF502080F31188BFF36A
:107030004F8FBFF36F8F00BF00BFFEE70DB1012080
:1070400000E0002050B900BF502080F31188BFF34A
:107050004F8FBFF36F8F00BF00BFFEE707B10EB1C8
:10706000012000E0002050B900BF502080F31188BB
:10707000BFF34F8FBFF36F8F00BF00BFFEE707B9AD
:107080000EB9012000E0002050B900BF502080F36D
:107090001188BFF34F8FBFF36F8F00BF00BFFEE7B4
:1070A000482000900098482801D1012000E00020ED
:1070B00050B900BF502080F31188BFF34F8FBFF34A
:1070C0006F8F00BF00BFFEE700BF2C464CB1012010
:1070D00084F846004B463A46314640460094FEF757
:1070E0009BF82046BDE8F88370B505460E462C4651
:1070F00054B900BF502080F31188BFF34F8FBFF306
:107100006F8F00BF00BFFEE7FFF708FAD4E90F1248
:10711000206801FB0200A0600020A063206860607E
:10712000E06B401E226C216800FB0211E160FF2031
:1071300084F8440084F845009EB9206908B901200C
:1071400000E00020A8B904F1100000F01DFC80B19F
:107150004FF0805009490860BFF34F8FBFF36F8F26
:1071600007E004F11000FFF7A3F904F12400FFF792
:107170009FF9FFF7FDF9012070BD000004ED00E06C
:107180002DE9FF4383B0064688461D464FF00009AF
:10719000344654B900BF502080F31188BFF34F8F9D
:1071A000BFF36F8F00BF00BFFEE7B8F1000F01D142
:1071B000206C08B9012000E0002050B900BF502029
:1071C00080F31188BFF34F8FBFF36F8F00BF00BFF5
:1071D000FEE7022D02D1E06B012801D1012000E081
:1071E000002050B900BF502080F31188BFF34F8FAB
:1071F000BFF36F8F00BF00BFFEE700F09DFA08B934
:10720000059808B9012000E0002050B900BF5020C7
:1072100080F31188BFF34F8FBFF36F8F00BF00BFA4
:10722000FEE700BFFFF77AF9A06BE16B884201D35C
:10723000022D28D12A4641462046FDF720FF074669
:10724000606A08B9012000E0002068B904F1240058
:1072500000F09AFB88B14FF0805032490860BFF3CC
:107260004F8FBFF36F8F08E03FB14FF080502D4933
:107270000860BFF34F8FBFF36F8FFFF779F90120DD
:1072800007B0BDE8F083059818B9FFF771F9002041
:10729000F6E7B9F1000F04D101A8FFF777FB4FF033
:1072A0000109FFF765F9FFF71BFCFFF737F994F9C0
:1072B0004400401C10B9002084F8440094F94500B3
:1072C000401C10B9002084F84500FFF751F905A9CA
:1072D00001A800F05BF9F0B92046FEF7DEF8A0B196
:1072E00004F110000599FFF763FB2046FEF7AFFAA3
:1072F00000F096FB002895D14FF0805009490860B6
:10730000BFF34F8FBFF36F8F8CE72046FEF79FFAD6
:1073100000F086FB86E72046FEF799FA00F080FB36
:107320000020ADE704ED00E02DE9F84F07468A465E
:1073300090461E463C4654B900BF502080F3118849
:10734000BFF34F8FBFF36F8F00BF00BFFEE7BAF1EF
:10735000000F01D1206C08B9012000E0002050B9D5
:1073600000BF502080F31188BFF34F8FBFF36F8FA2
:1073700000BF00BFFEE7022E02D1E06B012801D161
:10738000012000E0002050B900BF502080F3118898
:10739000BFF34F8FBFF36F8F00BF00BFFEE7FFF754
:1073A0006BF900BF5021EFF3118081F31188BFF317
:1073B0004F8FBFF36F8F00BF0546A06BE16B884214
:1073C00001D3022E25D194F945B0A06B009032462E
:1073D00051462046FDF753FE0BF1010088B9606A63
:1073E00008B9012000E0002050B904F1240000F0A9
:1073F000CBFA28B1B8F1000F02D00120C8F8000084
:1074000004E00BF1010040B284F845004FF001099F
:1074100001E04FF0000900BF85F3118800BF484626
:10742000BDE8F88F2DE9F74183B005460E464FF0D1
:1074300000082C4654B900BF502080F31188BFF3D8
:107440004F8FBFF36F8F00BF00BFFEE70EB9206CF8
:1074500008B9012000E0002050B900BF502080F39F
:107460001188BFF34F8FBFF36F8F00BF00BFFEE7E0
:1074700000F062F908B9059808B9012000E0002081
:1074800050B900BF502080F31188BFF34F8FBFF376
:107490006F8F00BF00BFFEE700BFFFF73FF8A76B8D
:1074A000F7B131462046FDF7D5FD781EA06320696F
:1074B00008B9012000E0002060B904F1100000F0DC
:1074C00063FA38B14FF080502F490860BFF34F8FF7
:1074D000BFF36F8FFFF74CF8012006B0BDE8F081D5
:1074E000059818B9FFF744F80020F6E7B8F1000F47
:1074F00004D101A8FFF74AFA4FF00108FFF738F866
:10750000FFF7EEFAFFF70AF894F94400401C10B9AF
:10751000002084F8440094F94500401C10B9002074
:1075200084F84500FFF724F805A901A800F02EF81B
:10753000F0B92046FDF7A4FFA0B104F1240005999D
:10754000FFF736FA2046FEF782F900F069FA0028C4
:10755000A3D14FF080500C490860BFF34F8FBFF3A9
:107560006F8F9AE72046FEF772F900F059FA94E718
:107570002046FEF76CF900F053FA2046FDF780FF35
:1075800000288AD00020A8E704ED00E070B5054689
:107590000C4655B900BF502080F31188BFF34F8FC0
:1075A000BFF36F8F00BF00BFFEE754B900BF50208C
:1075B00080F31188BFF34F8FBFF36F8F00BF00BF01
:1075C000FEE7FEF7ABFF124802686868131A2068EE
:1075D000401C08B9002617E00E492868096888424F
:1075E00004D06868904201D801260DE020689842D6
:1075F00007D92068C01A20602846FFF7C7F900267F
:1076000002E0002020600126FEF7B2FF304670BD88
:107610004C000020600000202DE9FF4F85B080461F
:1076200089461746DDE912ABB800FEF79FF906461A
:1076300056B15420FEF79AF904460CB1266304E0D3
:107640003046FEF7B3FF00E000248CB1002084F840
:107650005100CDE900ABCDE902403A4649464046EB
:10766000089BFDF7ECFD2046FDF73CFC012501E001
:107670004FF0FF35284609B0BDE8F08F2DE9F04FF7
:1076800085B00746884691469A46DDE90EB6109CBD
:107690000EB1012000E0002050B900BF502080F35F
:1076A0001188BFF34F8FBFF36F8F00BF00BFFEE79E
:1076B0000CB1012000E0002050B900BF502080F341
:1076C0001188BFF34F8FBFF36F8F00BF00BFFEE77E
:1076D000542003900398542801D1012000E0002099
:1076E00050B900BF502080F31188BFF34F8FBFF314
:1076F0006F8F00BF00BFFEE700BFB4B1AEB125463B
:107700002C462E63022085F85100002004A9534620
:107710004A46CDE900B1CDE9025041463846FDF771
:107720008EFD2846FDF7DEFB01E000200490049862
:1077300005B0BDE8F08F00000549096809B90120CE
:1077400005E00449096809B9022000E000207047FB
:1077500054000020700000200149086870470000B4
:107760004C00002070B5FEF787FF00250148046833
:10777000204670BD4C0000202DE9F0414FF000087C
:107780004448006800287CD143480068451C4248B2
:10779000056015BB41480068006808B9012000E099
:1077A000002050B900BF502080F31188BFF34F8FE5
:1077B000BFF36F8F00BF00BFFEE738480768384847
:1077C0000068364908603648076036480068401C43
:1077D00034490860FDF780FF00BF334800688542E8
:1077E0003CD300BF2D480068006808B9012000E0C4
:1077F000002020B14FF0FF302B4908602DE02748D2
:107800000068C068C4686668B54202D2264806604F
:1078100023E0201DFEF70BFEA06A18B104F118004A
:10782000FEF705FE94F82C10012088401F490968D6
:1078300008431E490860E16A01EB81011C4A02EB22
:107840008100211DFEF75EFE1A49E06A0968C96AD7
:107850008842C7D34FF00108C4E700BF154800684D
:10786000C06A00EB8000124951F82000012801D9BC
:107870004FF001081048006808B14FF0010805E01A
:10788000FFE70E480068401C0C4908604046BDE810
:10789000F0810000700000204C0000203C0000201F
:1078A0004000002060000020680000205000002000
:1078B0000C110020380000205C000020580000203F
:1078C00070B505462C460026002D55D02B48006883
:1078D000844201D1012000E0002050B900BF5020B7
:1078E00080F31188BFF34F8FBFF36F8F00BF00BFCE
:1078F000FEE7A06C50B900BF502080F31188BFF3A1
:107900004F8FBFF36F8F00BF00BFFEE7A06C401E1C
:10791000A064616CE06A88422ED0A06C60BB201D20
:10792000FEF785FD78B9E06A00EB8000144951F854
:10793000200040B994F82C100120884011490968B2
:10794000814310480160606CE062E06AC0F10700AA
:10795000A06194F82C10012088400A490968084366
:1079600008490860E16A01EB8101054A02EB8100E8
:10797000211DFEF7C7FD0126304670BD38000020EE
:107980000C1100205000002070B50646F068C46855
:1079900054B900BF502080F31188BFF34F8FBFF35D
:1079A0006F8F00BF00BFFEE704F11800FEF73FFD38
:1079B00015480068A8B9201DFEF739FD94F82C1071
:1079C0000120884011490968084310490860E16AAC
:1079D00001EB81010E4A02EB8100211DFEF792FDB1
:1079E00004E004F118010B48FEF78CFD0A49E06A37
:1079F0000968C96A884204D901250120074908603D
:107A000000E00025284670BD7000002050000020D6
:107A10000C110020C0110020380000205C00002064
:107A200070B5002400263648006850B900BF5020C9
:107A300080F31188BFF34F8FBFF36F8F00BF00BF7C
:107A4000FEE7FEF76BFD2E480068401E2C490860DB
:107A50000846006800284FD12A48006800284BD00B
:107A600024E02948C068C46804F11800FEF7DFFC70
:107A7000201DFEF7DCFC94F82C10012088402349DF
:107A80000968084321490860E16A01EB8101204A45
:107A900002EB8100211DFEF735FD1E49E06A0968F1
:107AA000C96A884202D301201B4908601648006851
:107AB00008B9012000E000200028D2D00CB1FDF769
:107AC0000BFE1648056865B100BFFFF755FE10B103
:107AD0000120114908606D1E002DF6D100200F49CC
:107AE00008600D48006838B1012630070C4908606D
:107AF000BFF34F8FBFF36F8FFEF73AFD304670BD77
:107B00007000002048000020C0110020500000201C
:107B10000C110020380000205C00002058000020DC
:107B200004ED00E02DE9FC4705460E461746984651
:107B3000DDF828902820FDF719FF044654B10020F5
:107B400084F8240043463A4631462846CDE900945D
:107B5000FDF7D4FB2046BDE8FC872DE9FC4706462F
:107B60000F4690469946DDE90AA528200190019824
:107B7000282801D1012000E0002050B900BF50208A
:107B800080F31188BFF34F8FBFF36F8F00BF00BF2B
:107B9000FEE700BF55B900BF502080F31188BFF346
:107BA0004F8FBFF36F8F00BF00BFFEE72C4654B16D
:107BB000022084F824004B46424639463046CDE93F
:107BC00000A4FDF79BFB2046BDE8FC8710B586B0FE
:107BD0000024FDF7E1F916480068D0B100200590B7
:107BE000049003AA04A905A8FEF756FC0222DDE9C9
:107BF00004100023CDE9002102900EA10F48039A42
:107C0000FFF73CFD0E4908600846006800B10124FA
:107C100000BF54B900BF502080F31188BFF34F8FCD
:107C2000BFF36F8F00BF00BFFEE7204606B010BD58
:107C30007C000020546D7220537663003558010893
:107C4000800000202DE9FE4304460D4616461F46DF
:107C5000DDF828804FF0000954B900BF502080F3B0
:107C60001188BFF34F8FBFF36F8F00BF00BFFEE7D8
:107C70001448006810B3009501960294062D15DA99
:107C8000FFF75AFD022808D10023424669460D48F5
:107C90000068FFF775FA814610E000231A4669462E
:107CA00008480068FFF76CFA814607E000233A466F
:107CB000694604480068FFF737FB81464846BDE83F
:107CC000FE8300007C000020A88B010895D00008EE
:107CD000FEFF0000000000000001000000000000A6
:107CE000000000000006101600061016000000003C
:107CF000000000000102030406070809000000005C
:107D000001020304FF005EBCE2613FDD83C29C7E92
:107D100020A3FD1F419DC3217FFCA2401E5F01E304
:107D2000BD3E6082DC237D9FC1421CFEA0E1BF5DA1
:107D30000380DE3C62BEE0025CDF81633D7C22C0EA
:107D40009E1D43A1FF4618FAA427799BC584DA3803
:107D500066E5BB5907DB856739BAE406581947A5BC
:107D6000FB7826C49A653BD987045AB8E6A7F91B65
:107D700045C6987A24F8A6441A99C7257B3A6486A2
:107D8000D85B05E7B98CD2306EEDB3510F4E10F2CF
:107D9000AC2F7193CD114FADF3702ECC92D38D6F6C
:107DA00031B2EC0E50AFF1134DCE90722C6D33D139
:107DB0008F0C52B0EE326C8ED0530DEFB1F0AE4C52
:107DC0001291CF2D73CA947628ABF517490856B493
:107DD000EA6937D58B5709EBB536688AD495CB2934
:107DE00077F4AA4816E9B7550B88D6346A2B7597ED
:107DF000C94A14F6A8742AC896154BA9F7B6E80A1A
:107E000054D7896B3500FFFF0000891112239B3284
:107E10002446AD573665BF74488CC19D5AAFD3BE5A
:107E20006CCAE5DB7EE9F7F88110080193331A226A
:107E3000A5562C47B7753E64C99C408DDBBF52AE3A
:107E4000EDDA64CBFFF976E802218B30100299134A
:107E50002667AF763444BD554AADC3BC588ED19F1A
:107E60006EEBE7FA7CC8F5D983310A20911218032A
:107E7000A7772E66B5543C45CBBD42ACD99E508FFA
:107E8000EFFB66EAFDD874C904428D5316619F70FA
:107E90002004A9153227BB364CCEC5DF5EEDD7FCDA
:107EA0006888E1997AABF3BA85520C4397711E60EA
:107EB000A1142805B3373A26CDDE44CFDFFD56ECBA
:107EC000E9986089FBBB72AA06638F7214409D51CA
:107ED0002225AB343006B9174EEFC7FE5CCCD5DD9A
:107EE0006AA9E3B8788AF19B87730E6295501C41AA
:107EF000A3352A24B1163807CFFF46EEDDDC54CD7A
:107F0000EBB962A8F99A708B088481951AA793B689
:107F10002CC2A5D33EE1B7F04008C919522BDB3A79
:107F2000644EED5F766DFF7C899400859BB712A649
:107F3000ADD224C3BFF136E0C1184809D33B5A2A59
:107F4000E55E6C4FF77D7E6C0AA583B41886919729
:107F50002EE3A7F23CC0B5D14229CB38500AD91B39
:107F6000666FEF7E744CFD5D8BB502A49996108709
:107F7000AFF326E2BDD034C1C3394A28D11A580B19
:107F8000E77F6E6EF55C7C4D0CC685D71EE597F4D9
:107F90002880A1913AA3B3B2444ACD5B5669DF78F9
:107FA000600CE91D722FFB3E8DD604C79FF516E4C9
:107FB000A9902081BBB332A2C55A4C4BD7795E68D9
:107FC000E11C680DF33F7A2E0EE787F61CC495D5A9
:107FD0002AA1A3B03882B193466BCF7A5448DD59B9
:107FE000622DEB3C700EF91F8FF706E69DD414C589
:107FF000ABB122A0B9923083C77B4E6AD5585C4999
:10800000E33D6A2CF11E780F40AC037D040141036F
:10801000057C00026D0D026D090200005AF8F63F62
:108020005D896EBFD5A9183B0B080141090242C00A
:10803000030A0B04B48B010889CF0008000000007C
:10804000000000000004000000000000000000002C
:10805000C08B0108B94200080000000000000000C9
:10806000000100000000000000000000D08B0108AB
:1080700079A70008000000000000000000010000D7
:108080000000000000000000DC8B0108D94500085A
:1080900000000000000000000001000000000000DF
:1080A00000000000E88B01083940000800000000D3
:1080B00000000000000100000000000000000000BF
:1080C000F48B0108DD29000800000000000000001A
:1080D000000100000000000000000000048C010806
:1080E000D151000800000000000000000001000065
:1080F00000000000000000008DD600080000000015
:10810000108C010885C90008000000000000000074
:108110000001000000000000000000001C8C0108AD
:10812000893300080000000000000000000100008A
:1081300000000000000000007C8C010819370108D5
:10814000000000000000000000010000000000002E
:10815000000000008C8C0108FD6C0108000000008C
:10816000000000000001000000000000000000000E
:10817000E15D010800000000CDCC4C3ECDCC4C3E72
:10818000CDCC4C3E00000000920E493CB10AC93CE7
:108190002BC3163D2EFB483D752B7B3D04A9963D18
:1081A00080B6AF3D36BDC83D2FBCE13D73B2FA3D50
:1081B00087CF093E8340163EB5AB223EA2102F3E2C
:1081C000CF6E3B3EC2C5473E0115543E135C603E38
:1081D0007F9A6C3ECCCF783EC07D823E938E883EA7
:1081E000229A8E3E32A0943E86A09A3EE59AA03E08
:1081F000128FA63ED47CAC3EEF63B23E2A44B83E1A
:10820000491DBE3E15EFC33E53B9C93ECA7BCF3EA2
:108210004136D53E80E8DA3E4F92E03E7533E63E89
:10822000BBCBEB3EEA5AF13ECBE0F63E275DFC3E8F
:10823000E4E7003F3D9C033F824B063F9BF5083F30
:108240006B9A0B3FDA390E3FCDD3103F2A68133FAC
:10825000D9F6153FC07F183FC6021B3FD17F1D3F97
:10826000CBF61F3F9967223F25D2243F5636273F42
:108270001594293F4AEB2B3FDE3B2E3FBB85303F19
:10828000C9C8323FF304353F233A373F4268393F8C
:108290003B8F3B3FF9AE3D3F67C73F3F70D8413F03
:1082A00001E2433F03E4453F65DE473F12D1493FCA
:1082B000F8BB4B3F029F4D3F207A4F3F3D4D513F12
:1082C0004918533F31DB543FE595563F5348583FDB
:1082D0006AF2593F1A945B3F532D5D3F05BE5E3FE6
:1082E0002146603F97C5613F5A3C633F59AA643FAE
:1082F000880F663FD86B673F3CBF683FA7096A3F5E
:108300000C4B6B3F5E836C3F93B26D3F9ED86E3FCC
:1083100073F56F3F0809713F5213723F4714733F63
:10832000DD0B743F0BFA743FC6DE753F07BA763F2C
:10833000C58B773FF853783F9812793F9DC7793FB7
:1083400002737A3FBE147B3FCDAC7B3F283B7C3F22
:10835000C9BF7C3FAC3A7D3FCCAB7D3F23137E3F12
:10836000B0707E3F6DC47E3F580E7F3F6D4E7F3FA5
:10837000AB847F3F0FB17F3F97D37F3F43EC7F3F7D
:1083800011FB7F3F0000803F11FB7F3F43EC7F3FAD
:1083900097D37F3F0FB17F3FAB847F3F6D4E7F3FD1
:1083A000580E7F3F6DC47E3FB0707E3F23137E3FEB
:1083B000CCAB7D3FAC3A7D3FC9BF7C3F283B7C3F87
:1083C000CDAC7B3FBE147B3F02737A3F9DC7793FA4
:1083D0009812793FF853783FC58B773F07BA763FBD
:1083E000C6DE753F0BFA743FDD0B743F4714733FD5
:1083F0005213723F0809713F73F56F3F9ED86E3F6D
:1084000093B26D3F5E836C3F0C4B6B3FA7096A3F95
:108410003CBF683FD86B673F880F663F59AA643FEF
:108420005A3C633F97C5613F2146603F05BE5E3FB2
:10843000532D5D3F1A945B3F6AF2593F5348583FB2
:10844000E595563F31DB543F4918533F3D4D513F71
:10845000207A4F3F029F4D3FF8BB4B3F12D1493F1F
:1084600065DE473F03E4453F01E2433F70D8413FAB
:1084700067C73F3FF9AE3D3F3B8F3B3F4268393FC7
:10848000233A373FF304353FC9C8323FBB85303FFD
:10849000DE3B2E3F4AEB2B3F1594293F5636273FB4
:1084A00025D2243F9967223FCBF61F3FD17F1D3F46
:1084B000C6021B3FC07F183FD9F6153F2A68133FFD
:1084C000CDD3103FDA390E3F6B9A0B3F9BF5083F37
:1084D000824B063F3D9C033FE4E7003F275DFC3EA7
:1084E000CBE0F63EEA5AF13EBBCBEB3E7533E63EBF
:1084F0004F92E03E80E8DA3E4136D53ECA7BCF3E21
:1085000053B9C93E15EFC33E491DBE3E2A44B83E8D
:10851000EF63B23ED47CAC3E128FA63EE59AA03EFD
:1085200086A09A3E32A0943E229A8E3E938E883E3A
:10853000C07D823ECCCF783E7F9A6C3E135C603E1D
:108540000115543EC2C5473ECF6E3B3EA2102F3EA2
:10855000B5AB223E8340163E87CF093E73B2FA3D4B
:108560002FBCE13D36BDC83D80B6AF3D04A9963D68
:10857000752B7B3D2EFB483D2BC3163DB10AC93CF4
:10858000920E493C00000000920E49BCB10AC9BCE1
:108590002BC316BD2EFB48BD752B7BBD04A996BD14
:1085A00080B6AFBD36BDC8BD2FBCE1BD73B2FABD4C
:1085B00087CF09BE834016BEB5AB22BEA2102FBE28
:1085C000CF6E3BBEC2C547BE011554BE135C60BE34
:1085D0007F9A6CBECCCF78BEC07D82BE938E88BEA3
:1085E000229A8EBE32A094BE86A09ABEE59AA0BE04
:1085F000128FA6BED47CACBEEF63B2BE2A44B8BE16
:10860000491DBEBE15EFC3BE53B9C9BECA7BCFBE9E
:108610004136D5BE80E8DABE4F92E0BE7533E6BE85
:10862000BBCBEBBEEA5AF1BECBE0F6BE275DFCBE8B
:10863000E4E700BF3D9C03BF824B06BF9BF508BF2C
:108640006B9A0BBFDA390EBFCDD310BF2A6813BFA8
:10865000D9F615BFC07F18BFC6021BBFD17F1DBF93
:10866000CBF61FBF996722BF25D224BF563627BF3E
:10867000159429BF4AEB2BBFDE3B2EBFBB8530BF15
:10868000C9C832BFF30435BF233A37BF426839BF88
:108690003B8F3BBFF9AE3DBF67C73FBF70D841BFFF
:1086A00001E243BF03E445BF65DE47BF12D149BFC6
:1086B000F8BB4BBF029F4DBF207A4FBF3D4D51BF0E
:1086C000491853BF31DB54BFE59556BF534858BFD7
:1086D0006AF259BF1A945BBF532D5DBF05BE5EBFE2
:1086E000214660BF97C561BF5A3C63BF59AA64BFAA
:1086F000880F66BFD86B67BF3CBF68BFA7096ABF5A
:108700000C4B6BBF5E836CBF93B26DBF9ED86EBFC8
:1087100073F56FBF080971BF521372BF471473BF5F
:10872000DD0B74BF0BFA74BFC6DE75BF07BA76BF28
:10873000C58B77BFF85378BF981279BF9DC779BFB3
:1087400002737ABFBE147BBFCDAC7BBF283B7CBF1E
:10875000C9BF7CBFAC3A7DBFCCAB7DBF23137EBF0E
:10876000B0707EBF6DC47EBF580E7FBF6D4E7FBFA1
:10877000AB847FBF0FB17FBF97D37FBF43EC7FBF79
:1087800011FB7FBF000080BF11FB7FBF43EC7FBFA9
:1087900097D37FBF0FB17FBFAB847FBF6D4E7FBFCD
:1087A000580E7FBF6DC47EBFB0707EBF23137EBFE7
:1087B000CCAB7DBFAC3A7DBFC9BF7CBF283B7CBF83
:1087C000CDAC7BBFBE147BBF02737ABF9DC779BFA0
:1087D000981279BFF85378BFC58B77BF07BA76BFB9
:1087E000C6DE75BF0BFA74BFDD0B74BF471473BFD1
:1087F000521372BF080971BF73F56FBF9ED86EBF69
:1088000093B26DBF5E836CBF0C4B6BBFA7096ABF91
:108810003CBF68BFD86B67BF880F66BF59AA64BFEB
:108820005A3C63BF97C561BF214660BF05BE5EBFAE
:10883000532D5DBF1A945BBF6AF259BF534858BFAE
:10884000E59556BF31DB54BF491853BF3D4D51BF6D
:10885000207A4FBF029F4DBFF8BB4BBF12D149BF1B
:1088600065DE47BF03E445BF01E243BF70D841BFA7
:1088700067C73FBFF9AE3DBF3B8F3BBF426839BFC3
:10888000233A37BFF30435BFC9C832BFBB8530BFF9
:10889000DE3B2EBF4AEB2BBF159429BF563627BFB0
:1088A00025D224BF996722BFCBF61FBFD17F1DBF42
:1088B000C6021BBFC07F18BFD9F615BF2A6813BFF9
:1088C000CDD310BFDA390EBF6B9A0BBF9BF508BF33
:1088D000824B06BF3D9C03BFE4E700BF275DFCBEA3
:1088E000CBE0F6BEEA5AF1BEBBCBEBBE7533E6BEBB
:1088F0004F92E0BE80E8DABE4136D5BECA7BCFBE1D
:1089000053B9C9BE15EFC3BE491DBEBE2A44B8BE89
:10891000EF63B2BED47CACBE128FA6BEE59AA0BEF9
:1089200086A09ABE32A094BE229A8EBE938E88BE36
:10893000C07D82BECCCF78BE7F9A6CBE135C60BE19
:10894000011554BEC2C547BECF6E3BBEA2102FBE9E
:10895000B5AB22BE834016BE87CF09BE73B2FABD47
:108960002FBCE1BD36BDC8BD80B6AFBD04A996BD64
:10897000752B7BBD2EFB48BD2BC316BDB10AC9BCF0
:10898000920E49BC000000804FBB610567ACDD3F23
:10899000182D4454FB21E93F9BF681D20B73EF3F26
:1089A000182D4454FB21F93FE2652F227F2B7A3C9E
:1089B000075C143326A6813CBDCBF07A8807703C57
:1089C000075C143326A6913CC4EB98999999C9BFCA
:1089D000711623FEC671BCBF6D9A74AFF2B0B3BFFF
:1089E0009AFDDE522DDEADBF2F6C6A2C44B4A2BFBF
:1089F0000D5555555555D53FFF8300922449C23F2B
:108A00006E204CC5CD45B73F513DD0A0660DB13F5E
:108A1000EB0D76244B7BA93F11DA22E33AAD903F70
:108A20004C5555555555A53F7751C1166CC156BF8C
:108A30009015CB19A001FA3EAD529C804F7E92BE9C
:108A4000C4B1B4BD9EEE213ED43888BEE9FAA8BDBB
:108A5000000000000000000000004054FB21F93F2E
:108A60003163621A61B4D03D0000601A61B4D03D38
:108A70007370032E8A19A33B0000002E8A19A33BB2
:108A8000C14920259A837B390000000000000000C6
:108A90006E83F9A22915444ED15727FCC0DD34F569
:108AA000999562DB4190433CAB6351FE61C5BBDEEF
:108AB0003A6E24B7E0D24D42EA2E49061C92D10903
:108AC0001CEB1DFE3EA729B1F53582E88444BB2E80
:108AD00026709CE9417E5FB439D69139F4395383CD
:108AE0008B5F849C3B28F9BDFF97F81F0F9805DE2C
:108AF0008B112FEF1F6D0A5ACF7E366DB709CB272A
:108B0000663F464F2DEA5F9EC7BA27757BF1E5EBBE
:108B1000F739073DEA92528AB15FFB6B085D8D1F02
:108B2000000000006E83F9A22915444ED15727FC9E
:108B3000C0DD34F5999562DB4190433CAB6351FE57
:108B4000A6F810111111813FD561C119A0012ABFEA
:108B50007DFEB157E31DC73EEB9C2B8AE6E55ABE6E
:108B60007CD5CF5A3AD9E53DDDDDDDDDDCBBBBDDB3
:108B7000DDDDDDDDDDDDDDDD9888888888888888BD
:108B800077777777778888888555555666666666DD
:108B900066666666666888888333333222222222BC
:108BA000222222222228888D737461727454617388
:108BB0006B00000074696D65725F7461736B000017
:108BC000636F6E736F6C655F7461736B00000000A0
:108BD000696D755F7461736B000000006465746596
:108BE00063745F7461736B00636F6D6D5F74617349
:108BF0006B00000063616C6962726174655F74612F
:108C0000736B000067696D62616C5F7461736B0008
:108C100073686F6F745F7461736B00006368617376
:108C20007369735F7461736B0000000073616D7032
:108C30006C65733A20252E32662C20252E32662C48
:108C400020252E32662C20252E32662C252E3266CB
:108C50002C20252E32662C20252E32662C20252E07
:108C600032662C20252E32662C20252E32662C20B2
:108C7000252E32662C20252E640D0A006461746155
:108C80005F73656E645461736B000000766F66619C
:108C90005F73656E675461736B000000BC8C0108E4
:108CA00000000020C0040000EC0E0008008E010847
:108CB000C004002088DD00006C22010801180213A6
:108CC000016A1018037124F41AAA010128B264225F
:108CD000E02A20045AE804012EBA644C41100DE742
:108CE000416B3A58A08B3A7D04017C160240AB03DD
:108CF000411009055308065804070F160810820989
:108D000011160A15800B16650C18010D5B80BF0843
:108D100002123F6914091E24E918091E10013A1EA7
:108D2000A95B01086904091214024703D2010B422E
:108D3000FA439C09321441021102120F1212121945
:108D40000792D80E9411581B13A1E91B08E9041AC5
:108D5000F9041325EA1B0865041A6D0C1AB10413F3
:108D60001201140202021640830440572602010237
:108D700003010722040309041A0313C1281B08BBBB
:108D8000041A77041AE5041369294208130A063203
:108D9000021A404B111355E4140851E24C089FE6A7
:108DA0001C1325E3140849E11B080714C11AC9184C
:108DB0001A85041A11301A75081C0902438F1125EF
:108DC000C03209041B01020B1305241610010524EF
:108DD0000110090104240202052406170107058277
:108DE00003081C100904C5320A2E070501024007BA
:108DF0002A8107A48101822DCDCC1C4104410000B1
:040000050800018965
:00000001FF
